t_unix,t_mono,device,serial,valid,tracking_result,x,y,z,qw,qx,qy,qz,vx,vy,vz,trigger
1784730799.303717,628919.953000,controller,LHR-65847686,1,200,-0.584297,1.218115,-3.004778,0.956587,0.154891,-0.212646,-0.125427,-0.0004,0.0003,-0.0002,0
1784730799.337716,628919.984000,controller,LHR-65847686,1,200,-0.584162,1.218166,-3.004714,0.956595,0.154945,-0.212605,-0.125369,0.0016,0.0011,0.0006,0
1784730799.360716,628920.000000,controller,LHR-65847686,1,200,-0.584221,1.218137,-3.004734,0.956605,0.154941,-0.212551,-0.125387,0.0006,0.0007,0.0001,0
1784730799.395215,628920.046000,controller,LHR-65847686,1,200,-0.584312,1.218109,-3.004745,0.956605,0.154903,-0.212562,-0.125416,-0.0009,0.0006,0.0001,0
1784730799.405716,628920.046000,controller,LHR-65847686,1,200,-0.584333,1.218117,-3.004745,0.956613,0.154935,-0.212520,-0.125384,-0.0009,0.0009,0.0005,0
1784730799.448215,628920.093000,controller,LHR-65847686,1,200,-0.584196,1.218266,-3.004637,0.956594,0.154933,-0.212602,-0.125394,0.0013,0.0028,0.0014,0
1784730799.448715,628920.093000,controller,LHR-65847686,1,200,-0.584196,1.218266,-3.004637,0.956594,0.154933,-0.212602,-0.125394,0.0013,0.0028,0.0014,0
1784730799.460716,628920.109000,controller,LHR-65847686,1,200,-0.584238,1.218209,-3.004683,0.956585,0.154926,-0.212602,-0.125473,0.0008,0.0016,0.0007,0
1784730799.490215,628920.140000,controller,LHR-65847686,1,200,-0.584237,1.218155,-3.004765,0.956612,0.154894,-0.212535,-0.125417,-0.0000,0.0007,-0.0008,0
1784730799.497215,628920.140000,controller,LHR-65847686,1,200,-0.584238,1.218160,-3.004770,0.956615,0.154887,-0.212533,-0.125409,-0.0000,0.0007,-0.0008,0
1784730799.510716,628920.156000,controller,LHR-65847686,1,200,-0.584285,1.218091,-3.004815,0.956599,0.154889,-0.212545,-0.125505,-0.0010,-0.0006,-0.0014,0
1784730799.515217,628920.156000,controller,LHR-65847686,1,200,-0.584289,1.218088,-3.004820,0.956597,0.154897,-0.212550,-0.125502,-0.0009,-0.0007,-0.0012,0
1784730799.530215,628920.171000,controller,LHR-65847686,1,200,-0.584210,1.218133,-3.004793,0.956581,0.154892,-0.212623,-0.125511,0.0004,-0.0003,-0.0007,0
1784730799.539714,628920.187000,controller,LHR-65847686,1,200,-0.584206,1.218135,-3.004795,0.956582,0.154893,-0.212626,-0.125500,0.0005,0.0002,-0.0002,0
1784730799.543217,628920.187000,controller,LHR-65847686,1,200,-0.584205,1.218136,-3.004796,0.956583,0.154896,-0.212618,-0.125499,0.0005,0.0003,-0.0002,0
1784730799.557217,628920.203000,controller,LHR-65847686,1,200,-0.584212,1.218102,-3.004696,0.956570,0.154956,-0.212630,-0.125499,0.0003,-0.0006,0.0012,0
1784730799.571216,628920.218000,controller,LHR-65847686,1,200,-0.584178,1.218160,-3.004726,0.956584,0.154931,-0.212631,-0.125426,0.0006,-0.0003,0.0006,0
1784730799.574217,628920.218000,controller,LHR-65847686,1,200,-0.584176,1.218160,-3.004724,0.956583,0.154935,-0.212633,-0.125422,0.0006,-0.0002,0.0006,0
1784730799.592217,628920.234000,controller,LHR-65847686,1,200,-0.584207,1.218131,-3.004741,0.956583,0.154921,-0.212645,-0.125420,-0.0001,-0.0009,0.0005,0
1784730799.598717,628920.250000,controller,LHR-65847686,1,200,-0.584209,1.218126,-3.004737,0.956582,0.154928,-0.212641,-0.125426,-0.0002,-0.0006,0.0007,0
1784730799.600218,628920.250000,controller,LHR-65847686,1,200,-0.584210,1.218125,-3.004736,0.956582,0.154930,-0.212641,-0.125427,-0.0002,-0.0006,0.0007,0
1784730799.610716,628920.250000,controller,LHR-65847686,1,200,-0.584265,1.218174,-3.004731,0.956573,0.154931,-0.212659,-0.125461,-0.0011,-0.0003,0.0006,0
1784730799.633717,628920.281000,controller,LHR-65847686,1,200,-0.584255,1.218103,-3.004753,0.956585,0.154905,-0.212630,-0.125451,-0.0009,-0.0017,-0.0002,0
1784730799.633717,628920.281000,controller,LHR-65847686,1,200,-0.584255,1.218102,-3.004753,0.956585,0.154904,-0.212630,-0.125451,-0.0009,-0.0017,-0.0002,0
1784730799.644215,628920.296000,controller,LHR-65847686,1,200,-0.584262,1.218087,-3.004752,0.956586,0.154908,-0.212626,-0.125445,-0.0008,-0.0016,-0.0000,0
1784730799.649714,628920.296000,controller,LHR-65847686,1,200,-0.584214,1.218045,-3.004769,0.956576,0.154945,-0.212630,-0.125469,0.0001,-0.0023,-0.0002,0
1784730799.665217,628920.312000,controller,LHR-65847686,1,200,-0.584216,1.218014,-3.004773,0.956576,0.154957,-0.212617,-0.125481,-0.0002,-0.0018,-0.0002,0
1784730799.674716,628920.328000,controller,LHR-65847686,1,200,-0.584250,1.218135,-3.004787,0.956580,0.154933,-0.212603,-0.125499,-0.0002,-0.0008,-0.0003,0
1784730799.678217,628920.328000,controller,LHR-65847686,1,200,-0.584250,1.218132,-3.004788,0.956581,0.154931,-0.212603,-0.125498,-0.0002,-0.0009,-0.0003,0
1784730799.691716,628920.343000,controller,LHR-65847686,1,200,-0.584211,1.218167,-3.004729,0.956580,0.154924,-0.212613,-0.125496,-0.0001,-0.0004,0.0006,0
1784730799.700215,628920.343000,controller,LHR-65847686,1,200,-0.584214,1.218162,-3.004725,0.956578,0.154927,-0.212613,-0.125503,-0.0002,-0.0006,0.0004,0
1784730799.718714,628920.359000,controller,LHR-65847686,1,200,-0.584211,1.218087,-3.004694,0.956606,0.154881,-0.212569,-0.125421,-0.0002,-0.0010,0.0007,0
1784730799.731216,628920.375000,controller,LHR-65847686,1,200,-0.584201,1.218189,-3.004706,0.956603,0.154919,-0.212574,-0.125395,-0.0000,0.0007,0.0005,0
1784730799.738214,628920.390000,controller,LHR-65847686,1,200,-0.584203,1.218194,-3.004705,0.956606,0.154918,-0.212564,-0.125388,-0.0003,0.0006,0.0003,0
1784730799.739714,628920.390000,controller,LHR-65847686,1,200,-0.584203,1.218194,-3.004704,0.956606,0.154918,-0.212563,-0.125387,-0.0003,0.0006,0.0003,0
1784730799.751215,628920.390000,controller,LHR-65847686,1,200,-0.584160,1.218171,-3.004705,0.956606,0.154922,-0.212584,-0.125348,0.0003,0.0003,0.0002,0
1784730799.772713,628920.421000,controller,LHR-65847686,1,200,-0.584207,1.218177,-3.004735,0.956614,0.154902,-0.212607,-0.125269,-0.0000,0.0001,-0.0004,0
1784730799.773214,628920.421000,controller,LHR-65847686,1,200,-0.584207,1.218178,-3.004735,0.956614,0.154902,-0.212608,-0.125269,-0.0000,0.0001,-0.0004,0
1784730799.783715,628920.437000,controller,LHR-65847686,1,200,-0.584207,1.218179,-3.004743,0.956612,0.154912,-0.212608,-0.125271,0.0001,0.0001,-0.0007,0
1784730799.788215,628920.437000,controller,LHR-65847686,1,200,-0.584217,1.218186,-3.004769,0.956612,0.154899,-0.212586,-0.125329,-0.0003,-0.0002,-0.0015,0
1784730799.802716,628920.453000,controller,LHR-65847686,1,200,-0.584218,1.218188,-3.004784,0.956609,0.154909,-0.212588,-0.125335,-0.0002,-0.0000,-0.0012,0
1784730799.811214,628920.453000,controller,LHR-65847686,1,200,-0.584212,1.218147,-3.004775,0.956611,0.154892,-0.212587,-0.125341,0.0002,-0.0005,-0.0008,0
1784730799.829715,628920.468000,controller,LHR-65847686,1,200,-0.584198,1.218138,-3.004766,0.956593,0.154900,-0.212638,-0.125385,0.0002,-0.0007,-0.0008,0
1784730799.843215,628920.484000,controller,LHR-65847686,1,200,-0.584195,1.218137,-3.004774,0.956591,0.154903,-0.212645,-0.125381,0.0002,-0.0001,-0.0005,0
1784730799.850716,628920.500000,controller,LHR-65847686,1,200,-0.584240,1.218083,-3.004796,0.956581,0.154893,-0.212681,-0.125407,-0.0002,-0.0009,-0.0008,0
1784730799.852215,628920.500000,controller,LHR-65847686,1,200,-0.584240,1.218082,-3.004797,0.956581,0.154893,-0.212683,-0.125404,-0.0002,-0.0009,-0.0008,0
1784730799.863716,628920.515000,controller,LHR-65847686,1,200,-0.584247,1.218069,-3.004812,0.956582,0.154896,-0.212676,-0.125409,-0.0006,-0.0010,-0.0013,0
1784730799.870215,628920.515000,controller,LHR-65847686,1,200,-0.584235,1.218076,-3.004760,0.956579,0.154872,-0.212706,-0.125407,-0.0002,-0.0006,-0.0004,0
1784730799.886716,628920.531000,controller,LHR-65847686,1,200,-0.584245,1.218111,-3.004786,0.956585,0.154900,-0.212681,-0.125373,-0.0002,0.0002,-0.0007,0
1784730799.897214,628920.546000,controller,LHR-65847686,1,200,-0.584215,1.218178,-3.004725,0.956589,0.154923,-0.212669,-0.125333,0.0001,0.0011,0.0002,0
1784730799.902717,628920.546000,controller,LHR-65847686,1,200,-0.584213,1.218183,-3.004724,0.956588,0.154922,-0.212673,-0.125337,0.0003,0.0009,0.0002,0
1784730799.918214,628920.562000,controller,LHR-65847686,1,200,-0.584191,1.218224,-3.004700,0.956587,0.154920,-0.212681,-0.125328,0.0003,0.0016,0.0003,0
1784730799.927715,628920.578000,controller,LHR-65847686,1,200,-0.584203,1.218223,-3.004697,0.956589,0.154940,-0.212665,-0.125318,-0.0002,0.0015,0.0003,0
1784730799.931216,628920.578000,controller,LHR-65847686,1,200,-0.584184,1.218207,-3.004735,0.956586,0.154926,-0.212684,-0.125327,0.0003,0.0011,-0.0002,0
1784730799.944715,628920.593000,controller,LHR-65847686,1,200,-0.584170,1.218159,-3.004704,0.956584,0.154939,-0.212684,-0.125329,-0.0002,0.0005,0.0003,0
1784730799.953215,628920.593000,controller,LHR-65847686,1,200,-0.584177,1.218167,-3.004738,0.956595,0.154917,-0.212650,-0.125329,-0.0001,0.0002,-0.0004,0
1784730799.971715,628920.625000,controller,LHR-65847686,1,200,-0.584208,1.218138,-3.004799,0.956588,0.154947,-0.212659,-0.125330,-0.0006,-0.0005,-0.0013,0
1784730799.971715,628920.625000,controller,LHR-65847686,1,200,-0.584208,1.218138,-3.004799,0.956588,0.154946,-0.212659,-0.125329,-0.0006,-0.0005,-0.0013,0
1784730799.982215,628920.625000,controller,LHR-65847686,1,200,-0.584215,1.218139,-3.004809,0.956587,0.154961,-0.212657,-0.125323,-0.0005,-0.0001,-0.0011,0
1784730800.003216,628920.656000,controller,LHR-65847686,1,200,-0.584242,1.218052,-3.004721,0.956595,0.154967,-0.212646,-0.125270,-0.0010,-0.0022,0.0001,0
1784730800.003216,628920.656000,controller,LHR-65847686,1,200,-0.584242,1.218052,-3.004721,0.956595,0.154967,-0.212646,-0.125270,-0.0010,-0.0022,0.0001,0
1784730800.013716,628920.656000,controller,LHR-65847686,1,200,-0.584244,1.218065,-3.004701,0.956598,0.154995,-0.212633,-0.125238,-0.0012,-0.0019,0.0002,0
1784730800.034220,628920.687000,controller,LHR-65847686,1,200,-0.584295,1.218009,-3.004760,0.956601,0.154966,-0.212645,-0.125231,-0.0014,-0.0025,-0.0008,0
1784730800.036217,628920.687000,controller,LHR-65847686,1,200,-0.584298,1.218004,-3.004762,0.956601,0.154964,-0.212646,-0.125232,-0.0014,-0.0025,-0.0008,0
1784730800.046716,628920.687000,controller,LHR-65847686,1,200,-0.584313,1.218056,-3.004801,0.956599,0.154959,-0.212646,-0.125255,-0.0017,-0.0018,-0.0012,0
1784730800.068218,628920.718000,controller,LHR-65847686,1,200,-0.584243,1.218020,-3.004782,0.956588,0.154929,-0.212652,-0.125365,-0.0010,-0.0029,-0.0006,0
1784730800.069744,628920.718000,controller,LHR-65847686,1,200,-0.584244,1.218014,-3.004782,0.956588,0.154919,-0.212660,-0.125358,-0.0010,-0.0033,-0.0006,0
1784730800.080215,628920.718000,controller,LHR-65847686,1,200,-0.584260,1.217978,-3.004787,0.956592,0.154908,-0.212660,-0.125343,-0.0015,-0.0036,-0.0005,0
1784730800.085716,628920.734000,controller,LHR-65847686,1,200,-0.584311,1.218011,-3.004713,0.956588,0.154934,-0.212672,-0.125324,-0.0022,-0.0028,0.0007,0
1784730800.104216,628920.750000,controller,LHR-65847686,1,200,-0.584343,1.218068,-3.004728,0.956575,0.154925,-0.212709,-0.125369,-0.0023,-0.0017,0.0002,0
1784730800.115216,628920.765000,controller,LHR-65847686,1,200,-0.584346,1.218019,-3.004791,0.956586,0.154898,-0.212668,-0.125391,-0.0022,-0.0022,-0.0010,0
1784730800.119216,628920.765000,controller,LHR-65847686,1,200,-0.584350,1.218012,-3.004791,0.956582,0.154905,-0.212679,-0.125392,-0.0016,-0.0021,-0.0007,0
1784730800.132716,628920.781000,controller,LHR-65847686,1,200,-0.584355,1.217964,-3.004766,0.956566,0.154920,-0.212701,-0.125456,-0.0018,-0.0021,-0.0002,0
1784730800.140214,628920.781000,controller,LHR-65847686,1,200,-0.584365,1.217953,-3.004762,0.956564,0.154926,-0.212714,-0.125440,-0.0015,-0.0017,0.0003,0
1784730800.158216,628920.796000,controller,LHR-65847686,1,200,-0.584391,1.217924,-3.004820,0.956586,0.154916,-0.212637,-0.125421,-0.0013,-0.0026,-0.0007,0
1784730800.158716,628920.812000,controller,LHR-65847686,1,200,-0.584392,1.217922,-3.004820,0.956586,0.154915,-0.212637,-0.125422,-0.0013,-0.0026,-0.0007,0
1784730800.169216,628920.812000,controller,LHR-65847686,1,200,-0.584400,1.217992,-3.004839,0.956569,0.154939,-0.212669,-0.125468,-0.0019,-0.0020,-0.0012,0
1784730800.190215,628920.843000,controller,LHR-65847686,1,200,-0.584387,1.218055,-3.004812,0.956543,0.154961,-0.212707,-0.125572,-0.0017,-0.0013,-0.0005,0
1784730800.190215,628920.843000,controller,LHR-65847686,1,200,-0.584387,1.218055,-3.004812,0.956543,0.154961,-0.212707,-0.125572,-0.0017,-0.0013,-0.0005,0
1784730800.201216,628920.843000,controller,LHR-65847686,1,200,-0.584412,1.218042,-3.004818,0.956545,0.154958,-0.212704,-0.125561,-0.0024,-0.0011,-0.0006,0
1784730800.221716,628920.875000,controller,LHR-65847686,1,200,-0.584451,1.217942,-3.004832,0.956558,0.154925,-0.212693,-0.125530,-0.0024,-0.0019,-0.0008,0
1784730800.221716,628920.875000,controller,LHR-65847686,1,200,-0.584452,1.217942,-3.004832,0.956558,0.154925,-0.212693,-0.125530,-0.0024,-0.0019,-0.0008,0
1784730800.232217,628920.875000,controller,LHR-65847686,1,200,-0.584165,1.218181,-3.004690,0.956569,0.154922,-0.212665,-0.125496,-0.0012,-0.0008,-0.0007,0
1784730800.252715,628920.906000,controller,LHR-65847686,1,200,-0.584178,1.218173,-3.004680,0.956571,0.154934,-0.212675,-0.125443,-0.0001,-0.0005,-0.0003,0
1784730800.252715,628920.906000,controller,LHR-65847686,1,200,-0.584178,1.218173,-3.004680,0.956571,0.154934,-0.212675,-0.125443,-0.0001,-0.0005,-0.0003,0
1784730800.263215,628920.906000,controller,LHR-65847686,1,200,-0.584184,1.218171,-3.004685,0.956572,0.154938,-0.212662,-0.125458,-0.0005,-0.0001,-0.0006,0
1784730800.283714,628920.937000,controller,LHR-65847686,1,200,-0.584201,1.218178,-3.004757,0.956578,0.154873,-0.212669,-0.125474,0.0000,0.0002,-0.0015,0
1784730800.283714,628920.937000,controller,LHR-65847686,1,200,-0.584201,1.218178,-3.004757,0.956578,0.154873,-0.212670,-0.125475,0.0000,0.0002,-0.0015,0
1784730800.294214,628920.937000,controller,LHR-65847686,1,200,-0.584234,1.218089,-3.004789,0.956561,0.154898,-0.212683,-0.125557,-0.0007,-0.0009,-0.0016,0
1784730800.314714,628920.968000,controller,LHR-65847686,1,200,-0.584202,1.218149,-3.004727,0.956542,0.154933,-0.212688,-0.125645,0.0002,0.0002,-0.0003,0
1784730800.314714,628920.968000,controller,LHR-65847686,1,200,-0.584202,1.218149,-3.004727,0.956542,0.154933,-0.212688,-0.125646,0.0002,0.0002,-0.0003,0
1784730800.325715,628920.968000,controller,LHR-65847686,1,200,-0.584199,1.218115,-3.004733,0.956542,0.154937,-0.212695,-0.125628,-0.0001,-0.0003,-0.0006,0
1784730800.346216,628921.000000,controller,LHR-65847686,1,200,-0.584139,1.218171,-3.004744,0.956564,0.154876,-0.212682,-0.125559,0.0010,0.0003,-0.0009,0
1784730800.346216,628921.000000,controller,LHR-65847686,1,200,-0.584139,1.218171,-3.004744,0.956564,0.154876,-0.212682,-0.125559,0.0010,0.0003,-0.0009,0
1784730800.357718,628921.000000,controller,LHR-65847686,1,200,-0.584126,1.218159,-3.004753,0.956574,0.154866,-0.212674,-0.125507,0.0010,0.0000,-0.0010,0
1784730800.378217,628921.031000,controller,LHR-65847686,1,200,-0.584126,1.218233,-3.004711,0.956568,0.154909,-0.212678,-0.125493,0.0007,0.0010,-0.0005,0
1784730800.378217,628921.031000,controller,LHR-65847686,1,200,-0.584126,1.218233,-3.004711,0.956568,0.154909,-0.212678,-0.125493,0.0007,0.0010,-0.0005,0
1784730800.388716,628921.031000,controller,LHR-65847686,1,200,-0.584201,1.218137,-3.004691,0.956576,0.154905,-0.212647,-0.125495,-0.0000,0.0003,0.0001,0
1784730800.409215,628921.062000,controller,LHR-65847686,1,200,-0.584201,1.218116,-3.004668,0.956568,0.154920,-0.212646,-0.125536,0.0000,0.0002,0.0004,0
1784730800.409215,628921.062000,controller,LHR-65847686,1,200,-0.584194,1.218117,-3.004665,0.956560,0.154924,-0.212651,-0.125581,0.0001,0.0002,0.0005,0
1784730800.419715,628921.062000,controller,LHR-65847686,1,200,-0.584199,1.218128,-3.004671,0.956560,0.154913,-0.212663,-0.125573,0.0002,0.0003,0.0003,0
1784730800.440215,628921.093000,controller,LHR-65847686,1,200,-0.584139,1.218193,-3.004725,0.956574,0.154878,-0.212671,-0.125498,0.0008,0.0005,-0.0009,0
1784730800.440215,628921.093000,controller,LHR-65847686,1,200,-0.584139,1.218194,-3.004725,0.956574,0.154878,-0.212671,-0.125498,0.0008,0.0005,-0.0009,0
1784730800.450715,628921.093000,controller,LHR-65847686,1,200,-0.584159,1.218217,-3.004779,0.956560,0.154876,-0.212710,-0.125545,0.0004,0.0008,-0.0016,0
1784730800.471214,628921.125000,controller,LHR-65847686,1,200,-0.584135,1.218204,-3.004743,0.956549,0.154859,-0.212746,-0.125585,0.0004,-0.0003,-0.0010,0
1784730800.471214,628921.125000,controller,LHR-65847686,1,200,-0.584135,1.218204,-3.004743,0.956549,0.154859,-0.212745,-0.125585,0.0004,-0.0003,-0.0010,0
1784730800.481715,628921.125000,controller,LHR-65847686,1,200,-0.584127,1.218204,-3.004752,0.956546,0.154877,-0.212750,-0.125577,0.0007,-0.0001,-0.0008,0
1784730800.503216,628921.156000,controller,LHR-65847686,1,200,-0.584129,1.218153,-3.004761,0.956549,0.154882,-0.212717,-0.125609,0.0005,-0.0008,-0.0010,0
1784730800.503216,628921.156000,controller,LHR-65847686,1,200,-0.584129,1.218153,-3.004762,0.956549,0.154882,-0.212717,-0.125609,0.0005,-0.0008,-0.0010,0
1784730800.513714,628921.156000,controller,LHR-65847686,1,200,-0.584127,1.218092,-3.004735,0.956547,0.154945,-0.212698,-0.125576,0.0004,-0.0010,-0.0005,0
1784730800.535718,628921.187000,controller,LHR-65847686,1,200,-0.584104,1.218089,-3.004755,0.956554,0.154908,-0.212705,-0.125556,0.0004,-0.0013,-0.0013,0
1784730800.536218,628921.187000,controller,LHR-65847686,1,200,-0.584104,1.218089,-3.004755,0.956554,0.154908,-0.212705,-0.125556,0.0004,-0.0013,-0.0013,0
1784730800.546716,628921.187000,controller,LHR-65847686,1,200,-0.584122,1.218145,-3.004740,0.956552,0.154936,-0.212698,-0.125547,0.0002,-0.0002,-0.0007,0
1784730800.567217,628921.218000,controller,LHR-65847686,1,200,-0.584128,1.218211,-3.004734,0.956556,0.154947,-0.212694,-0.125514,-0.0003,0.0001,-0.0009,0
1784730800.567217,628921.218000,controller,LHR-65847686,1,200,-0.584128,1.218211,-3.004734,0.956556,0.154947,-0.212694,-0.125514,-0.0003,0.0001,-0.0009,0
1784730800.577716,628921.218000,controller,LHR-65847686,1,200,-0.584132,1.218213,-3.004745,0.956556,0.154943,-0.212698,-0.125508,-0.0005,0.0002,-0.0011,0
1784730800.598218,628921.250000,controller,LHR-65847686,1,200,-0.584179,1.218190,-3.004719,0.956545,0.154933,-0.212746,-0.125523,-0.0010,-0.0005,-0.0002,0
1784730800.598218,628921.250000,controller,LHR-65847686,1,200,-0.584179,1.218190,-3.004719,0.956545,0.154934,-0.212746,-0.125522,-0.0010,-0.0005,-0.0002,0
1784730800.608718,628921.250000,controller,LHR-65847686,1,200,-0.584201,1.218272,-3.004742,0.956543,0.154953,-0.212724,-0.125554,-0.0012,0.0011,-0.0004,0
1784730800.629214,628921.281000,controller,LHR-65847686,1,200,-0.584140,1.218238,-3.004663,0.956541,0.154974,-0.212752,-0.125496,-0.0003,-0.0001,0.0012,0
1784730800.629214,628921.281000,controller,LHR-65847686,1,200,-0.584140,1.218238,-3.004663,0.956541,0.154974,-0.212752,-0.125497,-0.0003,-0.0001,0.0012,0
1784730800.639714,628921.281000,controller,LHR-65847686,1,200,-0.584145,1.218243,-3.004651,0.956542,0.154990,-0.212737,-0.125490,-0.0005,0.0006,0.0013,0
1784730800.660217,628921.312000,controller,LHR-65847686,1,200,-0.584114,1.218265,-3.004639,0.956533,0.155006,-0.212747,-0.125529,0.0003,0.0000,0.0015,0
1784730800.660217,628921.312000,controller,LHR-65847686,1,200,-0.584114,1.218265,-3.004638,0.956533,0.155006,-0.212747,-0.125529,0.0003,0.0000,0.0015,0
1784730800.670716,628921.312000,controller,LHR-65847686,1,200,-0.584127,1.218225,-3.004599,0.956532,0.155001,-0.212770,-0.125501,0.0001,-0.0008,0.0019,0
1784730800.691718,628921.343000,controller,LHR-65847686,1,200,-0.584066,1.218186,-3.004632,0.956554,0.154961,-0.212720,-0.125465,0.0006,-0.0008,0.0011,0
1784730800.691718,628921.343000,controller,LHR-65847686,1,200,-0.584066,1.218186,-3.004631,0.956554,0.154961,-0.212720,-0.125465,0.0006,-0.0008,0.0011,0
1784730800.702715,628921.343000,controller,LHR-65847686,1,200,-0.584058,1.218179,-3.004616,0.956553,0.154970,-0.212724,-0.125456,0.0009,-0.0007,0.0016,0
1784730800.723216,628921.375000,controller,LHR-65847686,1,200,-0.584058,1.218234,-3.004615,0.956570,0.154900,-0.212722,-0.125418,0.0005,-0.0007,0.0011,0
1784730800.723216,628921.375000,controller,LHR-65847686,1,200,-0.584058,1.218234,-3.004615,0.956570,0.154900,-0.212723,-0.125418,0.0005,-0.0007,0.0011,0
1784730800.734216,628921.375000,controller,LHR-65847686,1,200,-0.584097,1.218215,-3.004623,0.956579,0.154907,-0.212701,-0.125374,-0.0004,-0.0009,0.0009,0
1784730800.754716,628921.406000,controller,LHR-65847686,1,200,-0.584103,1.218165,-3.004626,0.956610,0.154814,-0.212672,-0.125300,-0.0003,-0.0015,0.0008,0
1784730800.754716,628921.406000,controller,LHR-65847686,1,200,-0.584103,1.218165,-3.004626,0.956610,0.154814,-0.212672,-0.125300,-0.0003,-0.0015,0.0008,0
1784730800.765216,628921.406000,controller,LHR-65847686,1,200,-0.584099,1.218214,-3.004650,0.956592,0.154829,-0.212703,-0.125367,-0.0000,-0.0013,-0.0001,0
1784730800.785715,628921.437000,controller,LHR-65847686,1,200,-0.584112,1.218177,-3.004652,0.956598,0.154828,-0.212701,-0.125327,-0.0006,-0.0018,-0.0002,0
1784730800.785715,628921.437000,controller,LHR-65847686,1,200,-0.584112,1.218177,-3.004652,0.956598,0.154828,-0.212701,-0.125327,-0.0006,-0.0018,-0.0002,0
1784730800.796214,628921.437000,controller,LHR-65847686,1,200,-0.584189,1.218117,-3.004689,0.956606,0.154831,-0.212696,-0.125273,-0.0015,-0.0023,-0.0006,0
1784730800.816715,628921.468000,controller,LHR-65847686,1,200,-0.584117,1.218181,-3.004718,0.956619,0.154776,-0.212697,-0.125236,-0.0007,-0.0012,-0.0007,0
1784730800.816715,628921.468000,controller,LHR-65847686,1,200,-0.584117,1.218181,-3.004718,0.956619,0.154776,-0.212697,-0.125236,-0.0007,-0.0012,-0.0007,0
1784730800.827214,628921.468000,controller,LHR-65847686,1,200,-0.584132,1.218174,-3.004689,0.956587,0.154839,-0.212752,-0.125311,-0.0010,-0.0015,-0.0005,0
1784730800.847716,628921.500000,controller,LHR-65847686,1,200,-0.584221,1.218124,-3.004775,0.956588,0.154830,-0.212743,-0.125331,-0.0017,-0.0017,-0.0013,0
1784730800.847716,628921.500000,controller,LHR-65847686,1,200,-0.584221,1.218124,-3.004775,0.956588,0.154830,-0.212743,-0.125330,-0.0017,-0.0017,-0.0013,0
1784730800.858216,628921.500000,controller,LHR-65847686,1,200,-0.584188,1.218127,-3.004765,0.956574,0.154833,-0.212753,-0.125414,-0.0014,-0.0022,-0.0014,0
1784730800.878715,628921.531000,controller,LHR-65847686,1,200,-0.584250,1.218066,-3.004756,0.956573,0.154821,-0.212748,-0.125448,-0.0018,-0.0027,-0.0009,0
1784730800.878715,628921.531000,controller,LHR-65847686,1,200,-0.584250,1.218065,-3.004757,0.956573,0.154821,-0.212748,-0.125448,-0.0018,-0.0027,-0.0009,0
1784730800.889215,628921.531000,controller,LHR-65847686,1,200,-0.584273,1.218042,-3.004767,0.956574,0.154828,-0.212739,-0.125443,-0.0021,-0.0024,-0.0010,0
1784730800.909715,628921.562000,controller,LHR-65847686,1,200,-0.584089,1.218179,-3.004673,0.956595,0.154830,-0.212686,-0.125371,0.0003,-0.0009,-0.0002,0
1784730800.909715,628921.562000,controller,LHR-65847686,1,200,-0.584089,1.218179,-3.004673,0.956595,0.154830,-0.212686,-0.125371,0.0003,-0.0009,-0.0002,0
1784730800.920217,628921.562000,controller,LHR-65847686,1,200,-0.584084,1.218166,-3.004676,0.956598,0.154821,-0.212693,-0.125349,0.0005,-0.0012,-0.0002,0
1784730800.940714,628921.593000,controller,LHR-65847686,1,200,-0.584068,1.218277,-3.004689,0.956595,0.154859,-0.212696,-0.125321,0.0007,0.0001,-0.0007,0
1784730800.940714,628921.593000,controller,LHR-65847686,1,200,-0.584068,1.218277,-3.004689,0.956595,0.154859,-0.212696,-0.125321,0.0007,0.0001,-0.0007,0
1784730800.951216,628921.593000,controller,LHR-65847686,1,200,-0.584054,1.218294,-3.004694,0.956593,0.154861,-0.212701,-0.125322,0.0008,0.0003,-0.0008,0
1784730800.972216,628921.625000,controller,LHR-65847686,1,200,-0.584055,1.218331,-3.004650,0.956580,0.154931,-0.212702,-0.125338,0.0005,0.0007,-0.0000,0
1784730800.972216,628921.625000,controller,LHR-65847686,1,200,-0.584055,1.218331,-3.004650,0.956580,0.154931,-0.212701,-0.125338,0.0005,0.0007,-0.0000,0
1784730800.982715,628921.625000,controller,LHR-65847686,1,200,-0.584048,1.218303,-3.004652,0.956587,0.154927,-0.212693,-0.125303,0.0005,0.0001,-0.0001,0
1784730801.003216,628921.656000,controller,LHR-65847686,1,200,-0.584042,1.218321,-3.004642,0.956593,0.154929,-0.212673,-0.125285,0.0004,-0.0001,-0.0002,0
1784730801.003216,628921.656000,controller,LHR-65847686,1,200,-0.584042,1.218321,-3.004642,0.956593,0.154929,-0.212674,-0.125285,0.0004,-0.0001,-0.0002,0
1784730801.014717,628921.656000,controller,LHR-65847686,1,200,-0.584086,1.218274,-3.004662,0.956604,0.154932,-0.212666,-0.125215,-0.0003,-0.0007,-0.0004,0
1784730801.037217,628921.687000,controller,LHR-65847686,1,200,-0.584058,1.218195,-3.004697,0.956615,0.154893,-0.212669,-0.125174,0.0003,-0.0008,-0.0009,0
1784730801.038217,628921.687000,controller,LHR-65847686,1,200,-0.584058,1.218195,-3.004697,0.956614,0.154893,-0.212670,-0.125174,0.0003,-0.0008,-0.0009,0
1784730801.051216,628921.703000,controller,LHR-65847686,1,200,-0.584147,1.218165,-3.004728,0.956599,0.154898,-0.212699,-0.125238,-0.0011,-0.0015,-0.0014,0
1784730801.058220,628921.703000,controller,LHR-65847686,1,200,-0.584187,1.218220,-3.004694,0.956594,0.154918,-0.212703,-0.125243,-0.0019,-0.0010,-0.0008,0
1784730801.073215,628921.718000,controller,LHR-65847686,1,200,-0.584163,1.218255,-3.004686,0.956582,0.154926,-0.212713,-0.125305,-0.0009,-0.0002,-0.0006,0
1784730801.082716,628921.734000,controller,LHR-65847686,1,200,-0.584162,1.218110,-3.004651,0.956586,0.154923,-0.212727,-0.125259,-0.0007,-0.0023,-0.0003,0
1784730801.086216,628921.734000,controller,LHR-65847686,1,200,-0.584165,1.218102,-3.004653,0.956585,0.154924,-0.212729,-0.125259,-0.0008,-0.0023,-0.0004,0
1784730801.099716,628921.750000,controller,LHR-65847686,1,200,-0.584138,1.218088,-3.004644,0.956574,0.154915,-0.212732,-0.125348,-0.0002,-0.0024,-0.0003,0
1784730801.107217,628921.750000,controller,LHR-65847686,1,200,-0.584101,1.218208,-3.004694,0.956584,0.154888,-0.212705,-0.125350,0.0005,-0.0002,-0.0010,0
1784730801.125717,628921.765000,controller,LHR-65847686,1,200,-0.584111,1.218230,-3.004708,0.956580,0.154907,-0.212695,-0.125373,-0.0000,-0.0002,-0.0013,0
1784730801.138716,628921.781000,controller,LHR-65847686,1,200,-0.584088,1.218252,-3.004709,0.956587,0.154904,-0.212695,-0.125327,0.0003,0.0004,-0.0012,0
1784730801.145215,628921.796000,controller,LHR-65847686,1,200,-0.584105,1.218236,-3.004685,0.956599,0.154897,-0.212669,-0.125289,0.0000,0.0004,-0.0007,0
1784730801.146716,628921.796000,controller,LHR-65847686,1,200,-0.584105,1.218237,-3.004687,0.956599,0.154896,-0.212669,-0.125288,0.0000,0.0004,-0.0007,0
1784730801.158219,628921.796000,controller,LHR-65847686,1,200,-0.584059,1.218265,-3.004673,0.956600,0.154910,-0.212661,-0.125280,0.0007,0.0015,-0.0002,0
1784730801.164215,628921.812000,controller,LHR-65847686,1,200,-0.584051,1.218252,-3.004677,0.956586,0.154947,-0.212693,-0.125283,0.0010,0.0014,-0.0003,0
1784730801.179716,628921.828000,controller,LHR-65847686,1,200,-0.584090,1.218264,-3.004716,0.956595,0.154937,-0.212671,-0.125269,0.0004,0.0013,-0.0010,0
1784730801.190715,628921.843000,controller,LHR-65847686,1,200,-0.584105,1.218265,-3.004738,0.956588,0.154927,-0.212667,-0.125341,0.0002,0.0012,-0.0010,0
1784730801.196215,628921.843000,controller,LHR-65847686,1,200,-0.584101,1.218272,-3.004741,0.956586,0.154931,-0.212675,-0.125336,0.0006,0.0013,-0.0008,0
1784730801.210715,628921.859000,controller,LHR-65847686,1,200,-0.584017,1.218246,-3.004816,0.956593,0.154923,-0.212656,-0.125324,0.0021,0.0009,-0.0016,0
1784730801.219215,628921.859000,controller,LHR-65847686,1,200,-0.583999,1.218249,-3.004831,0.956594,0.154919,-0.212646,-0.125340,0.0022,0.0004,-0.0018,0
1784730801.237716,628921.890000,controller,LHR-65847686,1,200,-0.584036,1.218279,-3.004747,0.956613,0.154942,-0.212611,-0.125228,0.0014,0.0013,0.0000,0
1784730801.237716,628921.890000,controller,LHR-65847686,1,200,-0.584036,1.218280,-3.004747,0.956613,0.154942,-0.212610,-0.125228,0.0014,0.0013,0.0000,0
1784730801.248217,628921.890000,controller,LHR-65847686,1,200,-0.584022,1.218288,-3.004746,0.956613,0.154942,-0.212609,-0.125231,0.0014,0.0010,0.0002,0
1784730801.269218,628921.921000,controller,LHR-65847686,1,200,-0.584050,1.218191,-3.004840,0.956604,0.154927,-0.212647,-0.125250,0.0007,-0.0008,-0.0015,0
1784730801.269716,628921.921000,controller,LHR-65847686,1,200,-0.584050,1.218191,-3.004841,0.956604,0.154926,-0.212647,-0.125250,0.0007,-0.0008,-0.0015,0
1784730801.280716,628921.921000,controller,LHR-65847686,1,200,-0.584045,1.218198,-3.004866,0.956605,0.154948,-0.212626,-0.125250,0.0006,-0.0004,-0.0017,0
1784730801.302217,628921.953000,controller,LHR-65847686,1,200,-0.584090,1.218184,-3.004846,0.956606,0.154986,-0.212600,-0.125239,0.0002,-0.0005,-0.0012,0
1784730801.302717,628921.953000,controller,LHR-65847686,1,200,-0.584090,1.218183,-3.004846,0.956607,0.154986,-0.212600,-0.125238,0.0002,-0.0005,-0.0012,0
1784730801.313217,628921.953000,controller,LHR-65847686,1,200,-0.584101,1.218136,-3.004871,0.956594,0.154989,-0.212611,-0.125308,0.0002,-0.0012,-0.0018,0
1784730801.338216,628921.984000,controller,LHR-65847686,1,200,-0.584124,1.218169,-3.004864,0.956593,0.155022,-0.212579,-0.125333,0.0000,0.0001,-0.0013,0
1784730801.338216,628921.984000,controller,LHR-65847686,1,200,-0.584124,1.218169,-3.004864,0.956593,0.155022,-0.212579,-0.125333,0.0000,0.0001,-0.0013,0
1784730801.349215,628922.000000,controller,LHR-65847686,1,200,-0.584133,1.218198,-3.004803,0.956608,0.154967,-0.212583,-0.125278,0.0003,0.0005,-0.0002,0
1784730801.353715,628922.000000,controller,LHR-65847686,1,200,-0.584132,1.218201,-3.004803,0.956608,0.154964,-0.212581,-0.125284,0.0003,0.0007,-0.0001,0
1784730801.368715,628922.015000,controller,LHR-65847686,1,200,-0.584142,1.218336,-3.004825,0.956592,0.155007,-0.212618,-0.125289,0.0002,0.0030,-0.0002,0
1784730801.380717,628922.031000,controller,LHR-65847686,1,200,-0.584100,1.218334,-3.004813,0.956592,0.155015,-0.212622,-0.125274,0.0011,0.0021,-0.0003,0
1784730801.385215,628922.031000,controller,LHR-65847686,1,200,-0.584131,1.218290,-3.004739,0.956599,0.155035,-0.212601,-0.125232,0.0007,0.0018,0.0011,0
1784730801.398714,628922.046000,controller,LHR-65847686,1,200,-0.584131,1.218300,-3.004729,0.956598,0.155030,-0.212597,-0.125251,0.0003,0.0018,0.0007,0
1784730801.407215,628922.046000,controller,LHR-65847686,1,200,-0.584088,1.218310,-3.004702,0.956605,0.154997,-0.212578,-0.125269,0.0005,0.0026,0.0013,0
1784730801.425717,628922.078000,controller,LHR-65847686,1,200,-0.584088,1.218329,-3.004760,0.956581,0.154964,-0.212656,-0.125367,0.0007,0.0013,0.0003,0
1784730801.425717,628922.078000,controller,LHR-65847686,1,200,-0.584088,1.218330,-3.004761,0.956581,0.154963,-0.212656,-0.125367,0.0007,0.0013,0.0003,0
1784730801.436216,628922.078000,controller,LHR-65847686,1,200,-0.584083,1.218346,-3.004756,0.956581,0.154964,-0.212661,-0.125358,0.0004,0.0014,0.0003,0
1784730801.456715,628922.109000,controller,LHR-65847686,1,200,-0.584095,1.218310,-3.004745,0.956583,0.154925,-0.212649,-0.125408,0.0003,0.0012,0.0006,0
1784730801.456715,628922.109000,controller,LHR-65847686,1,200,-0.584095,1.218311,-3.004745,0.956583,0.154925,-0.212649,-0.125408,0.0003,0.0012,0.0006,0
1784730801.467215,628922.109000,controller,LHR-65847686,1,200,-0.584138,1.218235,-3.004785,0.956579,0.154932,-0.212667,-0.125399,-0.0001,-0.0000,-0.0000,0
1784730801.487715,628922.140000,controller,LHR-65847686,1,200,-0.584137,1.218224,-3.004808,0.956610,0.154886,-0.212608,-0.125325,0.0004,-0.0003,-0.0006,0
1784730801.487715,628922.140000,controller,LHR-65847686,1,200,-0.584137,1.218224,-3.004808,0.956610,0.154886,-0.212608,-0.125325,0.0004,-0.0003,-0.0006,0
1784730801.498214,628922.140000,controller,LHR-65847686,1,200,-0.584115,1.218223,-3.004804,0.956597,0.154894,-0.212613,-0.125407,0.0006,-0.0001,-0.0003,0
1784730801.518714,628922.171000,controller,LHR-65847686,1,200,-0.584043,1.218207,-3.004847,0.956589,0.154925,-0.212645,-0.125370,0.0012,0.0001,-0.0006,0
1784730801.518714,628922.171000,controller,LHR-65847686,1,200,-0.584043,1.218207,-3.004847,0.956589,0.154925,-0.212645,-0.125369,0.0012,0.0001,-0.0006,0
1784730801.529214,628922.171000,controller,LHR-65847686,1,200,-0.584124,1.218134,-3.004865,0.956565,0.154973,-0.212684,-0.125430,0.0001,-0.0004,-0.0005,0
1784730801.549716,628922.203000,controller,LHR-65847686,1,200,-0.584147,1.218129,-3.004811,0.956554,0.155005,-0.212677,-0.125487,-0.0001,-0.0007,0.0006,0
1784730801.549716,628922.203000,controller,LHR-65847686,1,200,-0.584147,1.218129,-3.004810,0.956554,0.155005,-0.212677,-0.125487,-0.0001,-0.0007,0.0006,0
1784730801.560715,628922.203000,controller,LHR-65847686,1,200,-0.584143,1.218191,-3.004843,0.956554,0.155015,-0.212674,-0.125475,-0.0004,0.0001,-0.0006,0
1784730801.581217,628922.234000,controller,LHR-65847686,1,200,-0.584080,1.218237,-3.004754,0.956573,0.155018,-0.212648,-0.125372,0.0002,0.0006,0.0009,0
1784730801.581217,628922.234000,controller,LHR-65847686,1,200,-0.584080,1.218237,-3.004753,0.956573,0.155018,-0.212647,-0.125372,0.0002,0.0006,0.0009,0
1784730801.592216,628922.234000,controller,LHR-65847686,1,200,-0.584069,1.218285,-3.004744,0.956578,0.155015,-0.212653,-0.125330,0.0007,0.0008,0.0007,0
1784730801.613218,628922.265000,controller,LHR-65847686,1,200,-0.584087,1.218300,-3.004743,0.956594,0.154990,-0.212646,-0.125249,0.0003,0.0008,0.0007,0
1784730801.613218,628922.265000,controller,LHR-65847686,1,200,-0.584087,1.218300,-3.004743,0.956594,0.154990,-0.212646,-0.125250,0.0003,0.0008,0.0007,0
1784730801.624216,628922.265000,controller,LHR-65847686,1,200,-0.584037,1.218267,-3.004785,0.956567,0.155032,-0.212718,-0.125280,0.0011,0.0002,0.0000,0
1784730801.644716,628922.296000,controller,LHR-65847686,1,200,-0.584062,1.218291,-3.004735,0.956550,0.155070,-0.212751,-0.125310,0.0001,0.0001,0.0008,0
1784730801.646216,628922.296000,controller,LHR-65847686,1,200,-0.584061,1.218291,-3.004734,0.956550,0.155069,-0.212752,-0.125310,0.0001,0.0001,0.0008,0
1784730801.656716,628922.296000,controller,LHR-65847686,1,200,-0.584124,1.218243,-3.004757,0.956541,0.155077,-0.212757,-0.125357,-0.0005,-0.0004,0.0006,0
1784730801.677217,628922.328000,controller,LHR-65847686,1,200,-0.584167,1.218177,-3.004769,0.956522,0.155101,-0.212787,-0.125421,-0.0012,-0.0012,0.0005,0
1784730801.677217,628922.328000,controller,LHR-65847686,1,200,-0.584168,1.218177,-3.004769,0.956522,0.155101,-0.212787,-0.125421,-0.0012,-0.0012,0.0005,0
1784730801.688215,628922.328000,controller,LHR-65847686,1,200,-0.584215,1.218105,-3.004764,0.956544,0.155022,-0.212750,-0.125414,-0.0018,-0.0022,0.0006,0
1784730801.708714,628922.359000,controller,LHR-65847686,1,200,-0.584103,1.218122,-3.004799,0.956531,0.155055,-0.212778,-0.125429,-0.0001,-0.0017,-0.0002,0
1784730801.708714,628922.359000,controller,LHR-65847686,1,200,-0.584103,1.218122,-3.004799,0.956531,0.155055,-0.212778,-0.125429,-0.0001,-0.0017,-0.0002,0
1784730801.719214,628922.359000,controller,LHR-65847686,1,200,-0.584099,1.218106,-3.004795,0.956527,0.155062,-0.212789,-0.125434,0.0005,-0.0016,0.0004,0
1784730801.739716,628922.390000,controller,LHR-65847686,1,200,-0.584170,1.218093,-3.004888,0.956533,0.155032,-0.212799,-0.125406,-0.0007,-0.0017,-0.0011,0
1784730801.739716,628922.390000,controller,LHR-65847686,1,200,-0.584170,1.218093,-3.004888,0.956533,0.155032,-0.212799,-0.125406,-0.0007,-0.0017,-0.0011,0
1784730801.750716,628922.390000,controller,LHR-65847686,1,200,-0.584128,1.218196,-3.004850,0.956504,0.155104,-0.212814,-0.125510,0.0000,0.0000,-0.0003,0
1784730801.771716,628922.421000,controller,LHR-65847686,1,200,-0.584124,1.218160,-3.004781,0.956527,0.155060,-0.212799,-0.125415,0.0001,-0.0004,0.0006,0
1784730801.771716,628922.421000,controller,LHR-65847686,1,200,-0.584125,1.218159,-3.004782,0.956528,0.155057,-0.212794,-0.125421,0.0000,-0.0006,0.0005,0
1784730801.782216,628922.421000,controller,LHR-65847686,1,200,-0.584128,1.218241,-3.004784,0.956512,0.155052,-0.212831,-0.125486,-0.0002,0.0000,0.0003,0
1784730801.802716,628922.453000,controller,LHR-65847686,1,200,-0.584116,1.218216,-3.004750,0.956530,0.155050,-0.212782,-0.125437,-0.0000,-0.0001,0.0006,0
1784730801.802716,628922.453000,controller,LHR-65847686,1,200,-0.584116,1.218216,-3.004750,0.956530,0.155050,-0.212782,-0.125437,-0.0000,-0.0001,0.0006,0
1784730801.813217,628922.453000,controller,LHR-65847686,1,200,-0.584095,1.218264,-3.004732,0.956534,0.155039,-0.212774,-0.125433,0.0000,0.0004,0.0005,0
1784730801.833715,628922.484000,controller,LHR-65847686,1,200,-0.584088,1.218259,-3.004727,0.956556,0.154994,-0.212743,-0.125372,-0.0001,0.0001,0.0008,0
1784730801.833715,628922.484000,controller,LHR-65847686,1,200,-0.584088,1.218259,-3.004727,0.956556,0.154994,-0.212743,-0.125371,-0.0001,0.0001,0.0008,0
1784730801.844215,628922.484000,controller,LHR-65847686,1,200,-0.584077,1.218286,-3.004764,0.956562,0.154989,-0.212696,-0.125413,-0.0003,0.0006,-0.0000,0
1784730801.864714,628922.515000,controller,LHR-65847686,1,200,-0.584075,1.218204,-3.004755,0.956561,0.154974,-0.212708,-0.125421,0.0005,-0.0006,-0.0000,0
1784730801.864714,628922.515000,controller,LHR-65847686,1,200,-0.584075,1.218204,-3.004755,0.956561,0.154974,-0.212708,-0.125421,0.0005,-0.0006,-0.0000,0
1784730801.875216,628922.515000,controller,LHR-65847686,1,200,-0.584084,1.218184,-3.004767,0.956561,0.154963,-0.212705,-0.125439,0.0005,-0.0009,-0.0005,0
1784730801.895715,628922.546000,controller,LHR-65847686,1,200,-0.584081,1.218194,-3.004776,0.956583,0.154904,-0.212692,-0.125359,0.0005,-0.0009,-0.0005,0
1784730801.895715,628922.546000,controller,LHR-65847686,1,200,-0.584081,1.218194,-3.004776,0.956583,0.154904,-0.212693,-0.125358,0.0005,-0.0009,-0.0005,0
1784730801.906215,628922.546000,controller,LHR-65847686,1,200,-0.584098,1.218183,-3.004776,0.956558,0.154984,-0.212703,-0.125437,0.0004,0.0002,-0.0002,0
1784730801.926715,628922.578000,controller,LHR-65847686,1,200,-0.584099,1.218208,-3.004801,0.956563,0.154981,-0.212699,-0.125411,0.0003,-0.0000,-0.0008,0
1784730801.926715,628922.578000,controller,LHR-65847686,1,200,-0.584099,1.218208,-3.004801,0.956563,0.154981,-0.212699,-0.125411,0.0003,-0.0000,-0.0008,0
1784730801.937215,628922.578000,controller,LHR-65847686,1,200,-0.584092,1.218208,-3.004805,0.956570,0.154984,-0.212693,-0.125360,0.0003,0.0003,-0.0009,0
1784730801.957717,628922.609000,controller,LHR-65847686,1,200,-0.584048,1.218207,-3.004844,0.956575,0.154993,-0.212696,-0.125308,0.0007,0.0002,-0.0013,0
1784730801.957717,628922.609000,controller,LHR-65847686,1,200,-0.584048,1.218207,-3.004844,0.956575,0.154993,-0.212696,-0.125308,0.0007,0.0002,-0.0013,0
1784730801.968717,628922.609000,controller,LHR-65847686,1,200,-0.584091,1.218217,-3.004888,0.956567,0.154998,-0.212729,-0.125309,0.0003,0.0003,-0.0017,0
1784730801.989216,628922.640000,controller,LHR-65847686,1,200,-0.584042,1.218305,-3.004780,0.956576,0.154962,-0.212741,-0.125261,0.0006,0.0009,0.0004,0
1784730801.989216,628922.640000,controller,LHR-65847686,1,200,-0.584042,1.218305,-3.004780,0.956576,0.154963,-0.212741,-0.125261,0.0006,0.0009,0.0004,0
1784730801.999714,628922.640000,controller,LHR-65847686,1,200,-0.584037,1.218315,-3.004778,0.956575,0.154975,-0.212737,-0.125258,0.0005,0.0011,0.0002,0
1784730802.020215,628922.671000,controller,LHR-65847686,1,200,-0.584063,1.218362,-3.004805,0.956544,0.154986,-0.212803,-0.125374,0.0001,0.0019,-0.0006,0
1784730802.020215,628922.671000,controller,LHR-65847686,1,200,-0.584062,1.218362,-3.004805,0.956544,0.154986,-0.212803,-0.125374,0.0001,0.0019,-0.0006,0
1784730802.030714,628922.671000,controller,LHR-65847686,1,200,-0.584064,1.218340,-3.004817,0.956535,0.154987,-0.212812,-0.125424,0.0005,0.0011,-0.0005,0
1784730802.051215,628922.703000,controller,LHR-65847686,1,200,-0.584045,1.218387,-3.004776,0.956545,0.154983,-0.212790,-0.125387,0.0005,0.0010,0.0001,0
1784730802.051215,628922.703000,controller,LHR-65847686,1,200,-0.584045,1.218388,-3.004776,0.956545,0.154983,-0.212790,-0.125387,0.0005,0.0010,0.0001,0
1784730802.062215,628922.703000,controller,LHR-65847686,1,200,-0.584035,1.218282,-3.004747,0.956559,0.154964,-0.212758,-0.125362,0.0003,-0.0004,0.0004,0
1784730802.082715,628922.734000,controller,LHR-65847686,1,200,-0.584125,1.218261,-3.004758,0.956561,0.154883,-0.212796,-0.125381,-0.0012,-0.0004,0.0004,0
1784730802.082715,628922.734000,controller,LHR-65847686,1,200,-0.584125,1.218261,-3.004758,0.956561,0.154883,-0.212796,-0.125381,-0.0012,-0.0004,0.0004,0
1784730802.093215,628922.734000,controller,LHR-65847686,1,200,-0.584167,1.218184,-3.004773,0.956557,0.154874,-0.212795,-0.125427,-0.0018,-0.0023,-0.0002,0
1784730802.116216,628922.765000,controller,LHR-65847686,1,200,-0.584200,1.218164,-3.004806,0.956562,0.154907,-0.212758,-0.125411,-0.0013,-0.0019,-0.0003,0
1784730802.116716,628922.765000,controller,LHR-65847686,1,200,-0.584201,1.218163,-3.004806,0.956562,0.154907,-0.212758,-0.125411,-0.0013,-0.0019,-0.0003,0
1784730802.127216,628922.781000,controller,LHR-65847686,1,200,-0.584208,1.218174,-3.004807,0.956571,0.154805,-0.212783,-0.125418,-0.0012,-0.0020,-0.0002,0
1784730802.131714,628922.781000,controller,LHR-65847686,1,200,-0.584187,1.218177,-3.004799,0.956565,0.154797,-0.212789,-0.125468,-0.0007,-0.0015,-0.0000,0
1784730802.146216,628922.796000,controller,LHR-65847686,1,200,-0.584215,1.218171,-3.004809,0.956584,0.154780,-0.212736,-0.125433,-0.0009,-0.0017,-0.0004,0
1784730802.156214,628922.796000,controller,LHR-65847686,1,200,-0.584109,1.218220,-3.004740,0.956610,0.154763,-0.212682,-0.125350,0.0005,-0.0006,0.0007,0
1784730802.175715,628922.828000,controller,LHR-65847686,1,200,-0.584064,1.218220,-3.004746,0.956628,0.154684,-0.212640,-0.125378,0.0013,-0.0004,0.0003,0
1784730802.175715,628922.828000,controller,LHR-65847686,1,200,-0.584063,1.218220,-3.004746,0.956628,0.154684,-0.212640,-0.125379,0.0013,-0.0004,0.0003,0
1784730802.186215,628922.828000,controller,LHR-65847686,1,200,-0.584052,1.218216,-3.004745,0.956628,0.154686,-0.212644,-0.125373,0.0010,-0.0003,0.0002,0
1784730802.206715,628922.859000,controller,LHR-65847686,1,200,-0.584020,1.218211,-3.004695,0.956645,0.154672,-0.212609,-0.125319,0.0008,-0.0000,0.0008,0
1784730802.206715,628922.859000,controller,LHR-65847686,1,200,-0.584020,1.218211,-3.004695,0.956645,0.154672,-0.212609,-0.125319,0.0008,-0.0000,0.0008,0
1784730802.217217,628922.859000,controller,LHR-65847686,1,200,-0.584096,1.218147,-3.004702,0.956635,0.154668,-0.212644,-0.125342,-0.0000,-0.0008,0.0006,0
1784730802.237717,628922.890000,controller,LHR-65847686,1,200,-0.584139,1.218168,-3.004776,0.956635,0.154645,-0.212628,-0.125397,-0.0007,-0.0005,-0.0013,0
1784730802.237717,628922.890000,controller,LHR-65847686,1,200,-0.584139,1.218168,-3.004776,0.956635,0.154644,-0.212627,-0.125397,-0.0007,-0.0005,-0.0013,0
1784730802.248215,628922.890000,controller,LHR-65847686,1,200,-0.584062,1.218208,-3.004744,0.956627,0.154643,-0.212630,-0.125455,0.0004,0.0002,-0.0006,0
1784730802.268717,628922.921000,controller,LHR-65847686,1,200,-0.584032,1.218204,-3.004831,0.956629,0.154638,-0.212631,-0.125444,0.0011,0.0004,-0.0018,0
1784730802.268717,628922.921000,controller,LHR-65847686,1,200,-0.584032,1.218204,-3.004831,0.956629,0.154639,-0.212631,-0.125444,0.0011,0.0004,-0.0018,0
1784730802.280217,628922.921000,controller,LHR-65847686,1,200,-0.584043,1.218248,-3.004858,0.956625,0.154679,-0.212636,-0.125413,0.0003,0.0006,-0.0024,0
1784730802.300716,628922.953000,controller,LHR-65847686,1,200,-0.584068,1.218303,-3.004798,0.956645,0.154643,-0.212609,-0.125355,-0.0001,0.0019,-0.0005,0
1784730802.300716,628922.953000,controller,LHR-65847686,1,200,-0.584068,1.218303,-3.004798,0.956645,0.154643,-0.212609,-0.125355,-0.0001,0.0019,-0.0005,0
1784730802.311215,628922.953000,controller,LHR-65847686,1,200,-0.584072,1.218269,-3.004805,0.956637,0.154634,-0.212616,-0.125411,-0.0003,0.0010,-0.0005,0
1784730802.331715,628922.984000,controller,LHR-65847686,1,200,-0.584075,1.218399,-3.004704,0.956621,0.154699,-0.212654,-0.125388,-0.0004,0.0022,0.0012,0
1784730802.331715,628922.984000,controller,LHR-65847686,1,200,-0.584075,1.218399,-3.004704,0.956621,0.154699,-0.212654,-0.125387,-0.0004,0.0022,0.0012,0
1784730802.342214,628922.984000,controller,LHR-65847686,1,200,-0.584065,1.218303,-3.004668,0.956643,0.154636,-0.212609,-0.125379,-0.0001,0.0011,0.0018,0
1784730802.363216,628923.015000,controller,LHR-65847686,1,200,-0.584139,1.218312,-3.004768,0.956643,0.154631,-0.212612,-0.125374,-0.0012,0.0011,-0.0003,0
1784730802.363216,628923.015000,controller,LHR-65847686,1,200,-0.584139,1.218313,-3.004769,0.956644,0.154631,-0.212611,-0.125374,-0.0012,0.0011,-0.0003,0
1784730802.373715,628923.015000,controller,LHR-65847686,1,200,-0.584150,1.218281,-3.004771,0.956635,0.154631,-0.212616,-0.125432,-0.0010,0.0001,-0.0002,0
1784730802.394717,628923.046000,controller,LHR-65847686,1,200,-0.584084,1.218297,-3.004659,0.956643,0.154611,-0.212624,-0.125381,0.0000,0.0001,0.0013,0
1784730802.395217,628923.046000,controller,LHR-65847686,1,200,-0.584085,1.218297,-3.004658,0.956643,0.154611,-0.212624,-0.125381,0.0000,0.0001,0.0013,0
1784730802.405715,628923.046000,controller,LHR-65847686,1,200,-0.584070,1.218270,-3.004623,0.956619,0.154630,-0.212680,-0.125448,0.0001,-0.0008,0.0014,0
1784730802.426216,628923.078000,controller,LHR-65847686,1,200,-0.584061,1.218289,-3.004566,0.956602,0.154658,-0.212732,-0.125456,0.0002,-0.0000,0.0019,0
1784730802.426216,628923.078000,controller,LHR-65847686,1,200,-0.584061,1.218289,-3.004566,0.956602,0.154658,-0.212733,-0.125456,0.0002,-0.0000,0.0019,0
1784730802.437217,628923.078000,controller,LHR-65847686,1,200,-0.584093,1.218287,-3.004621,0.956638,0.154615,-0.212668,-0.125342,-0.0007,-0.0003,0.0005,0
1784730802.457716,628923.109000,controller,LHR-65847686,1,200,-0.584112,1.218226,-3.004662,0.956633,0.154595,-0.212663,-0.125411,-0.0005,-0.0004,0.0001,0
1784730802.457716,628923.109000,controller,LHR-65847686,1,200,-0.584112,1.218226,-3.004662,0.956633,0.154595,-0.212662,-0.125411,-0.0005,-0.0004,0.0001,0
1784730802.468720,628923.109000,controller,LHR-65847686,1,200,-0.584147,1.218188,-3.004681,0.956621,0.154593,-0.212685,-0.125472,-0.0005,-0.0013,-0.0003,0
1784730802.489716,628923.140000,controller,LHR-65847686,1,200,-0.584116,1.218235,-3.004693,0.956621,0.154601,-0.212648,-0.125518,-0.0003,-0.0003,-0.0010,0
1784730802.490218,628923.140000,controller,LHR-65847686,1,200,-0.584116,1.218235,-3.004693,0.956622,0.154601,-0.212648,-0.125518,-0.0003,-0.0003,-0.0010,0
1784730802.500717,628923.140000,controller,LHR-65847686,1,200,-0.584101,1.218130,-3.004666,0.956629,0.154575,-0.212634,-0.125519,0.0005,-0.0011,-0.0000,0
1784730802.521214,628923.171000,controller,LHR-65847686,1,200,-0.584089,1.218210,-3.004681,0.956628,0.154617,-0.212615,-0.125507,0.0007,0.0001,-0.0003,0
1784730802.521214,628923.171000,controller,LHR-65847686,1,200,-0.584088,1.218210,-3.004681,0.956628,0.154617,-0.212615,-0.125507,0.0007,0.0001,-0.0003,0
1784730802.531714,628923.171000,controller,LHR-65847686,1,200,-0.584071,1.218243,-3.004680,0.956631,0.154613,-0.212619,-0.125484,0.0008,0.0007,-0.0006,0
1784730802.552216,628923.203000,controller,LHR-65847686,1,200,-0.584074,1.218238,-3.004614,0.956618,0.154656,-0.212633,-0.125498,0.0002,0.0008,0.0000,0
1784730802.552216,628923.203000,controller,LHR-65847686,1,200,-0.584072,1.218239,-3.004613,0.956617,0.154659,-0.212637,-0.125498,0.0005,0.0009,0.0001,0
1784730802.562714,628923.203000,controller,LHR-65847686,1,200,-0.584045,1.218222,-3.004634,0.956628,0.154620,-0.212623,-0.125488,0.0012,0.0004,-0.0002,0
1784730802.583216,628923.234000,controller,LHR-65847686,1,200,-0.584045,1.218308,-3.004710,0.956630,0.154640,-0.212625,-0.125447,0.0008,0.0016,-0.0014,0
1784730802.583216,628923.234000,controller,LHR-65847686,1,200,-0.584045,1.218308,-3.004710,0.956630,0.154640,-0.212625,-0.125447,0.0008,0.0016,-0.0014,0
1784730802.593716,628923.234000,controller,LHR-65847686,1,200,-0.584054,1.218295,-3.004729,0.956633,0.154645,-0.212627,-0.125408,0.0006,0.0014,-0.0013,0
1784730802.614216,628923.265000,controller,LHR-65847686,1,200,-0.584088,1.218311,-3.004739,0.956650,0.154681,-0.212557,-0.125359,-0.0004,0.0014,-0.0009,0
1784730802.614216,628923.265000,controller,LHR-65847686,1,200,-0.584089,1.218311,-3.004739,0.956650,0.154681,-0.212557,-0.125359,-0.0004,0.0014,-0.0009,0
1784730802.624715,628923.265000,controller,LHR-65847686,1,200,-0.584091,1.218305,-3.004719,0.956649,0.154637,-0.212594,-0.125356,-0.0006,0.0015,-0.0003,0
1784730802.645216,628923.296000,controller,LHR-65847686,1,200,-0.584008,1.218395,-3.004682,0.956648,0.154643,-0.212588,-0.125366,0.0009,0.0025,0.0001,0
1784730802.645216,628923.296000,controller,LHR-65847686,1,200,-0.584008,1.218395,-3.004682,0.956648,0.154643,-0.212588,-0.125365,0.0009,0.0025,0.0001,0
1784730802.656215,628923.296000,controller,LHR-65847686,1,200,-0.584031,1.218394,-3.004693,0.956659,0.154639,-0.212578,-0.125305,0.0004,0.0022,-0.0001,0
1784730802.676716,628923.328000,controller,LHR-65847686,1,200,-0.584089,1.218341,-3.004595,0.956669,0.154649,-0.212545,-0.125273,0.0001,0.0009,0.0005,0
1784730802.676716,628923.328000,controller,LHR-65847686,1,200,-0.584089,1.218341,-3.004595,0.956669,0.154649,-0.212544,-0.125273,0.0001,0.0009,0.0005,0
1784730802.687214,628923.328000,controller,LHR-65847686,1,200,-0.584087,1.218356,-3.004590,0.956670,0.154659,-0.212540,-0.125259,0.0003,0.0014,0.0005,0
1784730802.707715,628923.359000,controller,LHR-65847686,1,200,-0.584067,1.218199,-3.004690,0.956654,0.154676,-0.212556,-0.125330,0.0009,-0.0006,-0.0006,0
1784730802.707715,628923.359000,controller,LHR-65847686,1,200,-0.584067,1.218199,-3.004691,0.956654,0.154676,-0.212556,-0.125330,0.0009,-0.0006,-0.0006,0
1784730802.718215,628923.359000,controller,LHR-65847686,1,200,-0.584064,1.218114,-3.004692,0.956652,0.154661,-0.212555,-0.125372,0.0004,-0.0024,-0.0011,0
1784730802.738716,628923.390000,controller,LHR-65847686,1,200,-0.584032,1.218184,-3.004669,0.956631,0.154737,-0.212568,-0.125417,0.0001,-0.0003,-0.0004,0
1784730802.738716,628923.390000,controller,LHR-65847686,1,200,-0.584032,1.218184,-3.004669,0.956630,0.154737,-0.212568,-0.125417,0.0001,-0.0003,-0.0004,0
1784730802.749216,628923.390000,controller,LHR-65847686,1,200,-0.584064,1.218188,-3.004689,0.956640,0.154724,-0.212577,-0.125343,-0.0006,-0.0005,-0.0008,0
1784730802.769718,628923.421000,controller,LHR-65847686,1,200,-0.584065,1.218262,-3.004642,0.956641,0.154741,-0.212578,-0.125316,-0.0004,0.0002,-0.0001,0
1784730802.769718,628923.421000,controller,LHR-65847686,1,200,-0.584065,1.218262,-3.004642,0.956641,0.154740,-0.212578,-0.125315,-0.0004,0.0002,-0.0001,0
1784730802.780715,628923.421000,controller,LHR-65847686,1,200,-0.584063,1.218308,-3.004634,0.956623,0.154767,-0.212623,-0.125340,0.0000,0.0009,0.0003,0
1784730802.801215,628923.453000,controller,LHR-65847686,1,200,-0.584042,1.218248,-3.004632,0.956646,0.154695,-0.212597,-0.125304,0.0008,-0.0009,0.0001,0
1784730802.801718,628923.453000,controller,LHR-65847686,1,200,-0.584042,1.218247,-3.004632,0.956645,0.154696,-0.212597,-0.125304,0.0008,-0.0009,0.0001,0
1784730802.812217,628923.453000,controller,LHR-65847686,1,200,-0.584041,1.218266,-3.004645,0.956649,0.154686,-0.212606,-0.125278,0.0007,-0.0003,-0.0006,0
1784730802.832715,628923.484000,controller,LHR-65847686,1,200,-0.583986,1.218261,-3.004595,0.956648,0.154734,-0.212586,-0.125261,0.0011,-0.0001,0.0004,0
1784730802.832715,628923.484000,controller,LHR-65847686,1,200,-0.583986,1.218261,-3.004595,0.956648,0.154734,-0.212586,-0.125261,0.0011,-0.0001,0.0004,0
1784730802.843215,628923.484000,controller,LHR-65847686,1,200,-0.583977,1.218256,-3.004594,0.956646,0.154737,-0.212584,-0.125273,0.0008,-0.0004,0.0001,0
1784730802.863715,628923.515000,controller,LHR-65847686,1,200,-0.584028,1.218201,-3.004635,0.956647,0.154748,-0.212598,-0.125229,-0.0003,-0.0011,-0.0007,0
1784730802.863715,628923.515000,controller,LHR-65847686,1,200,-0.584028,1.218200,-3.004635,0.956647,0.154748,-0.212598,-0.125229,-0.0003,-0.0011,-0.0007,0
1784730802.874217,628923.515000,controller,LHR-65847686,1,200,-0.584018,1.218240,-3.004616,0.956647,0.154742,-0.212586,-0.125251,-0.0002,-0.0004,-0.0004,0
1784730802.894715,628923.546000,controller,LHR-65847686,1,200,-0.584066,1.218154,-3.004633,0.956632,0.154747,-0.212613,-0.125318,-0.0005,-0.0014,-0.0003,0
1784730802.894715,628923.546000,controller,LHR-65847686,1,200,-0.584066,1.218154,-3.004633,0.956632,0.154748,-0.212614,-0.125318,-0.0005,-0.0014,-0.0003,0
1784730802.905215,628923.546000,controller,LHR-65847686,1,200,-0.584090,1.218124,-3.004656,0.956618,0.154738,-0.212632,-0.125399,-0.0006,-0.0020,-0.0010,0
1784730802.925719,628923.578000,controller,LHR-65847686,1,200,-0.584065,1.218153,-3.004676,0.956622,0.154719,-0.212639,-0.125386,-0.0001,-0.0011,-0.0012,0
1784730802.925719,628923.578000,controller,LHR-65847686,1,200,-0.584065,1.218153,-3.004676,0.956622,0.154720,-0.212639,-0.125386,-0.0001,-0.0011,-0.0012,0
1784730802.936716,628923.578000,controller,LHR-65847686,1,200,-0.584061,1.218153,-3.004689,0.956624,0.154706,-0.212620,-0.125416,-0.0003,-0.0015,-0.0016,0
1784730802.957217,628923.609000,controller,LHR-65847686,1,200,-0.583998,1.218236,-3.004649,0.956630,0.154696,-0.212608,-0.125403,-0.0005,0.0001,-0.0006,0
1784730802.957217,628923.609000,controller,LHR-65847686,1,200,-0.583998,1.218236,-3.004649,0.956630,0.154696,-0.212608,-0.125403,-0.0005,0.0001,-0.0006,0
1784730802.968718,628923.609000,controller,LHR-65847686,1,200,-0.583996,1.218268,-3.004646,0.956630,0.154687,-0.212622,-0.125388,-0.0006,0.0002,-0.0004,0
1784730802.989216,628923.640000,controller,LHR-65847686,1,200,-0.583969,1.218278,-3.004609,0.956648,0.154633,-0.212637,-0.125297,-0.0007,-0.0002,0.0001,0
1784730802.989216,628923.640000,controller,LHR-65847686,1,200,-0.583969,1.218278,-3.004609,0.956648,0.154633,-0.212637,-0.125297,-0.0007,-0.0002,0.0001,0
1784730802.999716,628923.640000,controller,LHR-65847686,1,200,-0.583980,1.218323,-3.004638,0.956647,0.154685,-0.212615,-0.125272,-0.0007,0.0008,-0.0006,0
1784730803.020216,628923.671000,controller,LHR-65847686,1,200,-0.584033,1.218283,-3.004608,0.956643,0.154701,-0.212625,-0.125267,-0.0012,0.0001,0.0001,0
1784730803.020216,628923.671000,controller,LHR-65847686,1,200,-0.584034,1.218283,-3.004608,0.956643,0.154701,-0.212625,-0.125267,-0.0012,0.0001,0.0001,0
1784730803.030716,628923.671000,controller,LHR-65847686,1,200,-0.583972,1.218326,-3.004572,0.956651,0.154694,-0.212621,-0.125223,-0.0000,0.0006,0.0004,0
1784730803.051216,628923.703000,controller,LHR-65847686,1,200,-0.583947,1.218331,-3.004621,0.956660,0.154692,-0.212615,-0.125171,0.0006,0.0008,-0.0003,0
1784730803.051216,628923.703000,controller,LHR-65847686,1,200,-0.583947,1.218331,-3.004621,0.956660,0.154692,-0.212615,-0.125171,0.0006,0.0008,-0.0003,0
1784730803.061714,628923.703000,controller,LHR-65847686,1,200,-0.583939,1.218346,-3.004635,0.956658,0.154696,-0.212623,-0.125168,0.0006,0.0010,-0.0005,0
1784730803.082215,628923.734000,controller,LHR-65847686,1,200,-0.583949,1.218295,-3.004598,0.956661,0.154711,-0.212601,-0.125158,0.0001,-0.0002,0.0002,0
1784730803.082215,628923.734000,controller,LHR-65847686,1,200,-0.583949,1.218295,-3.004598,0.956661,0.154712,-0.212601,-0.125158,0.0001,-0.0002,0.0002,0
1784730803.092716,628923.734000,controller,LHR-65847686,1,200,-0.583936,1.218275,-3.004587,0.956682,0.154664,-0.212582,-0.125090,0.0004,-0.0007,0.0003,0
1784730803.114216,628923.765000,controller,LHR-65847686,1,200,-0.583974,1.218299,-3.004555,0.956682,0.154649,-0.212606,-0.125068,-0.0006,0.0007,0.0009,0
1784730803.114216,628923.765000,controller,LHR-65847686,1,200,-0.583975,1.218299,-3.004554,0.956682,0.154649,-0.212606,-0.125068,-0.0006,0.0007,0.0009,0
1784730803.124716,628923.765000,controller,LHR-65847686,1,200,-0.583988,1.218294,-3.004545,0.956682,0.154653,-0.212598,-0.125072,-0.0011,0.0003,0.0009,0
1784730803.145216,628923.796000,controller,LHR-65847686,1,200,-0.583956,1.218315,-3.004593,0.956707,0.154602,-0.212577,-0.124985,-0.0001,0.0006,0.0002,0
1784730803.146217,628923.796000,controller,LHR-65847686,1,200,-0.583956,1.218315,-3.004593,0.956707,0.154602,-0.212577,-0.124984,-0.0001,0.0006,0.0002,0
1784730803.157214,628923.796000,controller,LHR-65847686,1,200,-0.584000,1.218275,-3.004580,0.956712,0.154617,-0.212561,-0.124957,-0.0009,0.0001,0.0004,0
1784730803.178215,628923.828000,controller,LHR-65847686,1,200,-0.584016,1.218264,-3.004658,0.956697,0.154591,-0.212589,-0.125051,-0.0009,-0.0002,-0.0015,0
1784730803.178716,628923.828000,controller,LHR-65847686,1,200,-0.584016,1.218264,-3.004658,0.956697,0.154591,-0.212588,-0.125051,-0.0009,-0.0002,-0.0015,0
1784730803.189216,628923.828000,controller,LHR-65847686,1,200,-0.583979,1.218265,-3.004650,0.956686,0.154595,-0.212592,-0.125130,0.0000,-0.0000,-0.0010,0
1784730803.209716,628923.859000,controller,LHR-65847686,1,200,-0.583991,1.218259,-3.004643,0.956688,0.154587,-0.212580,-0.125143,-0.0003,-0.0004,-0.0006,0
1784730803.209716,628923.859000,controller,LHR-65847686,1,200,-0.583991,1.218259,-3.004643,0.956688,0.154587,-0.212580,-0.125143,-0.0003,-0.0004,-0.0006,0
1784730803.220716,628923.859000,controller,LHR-65847686,1,200,-0.584006,1.218287,-3.004662,0.956690,0.154608,-0.212564,-0.125129,-0.0005,0.0001,-0.0008,0
1784730803.241215,628923.890000,controller,LHR-65847686,1,200,-0.583995,1.218337,-3.004636,0.956696,0.154635,-0.212530,-0.125110,-0.0005,0.0012,-0.0003,0
1784730803.241215,628923.890000,controller,LHR-65847686,1,200,-0.583995,1.218337,-3.004636,0.956696,0.154635,-0.212529,-0.125110,-0.0005,0.0012,-0.0003,0
1784730803.251717,628923.890000,controller,LHR-65847686,1,200,-0.584006,1.218305,-3.004644,0.956683,0.154632,-0.212539,-0.125192,-0.0003,0.0004,-0.0000,0
1784730803.272215,628923.921000,controller,LHR-65847686,1,200,-0.583982,1.218328,-3.004623,0.956683,0.154630,-0.212520,-0.125233,-0.0001,0.0012,0.0002,0
1784730803.272215,628923.921000,controller,LHR-65847686,1,200,-0.583981,1.218328,-3.004623,0.956682,0.154628,-0.212522,-0.125237,-0.0001,0.0012,0.0003,0
1784730803.282714,628923.921000,controller,LHR-65847686,1,200,-0.583965,1.218332,-3.004642,0.956669,0.154654,-0.212561,-0.125236,0.0003,0.0016,0.0002,0
1784730803.303215,628923.953000,controller,LHR-65847686,1,200,-0.583994,1.218310,-3.004578,0.956671,0.154735,-0.212516,-0.125201,-0.0006,0.0009,0.0011,0
1784730803.303215,628923.953000,controller,LHR-65847686,1,200,-0.583995,1.218310,-3.004578,0.956671,0.154735,-0.212516,-0.125201,-0.0006,0.0009,0.0011,0
1784730803.313715,628923.953000,controller,LHR-65847686,1,200,-0.584060,1.218284,-3.004600,0.956677,0.154736,-0.212510,-0.125165,-0.0018,0.0001,0.0002,0
1784730803.334217,628923.984000,controller,LHR-65847686,1,200,-0.584091,1.218188,-3.004683,0.956672,0.154684,-0.212530,-0.125232,-0.0010,-0.0012,-0.0009,0
1784730803.334217,628923.984000,controller,LHR-65847686,1,200,-0.584091,1.218188,-3.004684,0.956672,0.154684,-0.212531,-0.125232,-0.0010,-0.0012,-0.0009,0
1784730803.344716,628923.984000,controller,LHR-65847686,1,200,-0.584076,1.218166,-3.004678,0.956671,0.154691,-0.212525,-0.125238,-0.0007,-0.0009,-0.0006,0
1784730803.366717,628924.015000,controller,LHR-65847686,1,200,-0.584106,1.218140,-3.004690,0.956690,0.154663,-0.212504,-0.125164,-0.0010,-0.0011,-0.0009,0
1784730803.367217,628924.015000,controller,LHR-65847686,1,200,-0.584106,1.218140,-3.004690,0.956690,0.154663,-0.212504,-0.125164,-0.0010,-0.0011,-0.0009,0
1784730803.377717,628924.031000,controller,LHR-65847686,1,200,-0.584020,1.218176,-3.004700,0.956691,0.154630,-0.212512,-0.125182,0.0001,-0.0004,-0.0010,0
1784730803.382217,628924.031000,controller,LHR-65847686,1,200,-0.584018,1.218173,-3.004704,0.956690,0.154625,-0.212517,-0.125186,0.0002,-0.0005,-0.0009,0
1784730803.398216,628924.046000,controller,LHR-65847686,1,200,-0.583969,1.218288,-3.004696,0.956689,0.154675,-0.212516,-0.125136,0.0003,0.0009,-0.0013,0
1784730803.408215,628924.046000,controller,LHR-65847686,1,200,-0.583971,1.218305,-3.004704,0.956695,0.154681,-0.212517,-0.125079,0.0007,0.0011,-0.0009,0
1784730803.427716,628924.078000,controller,LHR-65847686,1,200,-0.584002,1.218310,-3.004625,0.956678,0.154727,-0.212550,-0.125097,-0.0000,0.0011,0.0005,0
1784730803.428216,628924.078000,controller,LHR-65847686,1,200,-0.584002,1.218311,-3.004625,0.956678,0.154727,-0.212550,-0.125098,-0.0000,0.0011,0.0005,0
1784730803.438715,628924.078000,controller,LHR-65847686,1,200,-0.583988,1.218276,-3.004557,0.956673,0.154745,-0.212563,-0.125090,0.0002,0.0011,0.0017,0
1784730803.460217,628924.109000,controller,LHR-65847686,1,200,-0.584010,1.218297,-3.004595,0.956669,0.154743,-0.212577,-0.125096,-0.0003,0.0012,0.0008,0
1784730803.460217,628924.109000,controller,LHR-65847686,1,200,-0.584010,1.218298,-3.004594,0.956669,0.154743,-0.212577,-0.125097,-0.0003,0.0012,0.0008,0
1784730803.470718,628924.109000,controller,LHR-65847686,1,200,-0.584021,1.218312,-3.004585,0.956675,0.154744,-0.212566,-0.125071,-0.0008,0.0008,0.0007,0
1784730803.475715,628924.125000,controller,LHR-65847686,1,200,-0.584023,1.218315,-3.004581,0.956673,0.154741,-0.212568,-0.125086,-0.0007,0.0008,0.0008,0
1784730803.490216,628924.140000,controller,LHR-65847686,1,200,-0.583999,1.218346,-3.004574,0.956661,0.154750,-0.212595,-0.125125,-0.0006,0.0012,0.0012,0
1784730803.502715,628924.156000,controller,LHR-65847686,1,200,-0.584000,1.218334,-3.004561,0.956662,0.154719,-0.212610,-0.125126,-0.0003,0.0010,0.0014,0
1784730803.506717,628924.156000,controller,LHR-65847686,1,200,-0.584004,1.218342,-3.004556,0.956664,0.154723,-0.212603,-0.125122,-0.0007,0.0013,0.0012,0
1784730803.520215,628924.171000,controller,LHR-65847686,1,200,-0.583988,1.218347,-3.004561,0.956644,0.154765,-0.212642,-0.125157,-0.0004,0.0010,0.0010,0
1784730803.529715,628924.171000,controller,LHR-65847686,1,200,-0.584019,1.218313,-3.004568,0.956650,0.154760,-0.212646,-0.125111,-0.0006,0.0004,0.0007,0
1784730803.548215,628924.187000,controller,LHR-65847686,1,200,-0.584007,1.218319,-3.004622,0.956650,0.154718,-0.212659,-0.125137,-0.0005,0.0007,-0.0006,0
1784730803.561217,628924.203000,controller,LHR-65847686,1,200,-0.583956,1.218350,-3.004662,0.956635,0.154743,-0.212679,-0.125188,0.0006,0.0015,-0.0010,0
1784730803.568717,628924.218000,controller,LHR-65847686,1,200,-0.583925,1.218344,-3.004649,0.956643,0.154745,-0.212669,-0.125145,0.0013,0.0010,-0.0007,0
1784730803.570716,628924.218000,controller,LHR-65847686,1,200,-0.583923,1.218346,-3.004650,0.956642,0.154744,-0.212670,-0.125145,0.0013,0.0010,-0.0007,0
1784730803.582217,628924.234000,controller,LHR-65847686,1,200,-0.583918,1.218326,-3.004610,0.956638,0.154727,-0.212673,-0.125189,0.0011,0.0006,-0.0000,0
1784730803.587715,628924.234000,controller,LHR-65847686,1,200,-0.583911,1.218313,-3.004609,0.956646,0.154725,-0.212664,-0.125149,0.0008,0.0004,-0.0002,0
1784730803.603215,628924.250000,controller,LHR-65847686,1,200,-0.583872,1.218294,-3.004613,0.956648,0.154682,-0.212672,-0.125178,0.0016,0.0005,0.0000,0
1784730803.612717,628924.265000,controller,LHR-65847686,1,200,-0.583906,1.218289,-3.004635,0.956652,0.154687,-0.212672,-0.125142,0.0005,0.0004,-0.0005,0
1784730803.617214,628924.265000,controller,LHR-65847686,1,200,-0.583902,1.218301,-3.004636,0.956664,0.154650,-0.212664,-0.125108,0.0007,0.0010,-0.0004,0
1784730803.631715,628924.281000,controller,LHR-65847686,1,200,-0.583916,1.218318,-3.004655,0.956671,0.154655,-0.212663,-0.125047,0.0003,0.0012,-0.0007,0
1784730803.640216,628924.281000,controller,LHR-65847686,1,200,-0.583940,1.218383,-3.004594,0.956653,0.154678,-0.212685,-0.125117,-0.0000,0.0015,0.0002,0
1784730803.658716,628924.312000,controller,LHR-65847686,1,200,-0.583959,1.218279,-3.004559,0.956656,0.154688,-0.212688,-0.125080,-0.0005,-0.0001,0.0007,0
1784730803.658716,628924.312000,controller,LHR-65847686,1,200,-0.583959,1.218279,-3.004559,0.956656,0.154688,-0.212688,-0.125080,-0.0005,-0.0001,0.0007,0
1784730803.669716,628924.312000,controller,LHR-65847686,1,200,-0.583949,1.218310,-3.004545,0.956657,0.154692,-0.212692,-0.125061,0.0002,0.0006,0.0009,0
1784730803.692717,628924.343000,controller,LHR-65847686,1,200,-0.583921,1.218363,-3.004606,0.956652,0.154690,-0.212700,-0.125087,-0.0002,0.0018,-0.0001,0
1784730803.693217,628924.343000,controller,LHR-65847686,1,200,-0.583922,1.218364,-3.004606,0.956652,0.154690,-0.212700,-0.125086,-0.0002,0.0018,-0.0001,0
1784730803.703715,628924.343000,controller,LHR-65847686,1,200,-0.583918,1.218384,-3.004604,0.956646,0.154698,-0.212716,-0.125095,0.0002,0.0016,-0.0000,0
1784730803.724219,628924.375000,controller,LHR-65847686,1,200,-0.583913,1.218395,-3.004579,0.956646,0.154704,-0.212705,-0.125110,-0.0002,0.0017,0.0001,0
1784730803.724717,628924.375000,controller,LHR-65847686,1,200,-0.583913,1.218395,-3.004579,0.956646,0.154704,-0.212704,-0.125110,-0.0002,0.0017,0.0001,0
1784730803.735716,628924.375000,controller,LHR-65847686,1,200,-0.583962,1.218330,-3.004595,0.956632,0.154736,-0.212707,-0.125168,-0.0013,0.0007,-0.0000,0
1784730803.757220,628924.406000,controller,LHR-65847686,1,200,-0.583935,1.218339,-3.004644,0.956632,0.154725,-0.212734,-0.125136,-0.0004,0.0006,-0.0006,0
1784730803.757718,628924.406000,controller,LHR-65847686,1,200,-0.583935,1.218339,-3.004644,0.956632,0.154725,-0.212734,-0.125135,-0.0004,0.0006,-0.0006,0
1784730803.768218,628924.421000,controller,LHR-65847686,1,200,-0.583925,1.218352,-3.004652,0.956623,0.154727,-0.212764,-0.125155,0.0000,0.0010,-0.0005,0
1784730803.774215,628924.421000,controller,LHR-65847686,1,200,-0.583924,1.218359,-3.004653,0.956622,0.154729,-0.212771,-0.125150,0.0000,0.0012,-0.0003,0
1784730803.790718,628924.437000,controller,LHR-65847686,1,200,-0.583947,1.218347,-3.004669,0.956611,0.154741,-0.212772,-0.125218,-0.0001,0.0016,-0.0002,0
1784730803.802216,628924.453000,controller,LHR-65847686,1,200,-0.583975,1.218306,-3.004591,0.956619,0.154800,-0.212705,-0.125194,-0.0002,0.0012,0.0010,0
1784730803.805714,628924.453000,controller,LHR-65847686,1,200,-0.583980,1.218312,-3.004591,0.956627,0.154794,-0.212700,-0.125149,-0.0002,0.0013,0.0009,0
1784730803.819216,628924.468000,controller,LHR-65847686,1,200,-0.583983,1.218292,-3.004568,0.956615,0.154843,-0.212690,-0.125194,-0.0005,0.0008,0.0007,0
1784730803.828216,628924.468000,controller,LHR-65847686,1,200,-0.583907,1.218329,-3.004572,0.956634,0.154831,-0.212619,-0.125187,0.0005,0.0011,0.0005,0
1784730803.846716,628924.500000,controller,LHR-65847686,1,200,-0.583912,1.218341,-3.004566,0.956638,0.154832,-0.212627,-0.125142,0.0003,0.0006,0.0004,0
1784730803.847217,628924.500000,controller,LHR-65847686,1,200,-0.583905,1.218331,-3.004562,0.956637,0.154833,-0.212626,-0.125147,0.0003,0.0004,0.0005,0
1784730803.857718,628924.500000,controller,LHR-65847686,1,200,-0.583868,1.218326,-3.004622,0.956644,0.154833,-0.212638,-0.125076,0.0006,0.0004,-0.0006,0
1784730803.878216,628924.531000,controller,LHR-65847686,1,200,-0.583946,1.218268,-3.004610,0.956624,0.154862,-0.212658,-0.125158,-0.0006,-0.0010,0.0001,0
1784730803.878216,628924.531000,controller,LHR-65847686,1,200,-0.583947,1.218268,-3.004609,0.956624,0.154864,-0.212659,-0.125157,-0.0007,-0.0011,0.0002,0
1784730803.888716,628924.531000,controller,LHR-65847686,1,200,-0.583911,1.218295,-3.004589,0.956623,0.154863,-0.212652,-0.125175,-0.0002,-0.0004,0.0004,0
1784730803.909215,628924.562000,controller,LHR-65847686,1,200,-0.583935,1.218316,-3.004544,0.956604,0.154886,-0.212710,-0.125192,-0.0003,0.0001,0.0010,0
1784730803.909215,628924.562000,controller,LHR-65847686,1,200,-0.583935,1.218317,-3.004544,0.956604,0.154886,-0.212710,-0.125192,-0.0003,0.0001,0.0010,0
1784730803.919714,628924.562000,controller,LHR-65847686,1,200,-0.583930,1.218250,-3.004539,0.956628,0.154831,-0.212664,-0.125153,-0.0002,-0.0013,0.0007,0
1784730803.940715,628924.593000,controller,LHR-65847686,1,200,-0.583914,1.218254,-3.004525,0.956610,0.154879,-0.212689,-0.125195,-0.0000,-0.0009,0.0003,0
1784730803.941216,628924.593000,controller,LHR-65847686,1,200,-0.583914,1.218254,-3.004525,0.956610,0.154879,-0.212689,-0.125195,-0.0000,-0.0009,0.0003,0
1784730803.951715,628924.593000,controller,LHR-65847686,1,200,-0.583911,1.218222,-3.004523,0.956614,0.154863,-0.212699,-0.125169,0.0004,-0.0006,0.0006,0
1784730803.972215,628924.625000,controller,LHR-65847686,1,200,-0.583923,1.218221,-3.004583,0.956646,0.154781,-0.212655,-0.125099,-0.0002,-0.0010,-0.0011,0
1784730803.972215,628924.625000,controller,LHR-65847686,1,200,-0.583923,1.218221,-3.004583,0.956646,0.154781,-0.212655,-0.125100,-0.0002,-0.0010,-0.0011,0
1784730803.983214,628924.625000,controller,LHR-65847686,1,200,-0.583924,1.218210,-3.004597,0.956646,0.154775,-0.212661,-0.125095,-0.0001,-0.0008,-0.0013,0
1784730804.003716,628924.656000,controller,LHR-65847686,1,200,-0.583926,1.218298,-3.004680,0.956646,0.154775,-0.212670,-0.125079,-0.0002,0.0010,-0.0019,0
1784730804.003716,628924.656000,controller,LHR-65847686,1,200,-0.583926,1.218298,-3.004681,0.956646,0.154775,-0.212670,-0.125078,-0.0002,0.0010,-0.0019,0
1784730804.014215,628924.656000,controller,LHR-65847686,1,200,-0.583986,1.218307,-3.004709,0.956637,0.154817,-0.212685,-0.125071,-0.0008,0.0012,-0.0022,0
1784730804.036717,628924.687000,controller,LHR-65847686,1,200,-0.583928,1.218318,-3.004678,0.956645,0.154824,-0.212658,-0.125048,0.0001,0.0007,-0.0015,0
1784730804.036717,628924.687000,controller,LHR-65847686,1,200,-0.583928,1.218318,-3.004678,0.956645,0.154824,-0.212658,-0.125048,0.0001,0.0007,-0.0015,0
1784730804.048216,628924.687000,controller,LHR-65847686,1,200,-0.583927,1.218326,-3.004694,0.956643,0.154824,-0.212657,-0.125060,-0.0001,0.0010,-0.0013,0
1784730804.069216,628924.718000,controller,LHR-65847686,1,200,-0.583936,1.218311,-3.004714,0.956639,0.154854,-0.212683,-0.125014,-0.0004,0.0000,-0.0015,0
1784730804.069216,628924.718000,controller,LHR-65847686,1,200,-0.583936,1.218311,-3.004714,0.956639,0.154854,-0.212683,-0.125014,-0.0004,0.0000,-0.0015,0
1784730804.080216,628924.718000,controller,LHR-65847686,1,200,-0.583974,1.218360,-3.004704,0.956632,0.154889,-0.212675,-0.125035,-0.0011,0.0004,-0.0012,0
1784730804.102216,628924.750000,controller,LHR-65847686,1,200,-0.583887,1.218343,-3.004606,0.956631,0.154901,-0.212670,-0.125036,-0.0002,-0.0002,-0.0001,0
1784730804.102216,628924.750000,controller,LHR-65847686,1,200,-0.583887,1.218343,-3.004606,0.956631,0.154901,-0.212670,-0.125036,-0.0002,-0.0002,-0.0001,0
1784730804.113717,628924.765000,controller,LHR-65847686,1,200,-0.583877,1.218367,-3.004577,0.956624,0.154927,-0.212668,-0.125061,-0.0003,-0.0002,0.0003,0
1784730804.119715,628924.765000,controller,LHR-65847686,1,200,-0.583879,1.218368,-3.004575,0.956625,0.154932,-0.212665,-0.125057,-0.0003,0.0000,0.0003,0
1784730804.136218,628924.781000,controller,LHR-65847686,1,200,-0.583897,1.218290,-3.004557,0.956643,0.154915,-0.212620,-0.125010,0.0000,-0.0011,0.0002,0
1784730804.147717,628924.796000,controller,LHR-65847686,1,200,-0.583917,1.218264,-3.004563,0.956649,0.154917,-0.212614,-0.124979,-0.0003,-0.0014,0.0001,0
1784730804.152216,628924.796000,controller,LHR-65847686,1,200,-0.583919,1.218269,-3.004571,0.956644,0.154926,-0.212619,-0.124991,-0.0001,-0.0014,-0.0002,0
1784730804.167716,628924.812000,controller,LHR-65847686,1,200,-0.583958,1.218228,-3.004587,0.956628,0.154953,-0.212618,-0.125084,-0.0008,-0.0008,-0.0003,0
1784730804.176716,628924.828000,controller,LHR-65847686,1,200,-0.583969,1.218293,-3.004631,0.956635,0.154915,-0.212613,-0.125088,-0.0006,-0.0003,-0.0010,0
1784730804.179216,628924.828000,controller,LHR-65847686,1,200,-0.583974,1.218293,-3.004633,0.956638,0.154915,-0.212604,-0.125079,-0.0014,0.0000,-0.0009,0
1784730804.191715,628924.843000,controller,LHR-65847686,1,200,-0.583909,1.218283,-3.004627,0.956629,0.154956,-0.212655,-0.125009,-0.0008,0.0000,-0.0008,0
1784730804.199214,628924.843000,controller,LHR-65847686,1,200,-0.583912,1.218284,-3.004629,0.956628,0.154957,-0.212662,-0.125007,-0.0005,0.0003,-0.0002,0
1784730804.216715,628924.859000,controller,LHR-65847686,1,200,-0.583914,1.218332,-3.004596,0.956641,0.154924,-0.212647,-0.124968,-0.0007,0.0006,0.0005,0
1784730804.228214,628924.875000,controller,LHR-65847686,1,200,-0.583915,1.218338,-3.004586,0.956637,0.154933,-0.212659,-0.124970,-0.0004,0.0004,0.0009,0
1784730804.235721,628924.875000,controller,LHR-65847686,1,200,-0.583935,1.218321,-3.004576,0.956630,0.154943,-0.212663,-0.125004,-0.0007,0.0002,0.0012,0
1784730804.251715,628924.890000,controller,LHR-65847686,1,200,-0.583860,1.218362,-3.004558,0.956630,0.154915,-0.212666,-0.125033,0.0003,0.0000,0.0007,0
1784730804.262214,628924.906000,controller,LHR-65847686,1,200,-0.583859,1.218365,-3.004553,0.956634,0.154914,-0.212662,-0.125015,0.0003,0.0002,0.0005,0
1784730804.268215,628924.921000,controller,LHR-65847686,1,200,-0.583876,1.218347,-3.004557,0.956641,0.154913,-0.212654,-0.124974,-0.0000,0.0000,0.0005,0
1784730804.268215,628924.921000,controller,LHR-65847686,1,200,-0.583876,1.218347,-3.004557,0.956641,0.154913,-0.212654,-0.124974,-0.0000,0.0000,0.0005,0
1784730804.278714,628924.921000,controller,LHR-65847686,1,200,-0.583864,1.218385,-3.004558,0.956625,0.154935,-0.212687,-0.125010,0.0003,0.0004,0.0004,0
1784730804.299215,628924.953000,controller,LHR-65847686,1,200,-0.583854,1.218392,-3.004551,0.956620,0.154947,-0.212684,-0.125040,0.0001,0.0008,0.0007,0
1784730804.299215,628924.953000,controller,LHR-65847686,1,200,-0.583854,1.218392,-3.004551,0.956620,0.154947,-0.212684,-0.125041,0.0001,0.0008,0.0007,0
1784730804.309714,628924.953000,controller,LHR-65847686,1,200,-0.583879,1.218389,-3.004569,0.956627,0.154935,-0.212664,-0.125033,-0.0005,0.0012,0.0003,0
1784730804.330216,628924.968000,controller,LHR-65847686,1,200,-0.583961,1.218369,-3.004602,0.956625,0.154924,-0.212663,-0.125067,-0.0017,0.0011,-0.0002,0
1784730804.345714,628924.984000,controller,LHR-65847686,1,200,-0.583967,1.218378,-3.004635,0.956631,0.154887,-0.212676,-0.125048,-0.0014,0.0011,-0.0001,0
1784730804.355214,628925.000000,controller,LHR-65847686,1,200,-0.583931,1.218328,-3.004574,0.956650,0.154873,-0.212627,-0.124996,-0.0006,0.0004,0.0007,0
1784730804.358716,628925.000000,controller,LHR-65847686,1,200,-0.583930,1.218330,-3.004572,0.956649,0.154873,-0.212631,-0.125003,-0.0003,0.0004,0.0005,0
1784730804.372215,628925.015000,controller,LHR-65847686,1,200,-0.583917,1.218264,-3.004539,0.956650,0.154856,-0.212606,-0.125056,0.0000,-0.0007,0.0011,0
1784730804.380715,628925.031000,controller,LHR-65847686,1,200,-0.583923,1.218253,-3.004532,0.956654,0.154847,-0.212595,-0.125054,-0.0005,-0.0014,0.0008,0
1784730804.383215,628925.031000,controller,LHR-65847686,1,200,-0.583925,1.218252,-3.004529,0.956655,0.154853,-0.212588,-0.125053,-0.0007,-0.0009,0.0008,0
1784730804.395715,628925.046000,controller,LHR-65847686,1,200,-0.583897,1.218318,-3.004530,0.956654,0.154863,-0.212584,-0.125052,0.0001,-0.0001,0.0006,0
1784730804.403215,628925.046000,controller,LHR-65847686,1,200,-0.583897,1.218313,-3.004529,0.956656,0.154855,-0.212580,-0.125055,-0.0000,-0.0008,0.0001,0
1784730804.420715,628925.062000,controller,LHR-65847686,1,200,-0.583889,1.218306,-3.004556,0.956647,0.154851,-0.212585,-0.125122,0.0004,-0.0001,0.0003,0
1784730804.432217,628925.078000,controller,LHR-65847686,1,200,-0.583906,1.218290,-3.004565,0.956617,0.154896,-0.212625,-0.125224,-0.0001,-0.0009,0.0000,0
1784730804.437715,628925.078000,controller,LHR-65847686,1,200,-0.583907,1.218286,-3.004564,0.956616,0.154900,-0.212629,-0.125224,-0.0001,-0.0007,0.0000,0
1784730804.453217,628925.093000,controller,LHR-65847686,1,200,-0.583857,1.218315,-3.004572,0.956617,0.154917,-0.212607,-0.125229,0.0004,0.0003,-0.0001,0
1784730804.463716,628925.109000,controller,LHR-65847686,1,200,-0.583849,1.218314,-3.004576,0.956621,0.154907,-0.212607,-0.125214,0.0009,0.0004,-0.0003,0
1784730804.468215,628925.109000,controller,LHR-65847686,1,200,-0.583822,1.218340,-3.004566,0.956623,0.154902,-0.212607,-0.125201,0.0010,0.0006,-0.0004,0
1784730804.482718,628925.125000,controller,LHR-65847686,1,200,-0.583830,1.218303,-3.004555,0.956636,0.154856,-0.212613,-0.125154,0.0008,-0.0001,-0.0001,0
1784730804.491217,628925.140000,controller,LHR-65847686,1,200,-0.583901,1.218263,-3.004643,0.956617,0.154875,-0.212665,-0.125181,0.0004,-0.0006,-0.0011,0
1784730804.494717,628925.140000,controller,LHR-65847686,1,200,-0.583900,1.218261,-3.004647,0.956617,0.154873,-0.212668,-0.125186,0.0004,-0.0006,-0.0011,0
1784730804.508215,628925.156000,controller,LHR-65847686,1,200,-0.583869,1.218285,-3.004646,0.956625,0.154866,-0.212661,-0.125141,0.0004,0.0003,-0.0009,0
1784730804.515715,628925.156000,controller,LHR-65847686,1,200,-0.583880,1.218266,-3.004594,0.956644,0.154892,-0.212586,-0.125089,0.0005,0.0000,-0.0002,0
1784730804.533215,628925.171000,controller,LHR-65847686,1,200,-0.583907,1.218279,-3.004643,0.956639,0.154929,-0.212600,-0.125057,-0.0000,0.0008,-0.0006,0
1784730804.545714,628925.187000,controller,LHR-65847686,1,200,-0.583908,1.218282,-3.004653,0.956641,0.154925,-0.212593,-0.125061,0.0001,0.0003,-0.0007,0
1784730804.552214,628925.203000,controller,LHR-65847686,1,200,-0.583889,1.218346,-3.004638,0.956638,0.154929,-0.212609,-0.125053,0.0003,0.0014,-0.0004,0
1784730804.552716,628925.203000,controller,LHR-65847686,1,200,-0.583889,1.218346,-3.004639,0.956638,0.154929,-0.212608,-0.125053,0.0003,0.0014,-0.0004,0
1784730804.563215,628925.203000,controller,LHR-65847686,1,200,-0.583885,1.218360,-3.004644,0.956638,0.154930,-0.212613,-0.125041,0.0003,0.0014,-0.0005,0
1784730804.583716,628925.234000,controller,LHR-65847686,1,200,-0.583826,1.218416,-3.004592,0.956639,0.154939,-0.212597,-0.125048,0.0012,0.0020,0.0007,0
1784730804.583716,628925.234000,controller,LHR-65847686,1,200,-0.583826,1.218417,-3.004592,0.956639,0.154939,-0.212597,-0.125048,0.0012,0.0020,0.0007,0
1784730804.594217,628925.234000,controller,LHR-65847686,1,200,-0.583824,1.218389,-3.004543,0.956665,0.154907,-0.212547,-0.124981,0.0005,0.0011,0.0011,0
1784730804.614718,628925.265000,controller,LHR-65847686,1,200,-0.583831,1.218448,-3.004545,0.956656,0.154942,-0.212548,-0.125000,0.0009,0.0022,0.0015,0
1784730804.614718,628925.265000,controller,LHR-65847686,1,200,-0.583831,1.218449,-3.004544,0.956656,0.154942,-0.212549,-0.125001,0.0009,0.0022,0.0015,0
1784730804.625216,628925.265000,controller,LHR-65847686,1,200,-0.583828,1.218467,-3.004533,0.956658,0.154938,-0.212540,-0.125003,0.0005,0.0019,0.0012,0
1784730804.645714,628925.296000,controller,LHR-65847686,1,200,-0.583869,1.218447,-3.004491,0.956657,0.154944,-0.212548,-0.124988,-0.0002,0.0021,0.0019,0
1784730804.645714,628925.296000,controller,LHR-65847686,1,200,-0.583869,1.218448,-3.004490,0.956657,0.154944,-0.212548,-0.124988,-0.0002,0.0021,0.0019,0
1784730804.656215,628925.296000,controller,LHR-65847686,1,200,-0.583861,1.218414,-3.004508,0.956674,0.154919,-0.212497,-0.124977,-0.0005,0.0013,0.0012,0
1784730804.676715,628925.328000,controller,LHR-65847686,1,200,-0.583990,1.218307,-3.004626,0.956661,0.154943,-0.212512,-0.125025,-0.0016,0.0003,-0.0002,0
1784730804.676715,628925.328000,controller,LHR-65847686,1,200,-0.583990,1.218307,-3.004626,0.956661,0.154943,-0.212512,-0.125025,-0.0016,0.0003,-0.0002,0
1784730804.687215,628925.328000,controller,LHR-65847686,1,200,-0.584008,1.218312,-3.004624,0.956660,0.154951,-0.212506,-0.125035,-0.0018,0.0003,0.0000,0
1784730804.707717,628925.359000,controller,LHR-65847686,1,200,-0.583924,1.218346,-3.004572,0.956651,0.154880,-0.212541,-0.125127,-0.0003,0.0003,0.0004,0
1784730804.707717,628925.359000,controller,LHR-65847686,1,200,-0.583924,1.218347,-3.004572,0.956651,0.154880,-0.212541,-0.125127,-0.0003,0.0003,0.0004,0
1784730804.718215,628925.359000,controller,LHR-65847686,1,200,-0.583898,1.218331,-3.004626,0.956643,0.154867,-0.212588,-0.125129,-0.0002,0.0003,-0.0002,0
1784730804.738716,628925.390000,controller,LHR-65847686,1,200,-0.583903,1.218318,-3.004578,0.956614,0.154891,-0.212617,-0.125266,-0.0005,-0.0003,0.0005,0
1784730804.738716,628925.390000,controller,LHR-65847686,1,200,-0.583903,1.218318,-3.004578,0.956614,0.154891,-0.212617,-0.125266,-0.0005,-0.0003,0.0005,0
1784730804.749215,628925.390000,controller,LHR-65847686,1,200,-0.583881,1.218300,-3.004566,0.956632,0.154852,-0.212578,-0.125249,-0.0001,-0.0003,0.0006,0
1784730804.769715,628925.421000,controller,LHR-65847686,1,200,-0.583867,1.218304,-3.004546,0.956624,0.154863,-0.212580,-0.125292,0.0004,-0.0004,0.0007,0
1784730804.769715,628925.421000,controller,LHR-65847686,1,200,-0.583866,1.218304,-3.004546,0.956624,0.154864,-0.212580,-0.125292,0.0004,-0.0004,0.0007,0
1784730804.780215,628925.421000,controller,LHR-65847686,1,200,-0.583845,1.218251,-3.004573,0.956624,0.154845,-0.212591,-0.125296,0.0006,-0.0012,-0.0000,0
1784730804.800715,628925.453000,controller,LHR-65847686,1,200,-0.583917,1.218257,-3.004652,0.956629,0.154792,-0.212581,-0.125338,-0.0004,-0.0004,-0.0010,0
1784730804.800715,628925.453000,controller,LHR-65847686,1,200,-0.583917,1.218257,-3.004652,0.956629,0.154792,-0.212581,-0.125339,-0.0004,-0.0004,-0.0010,0
1784730804.811217,628925.453000,controller,LHR-65847686,1,200,-0.583905,1.218301,-3.004621,0.956601,0.154858,-0.212611,-0.125417,-0.0000,-0.0002,-0.0005,0
1784730804.831715,628925.484000,controller,LHR-65847686,1,200,-0.583873,1.218333,-3.004604,0.956604,0.154837,-0.212610,-0.125420,0.0003,0.0002,-0.0001,0
1784730804.831715,628925.484000,controller,LHR-65847686,1,200,-0.583873,1.218333,-3.004604,0.956604,0.154837,-0.212610,-0.125420,0.0003,0.0002,-0.0001,0
1784730804.842218,628925.484000,controller,LHR-65847686,1,200,-0.583869,1.218334,-3.004602,0.956602,0.154844,-0.212610,-0.125430,0.0004,0.0002,0.0003,0
1784730804.862714,628925.515000,controller,LHR-65847686,1,200,-0.583914,1.218252,-3.004563,0.956593,0.154871,-0.212605,-0.125471,-0.0004,-0.0003,0.0006,0
1784730804.862714,628925.515000,controller,LHR-65847686,1,200,-0.583872,1.218276,-3.004543,0.956589,0.154859,-0.212609,-0.125516,-0.0001,-0.0004,0.0006,0
1784730804.873215,628925.515000,controller,LHR-65847686,1,200,-0.583875,1.218299,-3.004551,0.956598,0.154826,-0.212606,-0.125489,0.0002,0.0002,0.0003,0
1784730804.893714,628925.546000,controller,LHR-65847686,1,200,-0.583826,1.218363,-3.004591,0.956602,0.154788,-0.212626,-0.125476,0.0003,0.0005,-0.0004,0
1784730804.893714,628925.546000,controller,LHR-65847686,1,200,-0.583826,1.218363,-3.004591,0.956602,0.154789,-0.212626,-0.125476,0.0003,0.0005,-0.0004,0
1784730804.904217,628925.546000,controller,LHR-65847686,1,200,-0.583821,1.218359,-3.004599,0.956600,0.154790,-0.212635,-0.125468,0.0006,-0.0002,-0.0009,0
1784730804.924716,628925.578000,controller,LHR-65847686,1,200,-0.583851,1.218340,-3.004602,0.956607,0.154775,-0.212608,-0.125478,0.0008,0.0003,-0.0003,0
1784730804.924716,628925.578000,controller,LHR-65847686,1,200,-0.583850,1.218340,-3.004602,0.956607,0.154775,-0.212608,-0.125478,0.0008,0.0003,-0.0003,0
1784730804.935215,628925.578000,controller,LHR-65847686,1,200,-0.583844,1.218327,-3.004604,0.956624,0.154747,-0.212565,-0.125460,0.0007,-0.0002,-0.0008,0
1784730804.955714,628925.609000,controller,LHR-65847686,1,200,-0.583838,1.218301,-3.004585,0.956621,0.154763,-0.212573,-0.125445,0.0006,-0.0008,-0.0006,0
1784730804.955714,628925.609000,controller,LHR-65847686,1,200,-0.583838,1.218301,-3.004585,0.956621,0.154763,-0.212573,-0.125445,0.0006,-0.0008,-0.0006,0
1784730804.966214,628925.609000,controller,LHR-65847686,1,200,-0.583822,1.218310,-3.004583,0.956625,0.154767,-0.212571,-0.125415,0.0005,-0.0003,-0.0005,0
1784730804.986715,628925.640000,controller,LHR-65847686,1,200,-0.583840,1.218296,-3.004638,0.956626,0.154718,-0.212581,-0.125453,0.0007,-0.0004,-0.0011,0
1784730804.986715,628925.640000,controller,LHR-65847686,1,200,-0.583840,1.218296,-3.004638,0.956626,0.154718,-0.212582,-0.125453,0.0007,-0.0004,-0.0011,0
1784730804.997215,628925.640000,controller,LHR-65847686,1,200,-0.583867,1.218338,-3.004617,0.956631,0.154664,-0.212611,-0.125431,-0.0003,0.0002,-0.0009,0
1784730805.017716,628925.656000,controller,LHR-65847686,1,200,-0.583855,1.218307,-3.004656,0.956618,0.154677,-0.212645,-0.125452,0.0000,-0.0006,-0.0014,0
1784730805.032217,628925.671000,controller,LHR-65847686,1,200,-0.583864,1.218395,-3.004679,0.956612,0.154693,-0.212644,-0.125482,0.0004,0.0007,-0.0014,0
1784730805.041716,628925.687000,controller,LHR-65847686,1,200,-0.583861,1.218405,-3.004692,0.956611,0.154699,-0.212647,-0.125480,0.0004,0.0011,-0.0013,0
1784730805.045214,628925.687000,controller,LHR-65847686,1,200,-0.583858,1.218402,-3.004696,0.956613,0.154679,-0.212648,-0.125487,0.0003,0.0005,-0.0016,0
1784730805.058715,628925.703000,controller,LHR-65847686,1,200,-0.583884,1.218282,-3.004566,0.956630,0.154668,-0.212598,-0.125452,-0.0004,-0.0009,0.0009,0
1784730805.066215,628925.718000,controller,LHR-65847686,1,200,-0.583886,1.218280,-3.004558,0.956636,0.154668,-0.212608,-0.125395,-0.0002,-0.0007,0.0009,0
1784730805.068715,628925.718000,controller,LHR-65847686,1,200,-0.583902,1.218316,-3.004584,0.956653,0.154625,-0.212576,-0.125371,-0.0002,0.0001,0.0005,0
1784730805.081214,628925.734000,controller,LHR-65847686,1,200,-0.583907,1.218317,-3.004578,0.956654,0.154625,-0.212576,-0.125360,-0.0004,-0.0001,0.0005,0
1784730805.087715,628925.734000,controller,LHR-65847686,1,200,-0.583879,1.218292,-3.004645,0.956633,0.154654,-0.212605,-0.125438,0.0005,-0.0008,-0.0006,0
1784730805.104217,628925.750000,controller,LHR-65847686,1,200,-0.583902,1.218274,-3.004667,0.956634,0.154653,-0.212602,-0.125437,-0.0001,-0.0007,-0.0008,0
1784730805.114714,628925.765000,controller,LHR-65847686,1,200,-0.583903,1.218310,-3.004675,0.956641,0.154600,-0.212618,-0.125417,-0.0007,-0.0002,-0.0008,0
1784730805.120214,628925.765000,controller,LHR-65847686,1,200,-0.583906,1.218308,-3.004680,0.956645,0.154591,-0.212618,-0.125404,-0.0006,-0.0003,-0.0009,0
1784730805.135717,628925.781000,controller,LHR-65847686,1,200,-0.583772,1.218376,-3.004611,0.956622,0.154656,-0.212682,-0.125392,0.0019,0.0006,0.0001,0
1784730805.145218,628925.796000,controller,LHR-65847686,1,200,-0.583851,1.218338,-3.004532,0.956633,0.154686,-0.212645,-0.125328,0.0004,0.0002,0.0017,0
1784730805.149714,628925.796000,controller,LHR-65847686,1,200,-0.583849,1.218341,-3.004524,0.956635,0.154685,-0.212646,-0.125317,0.0004,0.0004,0.0018,0
1784730805.164215,628925.812000,controller,LHR-65847686,1,200,-0.583889,1.218320,-3.004513,0.956636,0.154695,-0.212640,-0.125306,0.0001,0.0007,0.0020,0
1784730805.172714,628925.812000,controller,LHR-65847686,1,200,-0.583869,1.218335,-3.004570,0.956632,0.154703,-0.212636,-0.125328,0.0004,0.0008,0.0006,0
1784730805.191214,628925.843000,controller,LHR-65847686,1,200,-0.583894,1.218339,-3.004624,0.956637,0.154707,-0.212623,-0.125311,-0.0004,0.0009,-0.0002,0
1784730805.191214,628925.843000,controller,LHR-65847686,1,200,-0.583894,1.218336,-3.004624,0.956638,0.154702,-0.212627,-0.125306,-0.0004,0.0003,-0.0004,0
1784730805.201716,628925.843000,controller,LHR-65847686,1,200,-0.583899,1.218339,-3.004631,0.956638,0.154699,-0.212632,-0.125295,-0.0005,0.0002,-0.0006,0
1784730805.222215,628925.875000,controller,LHR-65847686,1,200,-0.583856,1.218296,-3.004570,0.956641,0.154682,-0.212627,-0.125300,0.0001,-0.0005,0.0001,0
1784730805.222215,628925.875000,controller,LHR-65847686,1,200,-0.583856,1.218296,-3.004570,0.956642,0.154682,-0.212627,-0.125300,0.0001,-0.0005,0.0001,0
1784730805.232715,628925.875000,controller,LHR-65847686,1,200,-0.583825,1.218334,-3.004556,0.956664,0.154655,-0.212592,-0.125220,0.0004,0.0001,0.0004,0
1784730805.253215,628925.906000,controller,LHR-65847686,1,200,-0.583834,1.218393,-3.004614,0.956652,0.154672,-0.212627,-0.125237,0.0003,0.0011,-0.0007,0
1784730805.253215,628925.906000,controller,LHR-65847686,1,200,-0.583834,1.218393,-3.004614,0.956652,0.154672,-0.212626,-0.125237,0.0003,0.0011,-0.0007,0
1784730805.263718,628925.906000,controller,LHR-65847686,1,200,-0.583804,1.218425,-3.004605,0.956645,0.154693,-0.212637,-0.125240,0.0009,0.0013,-0.0003,0
1784730805.284217,628925.937000,controller,LHR-65847686,1,200,-0.583840,1.218415,-3.004570,0.956656,0.154728,-0.212598,-0.125184,-0.0000,0.0009,0.0000,0
1784730805.284217,628925.937000,controller,LHR-65847686,1,200,-0.583840,1.218415,-3.004570,0.956656,0.154728,-0.212598,-0.125185,-0.0000,0.0009,0.0000,0
1784730805.294715,628925.937000,controller,LHR-65847686,1,200,-0.583834,1.218426,-3.004533,0.956648,0.154777,-0.212598,-0.125188,0.0004,0.0015,0.0009,0
1784730805.315214,628925.968000,controller,LHR-65847686,1,200,-0.583829,1.218357,-3.004571,0.956664,0.154744,-0.212580,-0.125133,0.0002,-0.0002,-0.0000,0
1784730805.315214,628925.968000,controller,LHR-65847686,1,200,-0.583829,1.218357,-3.004571,0.956664,0.154744,-0.212580,-0.125133,0.0002,-0.0002,-0.0000,0
1784730805.325715,628925.968000,controller,LHR-65847686,1,200,-0.583834,1.218346,-3.004574,0.956672,0.154739,-0.212579,-0.125082,-0.0001,-0.0002,-0.0002,0
1784730805.346214,628926.000000,controller,LHR-65847686,1,200,-0.583875,1.218339,-3.004595,0.956684,0.154710,-0.212558,-0.125058,-0.0006,-0.0011,-0.0005,0
1784730805.346717,628926.000000,controller,LHR-65847686,1,200,-0.583875,1.218339,-3.004595,0.956684,0.154710,-0.212558,-0.125059,-0.0006,-0.0011,-0.0005,0
1784730805.357214,628926.000000,controller,LHR-65847686,1,200,-0.583895,1.218403,-3.004591,0.956680,0.154750,-0.212551,-0.125052,-0.0007,-0.0004,-0.0001,0
1784730805.377714,628926.031000,controller,LHR-65847686,1,200,-0.583850,1.218295,-3.004509,0.956690,0.154726,-0.212544,-0.125015,0.0001,-0.0012,0.0009,0
1784730805.377714,628926.031000,controller,LHR-65847686,1,200,-0.583850,1.218294,-3.004509,0.956690,0.154726,-0.212544,-0.125014,0.0001,-0.0012,0.0009,0
1784730805.388216,628926.031000,controller,LHR-65847686,1,200,-0.583831,1.218322,-3.004551,0.956673,0.154722,-0.212575,-0.125102,0.0005,-0.0011,0.0000,0
1784730805.408714,628926.062000,controller,LHR-65847686,1,200,-0.583852,1.218320,-3.004584,0.956667,0.154739,-0.212594,-0.125091,0.0001,-0.0013,-0.0009,0
1784730805.408714,628926.062000,controller,LHR-65847686,1,200,-0.583852,1.218320,-3.004584,0.956667,0.154739,-0.212595,-0.125091,0.0001,-0.0013,-0.0009,0
1784730805.419214,628926.062000,controller,LHR-65847686,1,200,-0.583855,1.218306,-3.004594,0.956667,0.154737,-0.212597,-0.125090,-0.0003,-0.0015,-0.0011,0
1784730805.439716,628926.093000,controller,LHR-65847686,1,200,-0.583892,1.218253,-3.004645,0.956642,0.154767,-0.212629,-0.125187,-0.0011,-0.0017,-0.0014,0
1784730805.439716,628926.093000,controller,LHR-65847686,1,200,-0.583892,1.218253,-3.004645,0.956642,0.154767,-0.212629,-0.125187,-0.0011,-0.0017,-0.0014,0
1784730805.450215,628926.093000,controller,LHR-65847686,1,200,-0.583926,1.218246,-3.004593,0.956646,0.154804,-0.212603,-0.125158,-0.0017,-0.0012,-0.0005,0
1784730805.470715,628926.109000,controller,LHR-65847686,1,200,-0.583896,1.218291,-3.004604,0.956669,0.154721,-0.212582,-0.125119,-0.0004,-0.0004,-0.0004,0
1784730805.485215,628926.125000,controller,LHR-65847686,1,200,-0.583885,1.218290,-3.004601,0.956658,0.154723,-0.212586,-0.125190,0.0003,0.0004,0.0001,0
1784730805.493715,628926.140000,controller,LHR-65847686,1,200,-0.583915,1.218333,-3.004576,0.956663,0.154739,-0.212559,-0.125183,-0.0000,0.0003,0.0003,0
1784730805.497216,628926.140000,controller,LHR-65847686,1,200,-0.583917,1.218334,-3.004575,0.956663,0.154743,-0.212552,-0.125187,-0.0003,0.0003,0.0002,0
1784730805.510718,628926.156000,controller,LHR-65847686,1,200,-0.583898,1.218393,-3.004609,0.956651,0.154801,-0.212581,-0.125163,0.0001,0.0010,-0.0002,0
1784730805.518216,628926.171000,controller,LHR-65847686,1,200,-0.583902,1.218401,-3.004612,0.956651,0.154804,-0.212576,-0.125163,-0.0003,0.0012,-0.0003,0
1784730805.520718,628926.171000,controller,LHR-65847686,1,200,-0.583906,1.218401,-3.004614,0.956652,0.154799,-0.212571,-0.125169,-0.0007,0.0008,-0.0005,0
1784730805.533217,628926.171000,controller,LHR-65847686,1,200,-0.583860,1.218423,-3.004571,0.956653,0.154825,-0.212575,-0.125126,-0.0001,0.0016,0.0004,0
1784730805.555715,628926.203000,controller,LHR-65847686,1,200,-0.583865,1.218342,-3.004543,0.956632,0.154888,-0.212569,-0.125217,-0.0000,0.0003,0.0004,0
1784730805.556215,628926.203000,controller,LHR-65847686,1,200,-0.583865,1.218342,-3.004543,0.956632,0.154889,-0.212569,-0.125218,-0.0000,0.0003,0.0004,0
1784730805.567716,628926.218000,controller,LHR-65847686,1,200,-0.583889,1.218345,-3.004540,0.956635,0.154910,-0.212535,-0.125220,-0.0004,-0.0001,-0.0000,0
1784730805.573215,628926.218000,controller,LHR-65847686,1,200,-0.583891,1.218343,-3.004541,0.956636,0.154904,-0.212536,-0.125224,-0.0004,-0.0002,-0.0001,0
1784730805.588716,628926.234000,controller,LHR-65847686,1,200,-0.583862,1.218297,-3.004598,0.956645,0.154844,-0.212499,-0.125292,0.0002,-0.0006,-0.0006,0
1784730805.598216,628926.250000,controller,LHR-65847686,1,200,-0.583857,1.218289,-3.004605,0.956642,0.154844,-0.212508,-0.125295,0.0004,-0.0010,-0.0008,0
1784730805.601715,628926.250000,controller,LHR-65847686,1,200,-0.583856,1.218286,-3.004608,0.956642,0.154844,-0.212509,-0.125295,0.0004,-0.0010,-0.0008,0
1784730805.615216,628926.265000,controller,LHR-65847686,1,200,-0.583923,1.218199,-3.004603,0.956628,0.154862,-0.212521,-0.125361,-0.0006,-0.0021,-0.0008,0
1784730805.623717,628926.265000,controller,LHR-65847686,1,200,-0.583847,1.218235,-3.004566,0.956621,0.154869,-0.212538,-0.125381,0.0008,-0.0013,0.0001,0
1784730805.642214,628926.281000,controller,LHR-65847686,1,200,-0.583885,1.218225,-3.004550,0.956605,0.154927,-0.212558,-0.125398,-0.0000,-0.0009,0.0002,0
1784730805.654716,628926.296000,controller,LHR-65847686,1,200,-0.583886,1.218285,-3.004590,0.956612,0.154934,-0.212544,-0.125354,0.0001,-0.0004,-0.0006,0
1784730805.662215,628926.312000,controller,LHR-65847686,1,200,-0.583889,1.218278,-3.004596,0.956615,0.154935,-0.212538,-0.125345,-0.0002,-0.0009,-0.0008,0
1784730805.663716,628926.312000,controller,LHR-65847686,1,200,-0.583873,1.218295,-3.004589,0.956610,0.154945,-0.212544,-0.125357,0.0002,-0.0004,-0.0006,0
1784730805.675215,628926.328000,controller,LHR-65847686,1,200,-0.583866,1.218330,-3.004588,0.956594,0.154953,-0.212602,-0.125372,0.0003,-0.0000,-0.0006,0
1784730805.680717,628926.328000,controller,LHR-65847686,1,200,-0.583875,1.218311,-3.004601,0.956594,0.154938,-0.212594,-0.125405,0.0000,-0.0009,-0.0009,0
1784730805.696215,628926.343000,controller,LHR-65847686,1,200,-0.583859,1.218280,-3.004583,0.956603,0.154923,-0.212573,-0.125389,0.0004,-0.0012,-0.0003,0
1784730805.706715,628926.359000,controller,LHR-65847686,1,200,-0.583887,1.218280,-3.004616,0.956590,0.154942,-0.212578,-0.125454,0.0003,-0.0005,-0.0002,0
1784730805.711215,628926.359000,controller,LHR-65847686,1,200,-0.583886,1.218276,-3.004618,0.956589,0.154948,-0.212577,-0.125458,0.0002,-0.0009,-0.0005,0
1784730805.725713,628926.375000,controller,LHR-65847686,1,200,-0.583888,1.218243,-3.004632,0.956579,0.154935,-0.212589,-0.125534,0.0005,-0.0015,-0.0005,0
1784730805.734218,628926.375000,controller,LHR-65847686,1,200,-0.583911,1.218293,-3.004609,0.956568,0.154976,-0.212600,-0.125544,-0.0002,-0.0001,-0.0002,0
1784730805.753216,628926.406000,controller,LHR-65847686,1,200,-0.583842,1.218372,-3.004564,0.956554,0.154966,-0.212666,-0.125554,0.0007,0.0003,0.0006,0
1784730805.753216,628926.406000,controller,LHR-65847686,1,200,-0.583842,1.218373,-3.004564,0.956554,0.154966,-0.212665,-0.125554,0.0007,0.0003,0.0006,0
1784730805.763717,628926.406000,controller,LHR-65847686,1,200,-0.583877,1.218289,-3.004557,0.956543,0.155000,-0.212662,-0.125600,-0.0002,-0.0009,0.0005,0
1784730805.784217,628926.437000,controller,LHR-65847686,1,200,-0.583762,1.218315,-3.004560,0.956541,0.154989,-0.212690,-0.125581,0.0019,-0.0002,0.0002,0
1784730805.784715,628926.437000,controller,LHR-65847686,1,200,-0.583761,1.218315,-3.004560,0.956541,0.154989,-0.212690,-0.125581,0.0019,-0.0002,0.0002,0
1784730805.795215,628926.437000,controller,LHR-65847686,1,200,-0.583798,1.218307,-3.004513,0.956568,0.154936,-0.212656,-0.125503,0.0010,-0.0009,0.0008,0
1784730805.815718,628926.468000,controller,LHR-65847686,1,200,-0.583746,1.218389,-3.004529,0.956576,0.154912,-0.212652,-0.125471,0.0015,0.0006,0.0003,0
1784730805.815718,628926.468000,controller,LHR-65847686,1,200,-0.583746,1.218389,-3.004529,0.956576,0.154912,-0.212652,-0.125471,0.0015,0.0006,0.0003,0
1784730805.826218,628926.468000,controller,LHR-65847686,1,200,-0.583824,1.218336,-3.004503,0.956576,0.154903,-0.212662,-0.125466,-0.0002,-0.0003,0.0009,0
1784730805.846717,628926.500000,controller,LHR-65847686,1,200,-0.583850,1.218303,-3.004500,0.956582,0.154885,-0.212675,-0.125421,-0.0001,-0.0005,0.0008,0
1784730805.846717,628926.500000,controller,LHR-65847686,1,200,-0.583850,1.218303,-3.004500,0.956582,0.154885,-0.212676,-0.125421,-0.0001,-0.0005,0.0008,0
1784730805.857215,628926.500000,controller,LHR-65847686,1,200,-0.583843,1.218302,-3.004528,0.956591,0.154888,-0.212634,-0.125420,-0.0002,-0.0004,0.0002,0
1784730805.877714,628926.531000,controller,LHR-65847686,1,200,-0.583864,1.218367,-3.004598,0.956596,0.154911,-0.212626,-0.125369,-0.0009,0.0004,-0.0008,0
1784730805.877714,628926.531000,controller,LHR-65847686,1,200,-0.583864,1.218367,-3.004598,0.956596,0.154911,-0.212626,-0.125369,-0.0009,0.0004,-0.0008,0
1784730805.888215,628926.531000,controller,LHR-65847686,1,200,-0.583939,1.218356,-3.004626,0.956595,0.154917,-0.212639,-0.125343,-0.0023,0.0005,-0.0011,0
1784730805.908716,628926.562000,controller,LHR-65847686,1,200,-0.583932,1.218323,-3.004539,0.956603,0.154923,-0.212636,-0.125282,-0.0017,0.0000,0.0005,0
1784730805.908716,628926.562000,controller,LHR-65847686,1,200,-0.583933,1.218323,-3.004539,0.956603,0.154923,-0.212636,-0.125282,-0.0017,0.0000,0.0005,0
1784730805.919217,628926.562000,controller,LHR-65847686,1,200,-0.583949,1.218317,-3.004533,0.956599,0.154932,-0.212631,-0.125308,-0.0015,-0.0003,0.0006,0
1784730805.939716,628926.593000,controller,LHR-65847686,1,200,-0.583885,1.218378,-3.004501,0.956581,0.154937,-0.212698,-0.125328,-0.0004,0.0003,0.0006,0
1784730805.939716,628926.593000,controller,LHR-65847686,1,200,-0.583885,1.218378,-3.004501,0.956581,0.154937,-0.212698,-0.125328,-0.0004,0.0003,0.0006,0
1784730805.950215,628926.593000,controller,LHR-65847686,1,200,-0.583817,1.218442,-3.004536,0.956581,0.154916,-0.212692,-0.125361,0.0008,0.0012,-0.0002,0
1784730805.970715,628926.609000,controller,LHR-65847686,1,200,-0.583804,1.218363,-3.004529,0.956583,0.154936,-0.212686,-0.125336,0.0004,-0.0004,-0.0002,0
1784730805.985215,628926.625000,controller,LHR-65847686,1,200,-0.583845,1.218372,-3.004573,0.956583,0.154941,-0.212673,-0.125351,0.0004,0.0005,-0.0004,0
1784730805.993715,628926.640000,controller,LHR-65847686,1,200,-0.583840,1.218372,-3.004577,0.956581,0.154938,-0.212675,-0.125367,0.0007,0.0001,-0.0005,0
1784730805.997215,628926.640000,controller,LHR-65847686,1,200,-0.583838,1.218373,-3.004579,0.956582,0.154934,-0.212676,-0.125360,0.0006,0.0000,-0.0005,0
1784730806.010715,628926.656000,controller,LHR-65847686,1,200,-0.583869,1.218323,-3.004563,0.956578,0.154956,-0.212693,-0.125332,-0.0000,-0.0003,-0.0000,0
1784730806.018214,628926.671000,controller,LHR-65847686,1,200,-0.583870,1.218319,-3.004563,0.956578,0.154953,-0.212694,-0.125333,-0.0001,-0.0004,-0.0000,0
1784730806.020715,628926.671000,controller,LHR-65847686,1,200,-0.583938,1.218253,-3.004603,0.956573,0.154948,-0.212686,-0.125394,-0.0010,-0.0015,-0.0008,0
1784730806.033216,628926.671000,controller,LHR-65847686,1,200,-0.583965,1.218263,-3.004623,0.956580,0.154943,-0.212689,-0.125345,-0.0006,-0.0008,-0.0007,0
1784730806.055715,628926.703000,controller,LHR-65847686,1,200,-0.583818,1.218314,-3.004581,0.956594,0.154896,-0.212652,-0.125360,0.0011,-0.0001,0.0000,0
1784730806.056216,628926.703000,controller,LHR-65847686,1,200,-0.583817,1.218314,-3.004581,0.956594,0.154896,-0.212651,-0.125361,0.0011,-0.0001,0.0000,0
1784730806.066718,628926.718000,controller,LHR-65847686,1,200,-0.583827,1.218331,-3.004621,0.956594,0.154895,-0.212641,-0.125378,0.0009,0.0000,-0.0008,0
1784730806.072216,628926.718000,controller,LHR-65847686,1,200,-0.583837,1.218343,-3.004601,0.956589,0.154896,-0.212664,-0.125374,0.0009,0.0001,-0.0002,0
1784730806.087715,628926.734000,controller,LHR-65847686,1,200,-0.583844,1.218339,-3.004601,0.956590,0.154925,-0.212654,-0.125347,0.0004,0.0004,-0.0001,0
1784730806.097215,628926.750000,controller,LHR-65847686,1,200,-0.583841,1.218341,-3.004602,0.956597,0.154908,-0.212647,-0.125328,0.0003,0.0001,-0.0002,0
1784730806.100716,628926.750000,controller,LHR-65847686,1,200,-0.583838,1.218341,-3.004602,0.956596,0.154911,-0.212648,-0.125328,0.0005,0.0000,-0.0001,0
1784730806.114214,628926.765000,controller,LHR-65847686,1,200,-0.583893,1.218309,-3.004616,0.956594,0.154874,-0.212650,-0.125388,-0.0003,-0.0006,-0.0001,0
1784730806.122715,628926.765000,controller,LHR-65847686,1,200,-0.583942,1.218264,-3.004639,0.956587,0.154875,-0.212657,-0.125426,-0.0010,-0.0011,-0.0003,0
1784730806.141215,628926.781000,controller,LHR-65847686,1,200,-0.583894,1.218251,-3.004632,0.956595,0.154849,-0.212656,-0.125400,0.0001,-0.0005,-0.0001,0
1784730806.153716,628926.796000,controller,LHR-65847686,1,200,-0.583919,1.218338,-3.004665,0.956593,0.154867,-0.212660,-0.125388,-0.0004,0.0007,-0.0006,0
1784730806.161217,628926.812000,controller,LHR-65847686,1,200,-0.583924,1.218345,-3.004669,0.956595,0.154875,-0.212650,-0.125381,-0.0007,0.0009,-0.0006,0
1784730806.162718,628926.812000,controller,LHR-65847686,1,200,-0.583861,1.218393,-3.004641,0.956588,0.154869,-0.212666,-0.125409,0.0004,0.0008,-0.0003,0
1784730806.174214,628926.828000,controller,LHR-65847686,1,200,-0.583864,1.218475,-3.004562,0.956573,0.154927,-0.212664,-0.125454,0.0000,0.0020,0.0011,0
1784730806.179715,628926.828000,controller,LHR-65847686,1,200,-0.583862,1.218480,-3.004556,0.956574,0.154912,-0.212673,-0.125451,0.0003,0.0014,0.0012,0
1784730806.195217,628926.843000,controller,LHR-65847686,1,200,-0.583825,1.218424,-3.004508,0.956594,0.154930,-0.212626,-0.125362,0.0004,0.0003,0.0015,0
1784730806.205715,628926.859000,controller,LHR-65847686,1,200,-0.583834,1.218415,-3.004499,0.956595,0.154933,-0.212628,-0.125346,0.0004,-0.0002,0.0014,0
1784730806.210215,628926.859000,controller,LHR-65847686,1,200,-0.583815,1.218393,-3.004508,0.956598,0.154909,-0.212623,-0.125355,0.0006,-0.0001,0.0014,0
1784730806.224716,628926.875000,controller,LHR-65847686,1,200,-0.583852,1.218331,-3.004554,0.956601,0.154895,-0.212605,-0.125387,0.0004,-0.0006,0.0005,0
1784730806.233214,628926.875000,controller,LHR-65847686,1,200,-0.583847,1.218327,-3.004545,0.956598,0.154904,-0.212612,-0.125381,0.0005,-0.0007,0.0009,0
1784730806.251716,628926.890000,controller,LHR-65847686,1,200,-0.583786,1.218335,-3.004542,0.956577,0.154944,-0.212667,-0.125401,0.0014,0.0000,0.0011,0
1784730806.265215,628926.906000,controller,LHR-65847686,1,200,-0.583796,1.218317,-3.004542,0.956573,0.154942,-0.212672,-0.125429,0.0008,0.0002,0.0008,0
1784730806.272714,628926.921000,controller,LHR-65847686,1,200,-0.583820,1.218354,-3.004496,0.956577,0.154961,-0.212645,-0.125415,0.0002,0.0001,0.0011,0
1784730806.275215,628926.921000,controller,LHR-65847686,1,200,-0.583817,1.218354,-3.004492,0.956576,0.154960,-0.212651,-0.125416,0.0005,0.0001,0.0013,0
1784730806.287715,628926.937000,controller,LHR-65847686,1,200,-0.583861,1.218353,-3.004503,0.956582,0.154924,-0.212666,-0.125391,-0.0006,-0.0000,0.0007,0
1784730806.294215,628926.937000,controller,LHR-65847686,1,200,-0.583862,1.218359,-3.004496,0.956579,0.154937,-0.212669,-0.125394,-0.0003,0.0007,0.0009,0
1784730806.310718,628926.953000,controller,LHR-65847686,1,200,-0.583844,1.218379,-3.004508,0.956605,0.154874,-0.212648,-0.125305,-0.0001,0.0007,0.0003,0
1784730806.321215,628926.968000,controller,LHR-65847686,1,200,-0.583843,1.218385,-3.004503,0.956604,0.154872,-0.212655,-0.125308,0.0001,0.0005,0.0004,0
1784730806.326716,628926.968000,controller,LHR-65847686,1,200,-0.583851,1.218366,-3.004596,0.956600,0.154846,-0.212662,-0.125357,0.0003,0.0002,-0.0009,0
1784730806.342217,628926.984000,controller,LHR-65847686,1,200,-0.583865,1.218362,-3.004618,0.956606,0.154849,-0.212651,-0.125323,-0.0001,0.0001,-0.0011,0
1784730806.351714,628927.000000,controller,LHR-65847686,1,200,-0.583852,1.218385,-3.004570,0.956595,0.154855,-0.212681,-0.125351,0.0001,0.0003,-0.0001,0
1784730806.355215,628927.000000,controller,LHR-65847686,1,200,-0.583851,1.218386,-3.004570,0.956594,0.154860,-0.212679,-0.125355,0.0002,0.0003,-0.0000,0
1784730806.368716,628927.015000,controller,LHR-65847686,1,200,-0.583866,1.218349,-3.004581,0.956584,0.154873,-0.212683,-0.125413,0.0004,-0.0002,0.0002,0
1784730806.377215,628927.031000,controller,LHR-65847686,1,200,-0.583862,1.218343,-3.004581,0.956584,0.154866,-0.212682,-0.125417,0.0005,-0.0005,0.0001,0
1784730806.379715,628927.031000,controller,LHR-65847686,1,200,-0.583832,1.218372,-3.004567,0.956584,0.154866,-0.212688,-0.125412,0.0011,-0.0004,0.0001,0
1784730806.392215,628927.031000,controller,LHR-65847686,1,200,-0.583819,1.218343,-3.004584,0.956599,0.154831,-0.212679,-0.125354,0.0012,-0.0005,-0.0000,0
1784730806.414715,628927.062000,controller,LHR-65847686,1,200,-0.583781,1.218311,-3.004522,0.956596,0.154873,-0.212656,-0.125363,0.0010,-0.0007,0.0006,0
1784730806.416213,628927.062000,controller,LHR-65847686,1,200,-0.583779,1.218310,-3.004521,0.956596,0.154873,-0.212656,-0.125364,0.0010,-0.0007,0.0006,0
1784730806.427715,628927.078000,controller,LHR-65847686,1,200,-0.583779,1.218394,-3.004557,0.956615,0.154838,-0.212633,-0.125299,0.0010,0.0006,0.0000,0
1784730806.433215,628927.078000,controller,LHR-65847686,1,200,-0.583778,1.218396,-3.004559,0.956620,0.154829,-0.212626,-0.125284,0.0006,0.0005,-0.0002,0
1784730806.448714,628927.093000,controller,LHR-65847686,1,200,-0.583875,1.218373,-3.004607,0.956594,0.154822,-0.212689,-0.125388,-0.0004,0.0005,-0.0005,0
1784730806.459218,628927.109000,controller,LHR-65847686,1,200,-0.583878,1.218379,-3.004611,0.956594,0.154823,-0.212691,-0.125382,-0.0003,0.0005,-0.0004,0
1784730806.463715,628927.109000,controller,LHR-65847686,1,200,-0.583815,1.218428,-3.004576,0.956600,0.154822,-0.212693,-0.125335,0.0005,0.0008,0.0001,0
1784730806.478215,628927.125000,controller,LHR-65847686,1,200,-0.583792,1.218379,-3.004519,0.956603,0.154852,-0.212676,-0.125302,0.0007,-0.0001,0.0007,0
1784730806.486716,628927.140000,controller,LHR-65847686,1,200,-0.583815,1.218390,-3.004546,0.956621,0.154831,-0.212645,-0.125244,0.0007,0.0006,0.0007,0
1784730806.490216,628927.140000,controller,LHR-65847686,1,200,-0.583813,1.218390,-3.004543,0.956621,0.154826,-0.212642,-0.125250,0.0007,0.0001,0.0006,0
1784730806.503715,628927.156000,controller,LHR-65847686,1,200,-0.583804,1.218389,-3.004541,0.956622,0.154831,-0.212635,-0.125253,0.0008,-0.0002,0.0003,0
1784730806.511214,628927.156000,controller,LHR-65847686,1,200,-0.583837,1.218372,-3.004502,0.956612,0.154856,-0.212662,-0.125254,0.0004,-0.0005,0.0010,0
1784730806.528715,628927.171000,controller,LHR-65847686,1,200,-0.583808,1.218417,-3.004547,0.956609,0.154812,-0.212675,-0.125309,0.0001,0.0003,0.0000,0
1784730806.541215,628927.187000,controller,LHR-65847686,1,200,-0.583810,1.218417,-3.004548,0.956606,0.154818,-0.212670,-0.125330,-0.0003,0.0003,-0.0001,0
1784730806.547715,628927.187000,controller,LHR-65847686,1,200,-0.583761,1.218381,-3.004499,0.956626,0.154795,-0.212623,-0.125282,0.0004,-0.0007,0.0005,0
1784730806.564215,628927.203000,controller,LHR-65847686,1,200,-0.583778,1.218361,-3.004496,0.956637,0.154776,-0.212631,-0.125211,-0.0004,-0.0008,0.0006,0
1784730806.574716,628927.218000,controller,LHR-65847686,1,200,-0.583785,1.218445,-3.004564,0.956637,0.154791,-0.212619,-0.125214,-0.0005,0.0007,-0.0004,0
1784730806.580215,628927.218000,controller,LHR-65847686,1,200,-0.583784,1.218450,-3.004564,0.956632,0.154798,-0.212628,-0.125225,0.0001,0.0009,-0.0000,0
1784730806.595715,628927.234000,controller,LHR-65847686,1,200,-0.583837,1.218429,-3.004580,0.956641,0.154782,-0.212628,-0.125181,-0.0001,0.0008,-0.0002,0
1784730806.605215,628927.250000,controller,LHR-65847686,1,200,-0.583879,1.218404,-3.004604,0.956636,0.154771,-0.212624,-0.125237,-0.0008,0.0003,-0.0005,0
1784730806.608714,628927.250000,controller,LHR-65847686,1,200,-0.583864,1.218291,-3.004519,0.956647,0.154777,-0.212594,-0.125194,-0.0004,-0.0007,0.0010,0
1784730806.622216,628927.265000,controller,LHR-65847686,1,200,-0.583872,1.218306,-3.004590,0.956644,0.154739,-0.212620,-0.125219,-0.0004,-0.0006,-0.0004,0
1784730806.630715,628927.281000,controller,LHR-65847686,1,200,-0.583876,1.218303,-3.004593,0.956641,0.154746,-0.212615,-0.125242,-0.0006,-0.0002,-0.0005,0
1784730806.633215,628927.281000,controller,LHR-65847686,1,200,-0.583878,1.218303,-3.004595,0.956641,0.154749,-0.212613,-0.125248,-0.0006,-0.0002,-0.0005,0
1784730806.645715,628927.296000,controller,LHR-65847686,1,200,-0.583860,1.218312,-3.004555,0.956628,0.154816,-0.212623,-0.125242,-0.0001,-0.0006,0.0001,0
1784730806.653216,628927.296000,controller,LHR-65847686,1,200,-0.583862,1.218309,-3.004553,0.956629,0.154816,-0.212620,-0.125242,-0.0002,-0.0004,0.0002,0
1784730806.670714,628927.312000,controller,LHR-65847686,1,200,-0.583874,1.218255,-3.004575,0.956629,0.154820,-0.212628,-0.125221,-0.0005,-0.0010,-0.0003,0
1784730806.682214,628927.328000,controller,LHR-65847686,1,200,-0.583865,1.218293,-3.004552,0.956633,0.154845,-0.212625,-0.125168,-0.0003,-0.0010,-0.0003,0
1784730806.687716,628927.328000,controller,LHR-65847686,1,200,-0.583868,1.218288,-3.004554,0.956635,0.154846,-0.212624,-0.125156,-0.0006,-0.0010,-0.0003,0
1784730806.703215,628927.343000,controller,LHR-65847686,1,200,-0.583796,1.218375,-3.004587,0.956629,0.154852,-0.212610,-0.125215,0.0009,-0.0001,-0.0009,0
1784730806.713714,628927.359000,controller,LHR-65847686,1,200,-0.583785,1.218378,-3.004596,0.956629,0.154853,-0.212607,-0.125216,0.0011,0.0003,-0.0007,0
1784730806.718214,628927.359000,controller,LHR-65847686,1,200,-0.583782,1.218378,-3.004599,0.956630,0.154855,-0.212600,-0.125223,0.0009,0.0002,-0.0006,0
1784730806.732716,628927.375000,controller,LHR-65847686,1,200,-0.583793,1.218358,-3.004589,0.956629,0.154813,-0.212590,-0.125297,0.0004,-0.0009,-0.0004,0
1784730806.741215,628927.390000,controller,LHR-65847686,1,200,-0.583791,1.218347,-3.004595,0.956630,0.154807,-0.212584,-0.125305,0.0002,-0.0013,-0.0006,0
1784730806.744715,628927.390000,controller,LHR-65847686,1,200,-0.583763,1.218301,-3.004580,0.956619,0.154844,-0.212582,-0.125346,0.0009,-0.0016,-0.0000,0
1784730806.758215,628927.406000,controller,LHR-65847686,1,200,-0.583759,1.218282,-3.004580,0.956615,0.154853,-0.212589,-0.125352,-0.0000,-0.0015,-0.0003,0
1784730806.765716,628927.406000,controller,LHR-65847686,1,200,-0.583788,1.218331,-3.004621,0.956613,0.154902,-0.212608,-0.125281,-0.0007,-0.0009,-0.0010,0
1784730806.783214,628927.421000,controller,LHR-65847686,1,200,-0.583824,1.218246,-3.004555,0.956624,0.154893,-0.212587,-0.125242,-0.0014,-0.0012,0.0004,0
1784730806.795716,628927.437000,controller,LHR-65847686,1,200,-0.583840,1.218223,-3.004550,0.956625,0.154890,-0.212593,-0.125226,-0.0011,-0.0017,0.0005,0
1784730806.802215,628927.453000,controller,LHR-65847686,1,200,-0.583875,1.218304,-3.004583,0.956638,0.154877,-0.212574,-0.125178,-0.0013,-0.0005,-0.0001,0
1784730806.802716,628927.453000,controller,LHR-65847686,1,200,-0.583876,1.218304,-3.004583,0.956638,0.154877,-0.212574,-0.125177,-0.0013,-0.0005,-0.0001,0
1784730806.813215,628927.453000,controller,LHR-65847686,1,200,-0.583889,1.218299,-3.004585,0.956638,0.154882,-0.212569,-0.125180,-0.0012,-0.0004,-0.0002,0
1784730806.833714,628927.484000,controller,LHR-65847686,1,200,-0.583866,1.218346,-3.004519,0.956606,0.154902,-0.212639,-0.125277,-0.0003,0.0002,0.0009,0
1784730806.833714,628927.484000,controller,LHR-65847686,1,200,-0.583866,1.218346,-3.004519,0.956606,0.154902,-0.212639,-0.125278,-0.0003,0.0002,0.0009,0
1784730806.844214,628927.484000,controller,LHR-65847686,1,200,-0.583898,1.218424,-3.004578,0.956598,0.154879,-0.212650,-0.125351,-0.0008,0.0008,-0.0005,0
1784730806.864714,628927.515000,controller,LHR-65847686,1,200,-0.583829,1.218376,-3.004564,0.956606,0.154863,-0.212615,-0.125366,-0.0004,-0.0005,-0.0004,0
1784730806.864714,628927.515000,controller,LHR-65847686,1,200,-0.583829,1.218376,-3.004564,0.956606,0.154862,-0.212615,-0.125366,-0.0004,-0.0005,-0.0004,0
1784730806.875215,628927.515000,controller,LHR-65847686,1,200,-0.583834,1.218379,-3.004562,0.956603,0.154875,-0.212627,-0.125360,-0.0006,0.0005,0.0002,0
1784730806.895715,628927.546000,controller,LHR-65847686,1,200,-0.583853,1.218363,-3.004543,0.956604,0.154878,-0.212630,-0.125339,-0.0011,0.0001,0.0002,0
1784730806.895715,628927.546000,controller,LHR-65847686,1,200,-0.583853,1.218363,-3.004543,0.956604,0.154878,-0.212630,-0.125339,-0.0011,0.0001,0.0002,0
1784730806.906214,628927.546000,controller,LHR-65847686,1,200,-0.583900,1.218316,-3.004558,0.956602,0.154879,-0.212620,-0.125369,-0.0013,-0.0003,0.0002,0
1784730806.926715,628927.578000,controller,LHR-65847686,1,200,-0.583889,1.218372,-3.004573,0.956605,0.154885,-0.212622,-0.125336,-0.0004,0.0006,-0.0003,0
1784730806.926715,628927.578000,controller,LHR-65847686,1,200,-0.583889,1.218372,-3.004573,0.956605,0.154885,-0.212622,-0.125336,-0.0004,0.0006,-0.0003,0
1784730806.937215,628927.578000,controller,LHR-65847686,1,200,-0.583893,1.218376,-3.004576,0.956605,0.154876,-0.212619,-0.125355,-0.0003,0.0005,-0.0003,0
1784730806.957716,628927.609000,controller,LHR-65847686,1,200,-0.583808,1.218463,-3.004529,0.956586,0.154902,-0.212643,-0.125424,0.0003,0.0014,0.0004,0
1784730806.957716,628927.609000,controller,LHR-65847686,1,200,-0.583808,1.218463,-3.004529,0.956586,0.154902,-0.212643,-0.125425,0.0003,0.0014,0.0004,0
1784730806.968215,628927.609000,controller,LHR-65847686,1,200,-0.583795,1.218431,-3.004539,0.956596,0.154870,-0.212619,-0.125428,0.0006,0.0009,0.0003,0
1784730806.988714,628927.640000,controller,LHR-65847686,1,200,-0.583783,1.218466,-3.004569,0.956597,0.154862,-0.212631,-0.125409,0.0002,0.0005,-0.0004,0
1784730806.988714,628927.640000,controller,LHR-65847686,1,200,-0.583783,1.218466,-3.004569,0.956597,0.154862,-0.212631,-0.125409,0.0002,0.0005,-0.0004,0
1784730806.999216,628927.640000,controller,LHR-65847686,1,200,-0.583780,1.218470,-3.004573,0.956600,0.154859,-0.212620,-0.125410,0.0002,0.0005,-0.0005,0
1784730807.019716,628927.671000,controller,LHR-65847686,1,200,-0.583778,1.218408,-3.004526,0.956612,0.154856,-0.212609,-0.125342,0.0004,-0.0001,0.0002,0
1784730807.019716,628927.671000,controller,LHR-65847686,1,200,-0.583778,1.218408,-3.004526,0.956612,0.154856,-0.212609,-0.125342,0.0004,-0.0001,0.0002,0
1784730807.030215,628927.671000,controller,LHR-65847686,1,200,-0.583772,1.218406,-3.004524,0.956609,0.154851,-0.212613,-0.125362,0.0006,-0.0001,0.0001,0
1784730807.050717,628927.703000,controller,LHR-65847686,1,200,-0.583739,1.218390,-3.004541,0.956608,0.154868,-0.212612,-0.125353,0.0007,-0.0004,-0.0002,0
1784730807.050717,628927.703000,controller,LHR-65847686,1,200,-0.583739,1.218390,-3.004541,0.956608,0.154868,-0.212612,-0.125353,0.0007,-0.0004,-0.0002,0
1784730807.061214,628927.703000,controller,LHR-65847686,1,200,-0.583742,1.218405,-3.004551,0.956595,0.154916,-0.212665,-0.125303,0.0006,-0.0001,-0.0001,0
1784730807.081714,628927.734000,controller,LHR-65847686,1,200,-0.583721,1.218389,-3.004547,0.956586,0.154929,-0.212674,-0.125337,0.0006,-0.0006,-0.0003,0
1784730807.081714,628927.734000,controller,LHR-65847686,1,200,-0.583721,1.218389,-3.004547,0.956586,0.154929,-0.212674,-0.125337,0.0006,-0.0006,-0.0003,0
1784730807.092215,628927.734000,controller,LHR-65847686,1,200,-0.583716,1.218385,-3.004550,0.956586,0.154932,-0.212677,-0.125328,0.0004,-0.0002,-0.0003,0
1784730807.112714,628927.765000,controller,LHR-65847686,1,200,-0.583689,1.218409,-3.004542,0.956578,0.154940,-0.212706,-0.125331,0.0005,-0.0002,-0.0002,0
1784730807.112714,628927.765000,controller,LHR-65847686,1,200,-0.583689,1.218409,-3.004542,0.956578,0.154940,-0.212707,-0.125331,0.0005,-0.0002,-0.0002,0
1784730807.123215,628927.765000,controller,LHR-65847686,1,200,-0.583670,1.218442,-3.004496,0.956568,0.154961,-0.212718,-0.125361,0.0005,-0.0002,0.0004,0
1784730807.143715,628927.796000,controller,LHR-65847686,1,200,-0.583687,1.218493,-3.004484,0.956574,0.154952,-0.212716,-0.125333,0.0008,0.0005,0.0007,0
1784730807.143715,628927.796000,controller,LHR-65847686,1,200,-0.583687,1.218493,-3.004484,0.956574,0.154952,-0.212717,-0.125333,0.0008,0.0005,0.0007,0
1784730807.154215,628927.796000,controller,LHR-65847686,1,200,-0.583685,1.218497,-3.004479,0.956574,0.154958,-0.212707,-0.125343,0.0002,0.0004,0.0005,0
1784730807.174716,628927.828000,controller,LHR-65847686,1,200,-0.583623,1.218555,-3.004430,0.956565,0.154950,-0.212719,-0.125401,0.0013,0.0006,0.0009,0
1784730807.174716,628927.828000,controller,LHR-65847686,1,200,-0.583623,1.218556,-3.004429,0.956565,0.154950,-0.212719,-0.125401,0.0013,0.0006,0.0009,0
1784730807.185215,628927.828000,controller,LHR-65847686,1,200,-0.583618,1.218466,-3.004404,0.956572,0.154959,-0.212683,-0.125390,0.0015,-0.0005,0.0011,0
1784730807.205715,628927.859000,controller,LHR-65847686,1,200,-0.583800,1.218360,-3.004522,0.956586,0.154891,-0.212677,-0.125380,-0.0002,-0.0005,0.0004,0
1784730807.205715,628927.859000,controller,LHR-65847686,1,200,-0.583800,1.218360,-3.004522,0.956586,0.154892,-0.212677,-0.125380,-0.0002,-0.0005,0.0004,0
1784730807.216215,628927.859000,controller,LHR-65847686,1,200,-0.583803,1.218357,-3.004518,0.956583,0.154894,-0.212675,-0.125407,-0.0004,-0.0004,0.0003,0
1784730807.236715,628927.890000,controller,LHR-65847686,1,200,-0.583830,1.218364,-3.004550,0.956587,0.154867,-0.212679,-0.125398,-0.0015,-0.0010,-0.0004,0
1784730807.236715,628927.890000,controller,LHR-65847686,1,200,-0.583830,1.218364,-3.004550,0.956587,0.154866,-0.212679,-0.125397,-0.0015,-0.0010,-0.0004,0
1784730807.247214,628927.890000,controller,LHR-65847686,1,200,-0.583935,1.218280,-3.004610,0.956604,0.154849,-0.212666,-0.125316,-0.0023,-0.0012,-0.0005,0
1784730807.267716,628927.906000,controller,LHR-65847686,1,200,-0.583991,1.218228,-3.004598,0.956605,0.154881,-0.212656,-0.125286,-0.0022,-0.0014,0.0001,0
1784730807.282215,628927.921000,controller,LHR-65847686,1,200,-0.584024,1.218235,-3.004640,0.956619,0.154834,-0.212636,-0.125270,-0.0021,-0.0006,-0.0005,0
1784730807.291717,628927.937000,controller,LHR-65847686,1,200,-0.584041,1.218231,-3.004642,0.956616,0.154835,-0.212651,-0.125267,-0.0017,-0.0004,-0.0003,0
1784730807.295216,628927.937000,controller,LHR-65847686,1,200,-0.584048,1.218229,-3.004645,0.956616,0.154836,-0.212652,-0.125265,-0.0019,-0.0007,-0.0005,0
1784730807.308715,628927.953000,controller,LHR-65847686,1,200,-0.584078,1.218203,-3.004650,0.956621,0.154856,-0.212619,-0.125255,-0.0023,-0.0013,-0.0005,0
1784730807.316219,628927.968000,controller,LHR-65847686,1,200,-0.584093,1.218189,-3.004656,0.956622,0.154844,-0.212622,-0.125257,-0.0022,-0.0016,-0.0008,0
1784730807.318717,628927.968000,controller,LHR-65847686,1,200,-0.584097,1.218189,-3.004656,0.956620,0.154854,-0.212626,-0.125254,-0.0019,-0.0010,-0.0004,0
1784730807.331215,628927.984000,controller,LHR-65847686,1,200,-0.584110,1.218168,-3.004701,0.956619,0.154836,-0.212681,-0.125192,-0.0019,-0.0006,-0.0011,0
1784730807.337715,628927.984000,controller,LHR-65847686,1,200,-0.584121,1.218159,-3.004709,0.956618,0.154833,-0.212684,-0.125200,-0.0017,-0.0011,-0.0013,0
1784730807.354217,628928.000000,controller,LHR-65847686,1,200,-0.584169,1.218222,-3.004734,0.956605,0.154890,-0.212689,-0.125220,-0.0018,0.0004,-0.0012,0
1784730807.364714,628928.015000,controller,LHR-65847686,1,200,-0.583811,1.218427,-3.004502,0.956600,0.154912,-0.212662,-0.125277,0.0007,0.0012,0.0003,0
1784730807.370713,628928.015000,controller,LHR-65847686,1,200,-0.583808,1.218431,-3.004502,0.956601,0.154898,-0.212655,-0.125293,0.0006,0.0008,0.0001,0
1784730807.386214,628928.031000,controller,LHR-65847686,1,200,-0.583735,1.218485,-3.004490,0.956609,0.154856,-0.212628,-0.125335,0.0013,0.0016,0.0003,0
1784730807.395714,628928.046000,controller,LHR-65847686,1,200,-0.583716,1.218500,-3.004485,0.956607,0.154850,-0.212642,-0.125332,0.0015,0.0014,0.0004,0
1784730807.400215,628928.046000,controller,LHR-65847686,1,200,-0.583749,1.218508,-3.004475,0.956611,0.154892,-0.212618,-0.125294,0.0013,0.0019,0.0008,0
1784730807.414717,628928.062000,controller,LHR-65847686,1,200,-0.583736,1.218529,-3.004469,0.956615,0.154883,-0.212614,-0.125276,0.0006,0.0015,0.0002,0
1784730807.423215,628928.062000,controller,LHR-65847686,1,200,-0.583733,1.218505,-3.004458,0.956626,0.154849,-0.212606,-0.125246,0.0005,0.0004,0.0003,0
1784730807.441717,628928.093000,controller,LHR-65847686,1,200,-0.583719,1.218497,-3.004454,0.956631,0.154863,-0.212609,-0.125186,0.0007,-0.0018,0.0001,0
1784730807.441717,628928.093000,controller,LHR-65847686,1,200,-0.583711,1.218509,-3.004457,0.956630,0.154878,-0.212610,-0.125174,0.0022,-0.0008,-0.0011,0
1784730807.452214,628928.093000,controller,LHR-65847686,1,200,-0.583639,1.218449,-3.004520,0.956573,0.154946,-0.212705,-0.125370,0.0017,-0.0018,-0.0018,0
1784730807.472717,628928.125000,controller,LHR-65847686,1,200,-0.583646,1.218371,-3.004652,0.956632,0.154874,-0.212612,-0.125162,0.0003,-0.0026,-0.0061,0
1784730807.472717,628928.125000,controller,LHR-65847686,1,200,-0.583646,1.218371,-3.004653,0.956633,0.154873,-0.212611,-0.125160,0.0003,-0.0026,-0.0061,0
1784730807.483216,628928.125000,controller,LHR-65847686,1,200,-0.583700,1.218277,-3.004677,0.956610,0.154914,-0.212641,-0.125235,-0.0006,-0.0052,-0.0063,0
1784730807.503716,628928.156000,controller,LHR-65847686,1,200,-0.583785,1.218272,-3.004647,0.956586,0.154981,-0.212682,-0.125263,-0.0011,-0.0040,-0.0035,0
1784730807.503716,628928.156000,controller,LHR-65847686,1,200,-0.583785,1.218272,-3.004647,0.956586,0.154981,-0.212682,-0.125264,-0.0011,-0.0040,-0.0035,0
1784730807.514215,628928.156000,controller,LHR-65847686,1,200,-0.583730,1.218245,-3.004641,0.956483,0.155110,-0.212718,-0.125825,0.0074,-0.0035,0.0014,0
1784730807.534715,628928.187000,controller,LHR-65847686,1,200,-0.582945,1.218240,-3.004197,0.955226,0.156823,-0.213115,-0.132412,0.0588,-0.0078,0.0305,0
1784730807.534715,628928.187000,controller,LHR-65847686,1,200,-0.582936,1.218239,-3.004192,0.955212,0.156841,-0.213119,-0.132483,0.0588,-0.0078,0.0305,0
1784730807.545216,628928.187000,controller,LHR-65847686,1,200,-0.582278,1.218703,-3.003675,0.954573,0.157927,-0.213666,-0.134891,0.0616,0.0319,0.0374,0
1784730807.565715,628928.218000,controller,LHR-65847686,1,200,-0.581509,1.217578,-3.003628,0.954846,0.157086,-0.214853,-0.132029,0.0130,-0.0030,0.0016,0
1784730807.565715,628928.218000,controller,LHR-65847686,1,200,-0.581507,1.217578,-3.003627,0.954843,0.157098,-0.214860,-0.132026,0.0130,-0.0030,0.0016,0
1784730807.576215,628928.218000,controller,LHR-65847686,1,200,-0.581146,1.217273,-3.003694,0.954518,0.157177,-0.216466,-0.131659,0.0378,-0.0183,-0.0030,0
1784730807.596714,628928.250000,controller,LHR-65847686,1,200,-0.580622,1.217962,-3.003816,0.954346,0.157286,-0.216618,-0.132519,0.0095,-0.0044,-0.0170,0
1784730807.596714,628928.250000,controller,LHR-65847686,1,200,-0.580620,1.217961,-3.003819,0.954347,0.157285,-0.216619,-0.132515,0.0095,-0.0044,-0.0170,0
1784730807.607217,628928.250000,controller,LHR-65847686,1,200,-0.580380,1.218253,-3.003762,0.954303,0.157412,-0.216570,-0.132757,0.0149,0.0055,-0.0071,0
1784730807.627715,628928.281000,controller,LHR-65847686,1,200,-0.580000,1.218378,-3.003637,0.954104,0.157298,-0.217073,-0.133503,0.0101,0.0035,0.0023,0
1784730807.627715,628928.281000,controller,LHR-65847686,1,200,-0.579998,1.218378,-3.003637,0.954103,0.157295,-0.217077,-0.133506,0.0101,0.0035,0.0023,0
1784730807.638216,628928.281000,controller,LHR-65847686,1,200,-0.579894,1.218459,-3.003612,0.954033,0.156856,-0.217773,-0.133390,0.0091,0.0116,0.0020,0
1784730807.658715,628928.312000,controller,LHR-65847686,1,200,-0.579815,1.219078,-3.003962,0.954471,0.153754,-0.220314,-0.129642,0.0228,0.0325,-0.0079,0
1784730807.658715,628928.312000,controller,LHR-65847686,1,200,-0.579775,1.219039,-3.004035,0.954448,0.153886,-0.220228,-0.129800,0.0227,0.0315,-0.0091,0
1784730807.669214,628928.312000,controller,LHR-65847686,1,200,-0.579433,1.219390,-3.004114,0.954690,0.151323,-0.222175,-0.127696,0.0327,0.0389,-0.0059,0
1784730807.689716,628928.343000,controller,LHR-65847686,1,200,-0.578118,1.219836,-3.004096,0.954263,0.146217,-0.226701,-0.128881,0.0791,0.0288,0.0092,0
1784730807.689716,628928.343000,controller,LHR-65847686,1,200,-0.578114,1.219868,-3.004081,0.954227,0.146234,-0.226706,-0.129117,0.0760,0.0361,0.0126,0
1784730807.700215,628928.343000,controller,LHR-65847686,1,200,-0.577182,1.220187,-3.003839,0.953587,0.143987,-0.229230,-0.131881,0.0911,0.0310,0.0255,0
1784730807.720716,628928.359000,controller,LHR-65847686,1,200,-0.575989,1.220618,-3.003212,0.952201,0.139553,-0.235092,-0.136269,0.0762,0.0296,0.0451,0
1784730807.735216,628928.375000,controller,LHR-65847686,1,200,-0.574938,1.221111,-3.002501,0.951344,0.135939,-0.240403,-0.136646,0.0717,0.0360,0.0495,0
1784730807.743714,628928.390000,controller,LHR-65847686,1,200,-0.574442,1.221401,-3.002248,0.951148,0.133881,-0.243032,-0.135387,0.0688,0.0448,0.0484,0
1784730807.747214,628928.390000,controller,LHR-65847686,1,200,-0.574223,1.221602,-3.002086,0.951157,0.133063,-0.244032,-0.134326,0.0680,0.0511,0.0482,0
1784730807.760715,628928.406000,controller,LHR-65847686,1,200,-0.573381,1.222627,-3.001487,0.951449,0.130335,-0.247010,-0.129400,0.0657,0.0800,0.0439,0
1784730807.768216,628928.421000,controller,LHR-65847686,1,200,-0.572845,1.223251,-3.001279,0.951663,0.129300,-0.248130,-0.126694,0.0625,0.1014,0.0356,0
1784730807.770718,628928.421000,controller,LHR-65847686,1,200,-0.572699,1.223577,-3.001193,0.951764,0.129112,-0.248418,-0.125552,0.0620,0.1140,0.0349,0
1784730807.783215,628928.421000,controller,LHR-65847686,1,200,-0.571960,1.225462,-3.000653,0.952040,0.129132,-0.249973,-0.120245,0.0615,0.1652,0.0483,0
1784730807.805716,628928.453000,controller,LHR-65847686,1,200,-0.570733,1.230834,-2.999107,0.952177,0.135339,-0.250477,-0.110919,0.0535,0.2840,0.0746,0
1784730807.806215,628928.453000,controller,LHR-65847686,1,200,-0.570708,1.230969,-2.999072,0.952174,0.135539,-0.250464,-0.110734,0.0535,0.2840,0.0746,0
1784730807.816715,628928.468000,controller,LHR-65847686,1,200,-0.570165,1.234322,-2.998205,0.951929,0.141293,-0.249682,-0.107359,0.0524,0.3209,0.0826,0
1784730807.822215,628928.468000,controller,LHR-65847686,1,200,-0.569969,1.236160,-2.997582,0.951717,0.144688,-0.249053,-0.106173,0.0494,0.3565,0.0971,0
1784730807.837715,628928.484000,controller,LHR-65847686,1,200,-0.569269,1.242287,-2.995904,0.950659,0.156886,-0.246637,-0.103948,0.0448,0.4044,0.1111,0
1784730807.847215,628928.500000,controller,LHR-65847686,1,200,-0.568753,1.246285,-2.994653,0.949668,0.164877,-0.245770,-0.102682,0.0498,0.4434,0.1344,0
1784730807.850715,628928.500000,controller,LHR-65847686,1,200,-0.568564,1.247906,-2.994140,0.949223,0.168056,-0.245493,-0.102300,0.0512,0.4568,0.1420,0
1784730807.864215,628928.515000,controller,LHR-65847686,1,200,-0.567827,1.254232,-2.991997,0.947391,0.179937,-0.245077,-0.100052,0.0536,0.4891,0.1618,0
1784730807.872718,628928.515000,controller,LHR-65847686,1,200,-0.567673,1.258144,-2.990869,0.946184,0.187173,-0.245230,-0.097795,0.0504,0.5029,0.1696,0
1784730807.891215,628928.531000,controller,LHR-65847686,1,200,-0.566913,1.267505,-2.987477,0.943860,0.200978,-0.245575,-0.091808,0.0374,0.5348,0.1882,0
1784730807.903715,628928.546000,controller,LHR-65847686,1,200,-0.566946,1.273619,-2.985351,0.942466,0.208895,-0.245671,-0.088130,0.0234,0.5438,0.1922,0
1784730807.911215,628928.562000,controller,LHR-65847686,1,200,-0.566817,1.277739,-2.983915,0.941769,0.212795,-0.245730,-0.086058,0.0161,0.5541,0.1940,0
1784730807.912715,628928.562000,controller,LHR-65847686,1,200,-0.566794,1.278564,-2.983625,0.941624,0.213592,-0.245742,-0.085637,0.0161,0.5541,0.1940,0
1784730807.924215,628928.578000,controller,LHR-65847686,1,200,-0.566726,1.284610,-2.981405,0.940613,0.218937,-0.246050,-0.082303,0.0038,0.5649,0.2003,0
1784730807.929715,628928.578000,controller,LHR-65847686,1,200,-0.566732,1.287744,-2.980291,0.940238,0.221019,-0.246142,-0.080724,0.0002,0.5699,0.2027,0
1784730807.945218,628928.593000,controller,LHR-65847686,1,200,-0.566750,1.296495,-2.977040,0.939258,0.226298,-0.246185,-0.077304,-0.0073,0.5856,0.2122,0
1784730807.955715,628928.609000,controller,LHR-65847686,1,200,-0.566836,1.302780,-2.974747,0.938620,0.229604,-0.245826,-0.076444,-0.0087,0.6012,0.2200,0
1784730807.960215,628928.609000,controller,LHR-65847686,1,200,-0.567038,1.305102,-2.973891,0.938304,0.231249,-0.245631,-0.075993,-0.0118,0.6009,0.2222,0
1784730807.974719,628928.625000,controller,LHR-65847686,1,200,-0.567276,1.314099,-2.970446,0.937055,0.237106,-0.244746,-0.076213,-0.0195,0.6264,0.2422,0
1784730807.983215,628928.625000,controller,LHR-65847686,1,200,-0.567798,1.318976,-2.968665,0.936190,0.240978,-0.244404,-0.075793,-0.0294,0.6342,0.2495,0
1784730808.001714,628928.640000,controller,LHR-65847686,1,200,-0.568643,1.331019,-2.963648,0.933907,0.251382,-0.243440,-0.073227,-0.0501,0.6615,0.2743,0
1784730808.015215,628928.656000,controller,LHR-65847686,1,200,-0.569939,1.339820,-2.959990,0.931939,0.260506,-0.242615,-0.069028,-0.0790,0.6838,0.2932,0
1784730808.022714,628928.671000,controller,LHR-65847686,1,200,-0.570669,1.344815,-2.957728,0.930705,0.265871,-0.242184,-0.066689,-0.0943,0.6942,0.3043,0
1784730808.025214,628928.671000,controller,LHR-65847686,1,200,-0.570906,1.346544,-2.956968,0.930282,0.267706,-0.242038,-0.065775,-0.0943,0.6942,0.3043,0
1784730808.037714,628928.687000,controller,LHR-65847686,1,200,-0.572340,1.355500,-2.952930,0.927721,0.278013,-0.241436,-0.061250,-0.1200,0.7137,0.3237,0
1784730808.044215,628928.687000,controller,LHR-65847686,1,200,-0.573099,1.359990,-2.950779,0.926303,0.283420,-0.241101,-0.059209,-0.1251,0.7161,0.3311,0
1784730808.060714,628928.703000,controller,LHR-65847686,1,200,-0.575519,1.371976,-2.945011,0.922016,0.298873,-0.239868,-0.054995,-0.1535,0.7285,0.3549,0
1784730808.071215,628928.718000,controller,LHR-65847686,1,200,-0.577698,1.379913,-2.940801,0.918977,0.309338,-0.238756,-0.052796,-0.1831,0.7368,0.3725,0
1784730808.076715,628928.718000,controller,LHR-65847686,1,200,-0.578764,1.383990,-2.938716,0.917341,0.314862,-0.238005,-0.051978,-0.1915,0.7386,0.3764,0
1784730808.092215,628928.734000,controller,LHR-65847686,1,200,-0.582173,1.395271,-2.932577,0.912716,0.330094,-0.235499,-0.050275,-0.2344,0.7382,0.3919,0
1784730808.118715,628928.765000,controller,LHR-65847686,1,200,-0.589606,1.414158,-2.922227,0.904986,0.355035,-0.228747,-0.051232,-0.3188,0.7220,0.4040,0
1784730808.119216,628928.765000,controller,LHR-65847686,1,200,-0.590080,1.415228,-2.921626,0.904543,0.356449,-0.228269,-0.051371,-0.3188,0.7220,0.4040,0
1784730808.129718,628928.781000,controller,LHR-65847686,1,200,-0.593745,1.421974,-2.917262,0.901539,0.366413,-0.224184,-0.052063,-0.3580,0.7029,0.4096,0
1784730808.134217,628928.781000,controller,LHR-65847686,1,200,-0.595407,1.425098,-2.915440,0.900259,0.370733,-0.222101,-0.052554,-0.3706,0.6992,0.4094,0
1784730808.148714,628928.796000,controller,LHR-65847686,1,200,-0.601127,1.435008,-2.909396,0.896063,0.384776,-0.214869,-0.053388,-0.4062,0.6873,0.4098,0
1784730808.158215,628928.796000,controller,LHR-65847686,1,200,-0.605288,1.441462,-2.905512,0.893438,0.393807,-0.209408,-0.053229,-0.4371,0.6746,0.4102,0
1784730808.177715,628928.828000,controller,LHR-65847686,1,200,-0.614131,1.454073,-2.897225,0.888009,0.411629,-0.198159,-0.052289,-0.4719,0.6467,0.4192,0
1784730808.177715,628928.828000,controller,LHR-65847686,1,200,-0.614203,1.454173,-2.897160,0.887967,0.411766,-0.198067,-0.052280,-0.4719,0.6467,0.4192,0
1784730808.188214,628928.828000,controller,LHR-65847686,1,200,-0.619170,1.460772,-2.892808,0.885175,0.420678,-0.191890,-0.051716,-0.4821,0.6365,0.4216,0
1784730808.208714,628928.859000,controller,LHR-65847686,1,200,-0.629514,1.473348,-2.883845,0.879462,0.437831,-0.179454,-0.051440,-0.5120,0.6045,0.4345,0
1784730808.208714,628928.859000,controller,LHR-65847686,1,200,-0.629663,1.473477,-2.883739,0.879404,0.438027,-0.179241,-0.051508,-0.5195,0.5974,0.4364,0
1784730808.219215,628928.859000,controller,LHR-65847686,1,200,-0.635099,1.479481,-2.879255,0.876520,0.446383,-0.172507,-0.051924,-0.5352,0.5826,0.4390,0
1784730808.239715,628928.890000,controller,LHR-65847686,1,200,-0.646587,1.491147,-2.869811,0.870663,0.463092,-0.157130,-0.052930,-0.5758,0.5458,0.4459,0
1784730808.239715,628928.890000,controller,LHR-65847686,1,200,-0.646785,1.491335,-2.869656,0.870562,0.463369,-0.156860,-0.052972,-0.5758,0.5458,0.4459,0
1784730808.250715,628928.890000,controller,LHR-65847686,1,200,-0.653141,1.496949,-2.864914,0.867495,0.471855,-0.147602,-0.054955,-0.5961,0.5208,0.4446,0
1784730808.271215,628928.921000,controller,LHR-65847686,1,200,-0.665429,1.507047,-2.855668,0.861552,0.487479,-0.127924,-0.061062,-0.6160,0.4753,0.4442,0
1784730808.271215,628928.921000,controller,LHR-65847686,1,200,-0.665522,1.507118,-2.855601,0.861507,0.487591,-0.127771,-0.061114,-0.6160,0.4753,0.4442,0
1784730808.281715,628928.921000,controller,LHR-65847686,1,200,-0.672134,1.511756,-2.850744,0.858359,0.495336,-0.116963,-0.064670,-0.6296,0.4471,0.4478,0
1784730808.302215,628928.953000,controller,LHR-65847686,1,200,-0.685405,1.520522,-2.841030,0.851880,0.510334,-0.094075,-0.070783,-0.6592,0.3995,0.4551,0
1784730808.302215,628928.953000,controller,LHR-65847686,1,200,-0.685505,1.520582,-2.840961,0.851830,0.510442,-0.093902,-0.070824,-0.6592,0.3995,0.4551,0
1784730808.312716,628928.953000,controller,LHR-65847686,1,200,-0.692518,1.524480,-2.836206,0.848386,0.517893,-0.082594,-0.072157,-0.6804,0.3630,0.4594,0
1784730808.333215,628928.984000,controller,LHR-65847686,1,200,-0.706561,1.531427,-2.826092,0.841078,0.532431,-0.062703,-0.071929,-0.6853,0.3138,0.4644,0
1784730808.333215,628928.984000,controller,LHR-65847686,1,200,-0.706685,1.531451,-2.826011,0.841018,0.532538,-0.062587,-0.071929,-0.6819,0.3017,0.4628,0
1784730808.343717,628928.984000,controller,LHR-65847686,1,200,-0.713630,1.534422,-2.820742,0.837166,0.539578,-0.053068,-0.072059,-0.6715,0.2764,0.4602,0
1784730808.364214,628929.015000,controller,LHR-65847686,1,200,-0.726981,1.539679,-2.810556,0.829440,0.552673,-0.033722,-0.073780,-0.6378,0.2194,0.4398,0
1784730808.364214,628929.015000,controller,LHR-65847686,1,200,-0.727192,1.539751,-2.810410,0.829317,0.552872,-0.033399,-0.073830,-0.6378,0.2194,0.4398,0
1784730808.374717,628929.015000,controller,LHR-65847686,1,200,-0.733562,1.541654,-2.806092,0.825511,0.558809,-0.023508,-0.075570,-0.6247,0.1823,0.4226,0
1784730808.395215,628929.046000,controller,LHR-65847686,1,200,-0.746570,1.544763,-2.796516,0.817500,0.570637,-0.004468,-0.077770,-0.6107,0.1168,0.3943,0
1784730808.395215,628929.046000,controller,LHR-65847686,1,200,-0.746669,1.544782,-2.796453,0.817437,0.570724,-0.004313,-0.077792,-0.6107,0.1168,0.3943,0
1784730808.405715,628929.046000,controller,LHR-65847686,1,200,-0.753306,1.546064,-2.790540,0.813271,0.576579,0.004829,-0.078248,-0.6001,0.0788,0.3801,0
1784730808.426214,628929.078000,controller,LHR-65847686,1,200,-0.765627,1.547220,-2.781708,0.806196,0.585515,0.025830,-0.080950,-0.5724,0.0256,0.3397,0
1784730808.426214,628929.078000,controller,LHR-65847686,1,200,-0.765712,1.547224,-2.781658,0.806150,0.585568,0.025991,-0.080971,-0.5724,0.0256,0.3397,0
1784730808.436714,628929.078000,controller,LHR-65847686,1,200,-0.771559,1.547332,-2.778354,0.803378,0.588550,0.037707,-0.082289,-0.5609,0.0094,0.3193,0
1784730808.457216,628929.109000,controller,LHR-65847686,1,200,-0.783233,1.547825,-2.769252,0.798866,0.593345,0.058113,-0.079862,-0.5349,-0.0340,0.2804,0
1784730808.457216,628929.109000,controller,LHR-65847686,1,200,-0.783310,1.547820,-2.769212,0.798840,0.593369,0.058255,-0.079844,-0.5349,-0.0340,0.2804,0
1784730808.467717,628929.109000,controller,LHR-65847686,1,200,-0.789560,1.548079,-2.763023,0.796710,0.595711,0.067169,-0.076620,-0.5277,-0.0491,0.2806,0
1784730808.488215,628929.140000,controller,LHR-65847686,1,200,-0.805100,1.553885,-2.740282,0.792175,0.599461,0.087168,-0.074210,-0.5150,-0.0654,0.3104,0
1784730808.488215,628929.140000,controller,LHR-65847686,1,200,-0.805162,1.553856,-2.740250,0.792110,0.599501,0.087412,-0.074299,-0.5079,-0.0733,0.3036,0
1784730808.498715,628929.140000,controller,LHR-65847686,1,200,-0.810275,1.553727,-2.735874,0.789675,0.601253,0.097719,-0.073205,-0.4963,-0.0859,0.3106,0
1784730808.519215,628929.171000,controller,LHR-65847686,1,200,-0.820195,1.551260,-2.729784,0.784738,0.604881,0.116046,-0.069562,-0.4767,-0.1281,0.2817,0
1784730808.519215,628929.171000,controller,LHR-65847686,1,200,-0.820285,1.551235,-2.729731,0.784692,0.604913,0.116211,-0.069523,-0.4767,-0.1281,0.2817,0
1784730808.529715,628929.171000,controller,LHR-65847686,1,200,-0.824969,1.550095,-2.725224,0.782265,0.606566,0.124561,-0.068002,-0.4613,-0.1509,0.2884,0
1784730808.550215,628929.203000,controller,LHR-65847686,1,200,-0.833638,1.546521,-2.718580,0.777658,0.609555,0.139639,-0.064743,-0.4173,-0.1900,0.2568,0
1784730808.550215,628929.203000,controller,LHR-65847686,1,200,-0.833707,1.546489,-2.718538,0.777623,0.609575,0.139757,-0.064719,-0.4173,-0.1900,0.2568,0
1784730808.560715,628929.203000,controller,LHR-65847686,1,200,-0.837798,1.544807,-2.714797,0.775361,0.610569,0.147666,-0.064932,-0.3913,-0.2039,0.2413,0
1784730808.581214,628929.234000,controller,LHR-65847686,1,200,-0.845372,1.540392,-2.710469,0.771369,0.611514,0.163803,-0.064873,-0.3578,-0.2154,0.1949,0
1784730808.581214,628929.234000,controller,LHR-65847686,1,200,-0.845436,1.540343,-2.710476,0.771374,0.611478,0.163961,-0.064755,-0.3513,-0.2156,0.1839,0
1784730808.591716,628929.234000,controller,LHR-65847686,1,200,-0.848383,1.538377,-2.708251,0.769468,0.611713,0.171838,-0.064791,-0.3368,-0.2149,0.1693,0
1784730808.612216,628929.265000,controller,LHR-65847686,1,200,-0.854762,1.533966,-2.704934,0.766800,0.612387,0.183595,-0.057383,-0.3160,-0.2204,0.1319,0
1784730808.612216,628929.265000,controller,LHR-65847686,1,200,-0.854832,1.533917,-2.704905,0.766773,0.612396,0.183711,-0.057280,-0.3160,-0.2204,0.1319,0
1784730808.622714,628929.265000,controller,LHR-65847686,1,200,-0.857818,1.531426,-2.703550,0.765596,0.613025,0.188092,-0.051823,-0.3016,-0.2302,0.1074,0
1784730808.643217,628929.296000,controller,LHR-65847686,1,200,-0.863145,1.526673,-2.701713,0.763832,0.614100,0.194686,-0.039242,-0.2627,-0.2401,0.0547,0
1784730808.643217,628929.296000,controller,LHR-65847686,1,200,-0.863198,1.526625,-2.701702,0.763817,0.614108,0.194745,-0.039113,-0.2627,-0.2401,0.0547,0
1784730808.653715,628929.296000,controller,LHR-65847686,1,200,-0.865680,1.524121,-2.701473,0.763267,0.614201,0.197656,-0.033358,-0.2393,-0.2448,0.0170,0
1784730808.674215,628929.328000,controller,LHR-65847686,1,200,-0.869791,1.518981,-2.701640,0.763004,0.613037,0.203505,-0.024418,-0.1983,-0.2455,-0.0375,0
1784730808.674215,628929.328000,controller,LHR-65847686,1,200,-0.869840,1.518920,-2.701649,0.763009,0.613011,0.203575,-0.024329,-0.1983,-0.2455,-0.0375,0
1784730808.684715,628929.328000,controller,LHR-65847686,1,200,-0.871624,1.516474,-2.701216,0.763770,0.611152,0.206592,-0.021661,-0.1852,-0.2440,-0.0463,0
1784730808.705215,628929.343000,controller,LHR-65847686,1,200,-0.874627,1.512043,-2.702518,0.766806,0.605870,0.211240,-0.017541,-0.1555,-0.2285,-0.0926,0
1784730808.720715,628929.359000,controller,LHR-65847686,1,200,-0.876944,1.508352,-2.703988,0.769847,0.601058,0.214081,-0.015271,-0.1481,-0.2291,-0.1059,0
1784730808.730218,628929.375000,controller,LHR-65847686,1,200,-0.877722,1.506166,-2.705250,0.771868,0.598047,0.215298,-0.014382,-0.1358,-0.2295,-0.1188,0
1784730808.733714,628929.375000,controller,LHR-65847686,1,200,-0.878184,1.505363,-2.705682,0.772593,0.596901,0.215881,-0.014321,-0.1334,-0.2286,-0.1215,0
1784730808.747218,628929.390000,controller,LHR-65847686,1,200,-0.879672,1.502499,-2.707160,0.775387,0.592238,0.218636,-0.015110,-0.1245,-0.2204,-0.1271,0
1784730808.755715,628929.406000,controller,LHR-65847686,1,200,-0.880692,1.500693,-2.708280,0.777320,0.589038,0.220369,-0.015673,-0.1203,-0.2124,-0.1308,0
1784730808.758215,628929.406000,controller,LHR-65847686,1,200,-0.880788,1.500057,-2.708611,0.777931,0.588091,0.220756,-0.015473,-0.1178,-0.2106,-0.1334,0
1784730808.770715,628929.421000,controller,LHR-65847686,1,200,-0.882249,1.497537,-2.710309,0.780935,0.583263,0.222935,-0.015651,-0.1161,-0.1982,-0.1356,0
1784730808.778214,628929.421000,controller,LHR-65847686,1,200,-0.882727,1.496202,-2.710894,0.782571,0.580678,0.223959,-0.015432,-0.1135,-0.1919,-0.1284,0
1784730808.795714,628929.437000,controller,LHR-65847686,1,200,-0.884723,1.492927,-2.712974,0.785844,0.575885,0.225057,-0.012409,-0.1137,-0.1860,-0.1176,0
1784730808.807216,628929.453000,controller,LHR-65847686,1,200,-0.885871,1.490797,-2.714009,0.787460,0.573336,0.226000,-0.010778,-0.1106,-0.1831,-0.1071,0
1784730808.812716,628929.453000,controller,LHR-65847686,1,200,-0.886454,1.489813,-2.714555,0.787948,0.572458,0.226560,-0.009996,-0.1070,-0.1803,-0.1037,0
1784730808.828215,628929.468000,controller,LHR-65847686,1,200,-0.887872,1.487240,-2.715849,0.789313,0.569712,0.228775,-0.008711,-0.0996,-0.1711,-0.0966,0
1784730808.838716,628929.484000,controller,LHR-65847686,1,200,-0.888713,1.485474,-2.716940,0.790360,0.567515,0.230630,-0.008188,-0.0932,-0.1610,-0.0973,0
1784730808.843215,628929.484000,controller,LHR-65847686,1,200,-0.889129,1.484770,-2.717375,0.790700,0.566680,0.231521,-0.008016,-0.0923,-0.1573,-0.0964,0
1784730808.857717,628929.500000,controller,LHR-65847686,1,200,-0.890359,1.482616,-2.718369,0.791640,0.564449,0.233792,-0.006696,-0.0911,-0.1464,-0.0892,0
1784730808.866215,628929.515000,controller,LHR-65847686,1,200,-0.891083,1.481381,-2.719098,0.792395,0.563122,0.234466,-0.005423,-0.0902,-0.1442,-0.0880,0
1784730808.869715,628929.515000,controller,LHR-65847686,1,200,-0.891391,1.480884,-2.719393,0.792612,0.562750,0.234640,-0.004812,-0.0895,-0.1436,-0.0869,0
1784730808.883217,628929.531000,controller,LHR-65847686,1,200,-0.892505,1.479000,-2.720164,0.793190,0.561715,0.235198,-0.002778,-0.0882,-0.1449,-0.0793,0
1784730808.890714,628929.531000,controller,LHR-65847686,1,200,-0.893140,1.477902,-2.720750,0.793332,0.561343,0.235615,-0.001968,-0.0861,-0.1469,-0.0799,0
1784730808.908215,628929.546000,controller,LHR-65847686,1,200,-0.894447,1.475323,-2.722188,0.793733,0.560017,0.237413,-0.001694,-0.0854,-0.1464,-0.0830,0
1784730808.920716,628929.562000,controller,LHR-65847686,1,200,-0.895430,1.473436,-2.723173,0.794266,0.558450,0.239311,-0.002528,-0.0895,-0.1457,-0.0848,0
1784730808.927215,628929.578000,controller,LHR-65847686,1,200,-0.896028,1.472664,-2.723590,0.794903,0.557042,0.240457,-0.003643,-0.0930,-0.1441,-0.0852,0
1784730808.927714,628929.578000,controller,LHR-65847686,1,200,-0.896074,1.472594,-2.723632,0.794941,0.556952,0.240543,-0.003707,-0.0930,-0.1441,-0.0852,0
1784730808.938213,628929.578000,controller,LHR-65847686,1,200,-0.897025,1.471205,-2.724485,0.796194,0.554517,0.242002,-0.004578,-0.0994,-0.1418,-0.0866,0
1784730808.958715,628929.609000,controller,LHR-65847686,1,200,-0.898992,1.468359,-2.725990,0.798684,0.549521,0.245166,-0.005003,-0.1083,-0.1375,-0.0805,0
1784730808.958715,628929.609000,controller,LHR-65847686,1,200,-0.899007,1.468339,-2.726001,0.798701,0.549486,0.245187,-0.004998,-0.1083,-0.1375,-0.0805,0
1784730808.969215,628929.609000,controller,LHR-65847686,1,200,-0.900189,1.466932,-2.726756,0.799691,0.547422,0.246597,-0.003683,-0.1130,-0.1350,-0.0730,0
1784730808.989714,628929.640000,controller,LHR-65847686,1,200,-0.902373,1.464083,-2.727990,0.800761,0.544828,0.248887,0.000573,-0.1134,-0.1365,-0.0560,0
1784730808.989714,628929.640000,controller,LHR-65847686,1,200,-0.902389,1.464063,-2.727998,0.800765,0.544814,0.248904,0.000616,-0.1134,-0.1365,-0.0560,0
1784730809.000216,628929.640000,controller,LHR-65847686,1,200,-0.903435,1.462793,-2.728155,0.801060,0.543717,0.250340,0.002026,-0.1097,-0.1337,-0.0460,0
1784730809.020714,628929.671000,controller,LHR-65847686,1,200,-0.905546,1.460164,-2.728958,0.801576,0.541424,0.253624,0.003417,-0.0977,-0.1223,-0.0415,0
1784730809.020714,628929.671000,controller,LHR-65847686,1,200,-0.905549,1.460158,-2.728963,0.801588,0.541387,0.253664,0.003347,-0.0952,-0.1190,-0.0406,0
1784730809.031214,628929.671000,controller,LHR-65847686,1,200,-0.906489,1.458987,-2.729379,0.801833,0.540189,0.255435,0.003499,-0.0898,-0.1115,-0.0399,0
1784730809.051716,628929.703000,controller,LHR-65847686,1,200,-0.908166,1.457025,-2.729719,0.801667,0.538981,0.258447,0.005841,-0.0833,-0.0957,-0.0258,0
1784730809.051716,628929.703000,controller,LHR-65847686,1,200,-0.908177,1.457011,-2.729723,0.801665,0.538975,0.258466,0.005863,-0.0833,-0.0957,-0.0258,0
1784730809.062218,628929.703000,controller,LHR-65847686,1,200,-0.908889,1.456156,-2.729817,0.801366,0.538959,0.259370,0.007907,-0.0805,-0.0896,-0.0179,0
1784730809.082716,628929.734000,controller,LHR-65847686,1,200,-0.910284,1.454439,-2.729806,0.800181,0.539873,0.260935,0.012686,-0.0691,-0.0846,-0.0084,0
1784730809.082716,628929.734000,controller,LHR-65847686,1,200,-0.910295,1.454425,-2.729807,0.800171,0.539882,0.260946,0.012723,-0.0691,-0.0846,-0.0084,0
1784730809.093215,628929.734000,controller,LHR-65847686,1,200,-0.910919,1.453604,-2.729933,0.799673,0.540164,0.261804,0.014283,-0.0603,-0.0786,-0.0119,0
1784730809.113716,628929.765000,controller,LHR-65847686,1,200,-0.911841,1.452250,-2.730404,0.799758,0.539103,0.263677,0.015165,-0.0496,-0.0658,-0.0263,0
1784730809.113716,628929.765000,controller,LHR-65847686,1,200,-0.911848,1.452239,-2.730408,0.799761,0.539092,0.263690,0.015168,-0.0496,-0.0658,-0.0263,0
1784730809.124214,628929.765000,controller,LHR-65847686,1,200,-0.912206,1.451625,-2.730545,0.800050,0.538315,0.264394,0.015281,-0.0449,-0.0629,-0.0293,0
1784730809.144719,628929.796000,controller,LHR-65847686,1,200,-0.912826,1.450345,-2.731131,0.801268,0.536070,0.265325,0.014192,-0.0293,-0.0556,-0.0376,0
1784730809.144719,628929.796000,controller,LHR-65847686,1,200,-0.912831,1.450334,-2.731138,0.801282,0.536046,0.265331,0.014180,-0.0293,-0.0556,-0.0376,0
1784730809.155216,628929.796000,controller,LHR-65847686,1,200,-0.913015,1.449826,-2.731585,0.802097,0.534792,0.265434,0.013480,-0.0183,-0.0493,-0.0427,0
1784730809.175714,628929.828000,controller,LHR-65847686,1,200,-0.913514,1.449100,-2.732249,0.803737,0.532400,0.265312,0.012905,-0.0118,-0.0373,-0.0421,0
1784730809.175714,628929.828000,controller,LHR-65847686,1,200,-0.913518,1.449087,-2.732263,0.803765,0.532363,0.265303,0.012899,-0.0118,-0.0373,-0.0421,0
1784730809.186715,628929.828000,controller,LHR-65847686,1,200,-0.913537,1.448765,-2.732775,0.804700,0.531073,0.265054,0.012878,-0.0084,-0.0297,-0.0438,0
1784730809.207219,628929.859000,controller,LHR-65847686,1,200,-0.913373,1.448487,-2.733546,0.806009,0.529700,0.263723,0.014754,-0.0022,-0.0172,-0.0357,0
1784730809.207219,628929.859000,controller,LHR-65847686,1,200,-0.913374,1.448483,-2.733555,0.806022,0.529687,0.263709,0.014782,-0.0022,-0.0172,-0.0357,0
1784730809.217716,628929.859000,controller,LHR-65847686,1,200,-0.913363,1.448259,-2.733774,0.806257,0.529467,0.263354,0.016086,0.0006,-0.0145,-0.0269,0
1784730809.238214,628929.890000,controller,LHR-65847686,1,200,-0.913142,1.448092,-2.733980,0.806312,0.529649,0.262694,0.018017,0.0070,-0.0052,-0.0142,0
1784730809.238214,628929.890000,controller,LHR-65847686,1,200,-0.913141,1.448091,-2.733982,0.806311,0.529652,0.262690,0.018028,0.0070,-0.0052,-0.0142,0
1784730809.248715,628929.890000,controller,LHR-65847686,1,200,-0.913167,1.448307,-2.733859,0.806358,0.529656,0.262536,0.018052,0.0064,0.0024,-0.0092,0
1784730809.269215,628929.921000,controller,LHR-65847686,1,200,-0.912845,1.448685,-2.733840,0.806664,0.529284,0.262451,0.016458,0.0113,0.0161,-0.0035,0
1784730809.269215,628929.921000,controller,LHR-65847686,1,200,-0.912843,1.448688,-2.733840,0.806667,0.529281,0.262449,0.016443,0.0113,0.0161,-0.0035,0
1784730809.279716,628929.921000,controller,LHR-65847686,1,200,-0.912479,1.448986,-2.733787,0.806965,0.529024,0.262116,0.015361,0.0148,0.0196,-0.0022,0
1784730809.300218,628929.953000,controller,LHR-65847686,1,200,-0.912142,1.449419,-2.733748,0.807357,0.528727,0.261670,0.012325,0.0168,0.0230,0.0004,0
1784730809.300218,628929.953000,controller,LHR-65847686,1,200,-0.912137,1.449425,-2.733748,0.807360,0.528725,0.261666,0.012286,0.0168,0.0230,0.0004,0
1784730809.310714,628929.953000,controller,LHR-65847686,1,200,-0.911790,1.449786,-2.733583,0.807304,0.528866,0.261621,0.010747,0.0182,0.0256,0.0043,0
1784730809.331214,628929.984000,controller,LHR-65847686,1,200,-0.911682,1.450141,-2.733396,0.806678,0.529635,0.262073,0.008715,0.0106,0.0236,0.0078,0
1784730809.331214,628929.984000,controller,LHR-65847686,1,200,-0.911680,1.450145,-2.733394,0.806671,0.529644,0.262075,0.008699,0.0106,0.0236,0.0078,0
1784730809.341714,628929.984000,controller,LHR-65847686,1,200,-0.911448,1.450476,-2.733075,0.806261,0.530292,0.262034,0.008441,0.0078,0.0237,0.0114,0
1784730809.362215,628930.015000,controller,LHR-65847686,1,200,-0.911334,1.451027,-2.732854,0.805360,0.531702,0.261931,0.008947,0.0026,0.0226,0.0079,0
1784730809.362215,628930.015000,controller,LHR-65847686,1,200,-0.911347,1.451070,-2.732859,0.805397,0.531674,0.261876,0.008887,0.0021,0.0230,0.0077,0
1784730809.372715,628930.015000,controller,LHR-65847686,1,200,-0.911338,1.451290,-2.732800,0.804990,0.532332,0.261767,0.009542,0.0012,0.0216,0.0057,0
1784730809.393216,628930.046000,controller,LHR-65847686,1,200,-0.911123,1.451600,-2.732495,0.804164,0.533564,0.261760,0.010596,0.0034,0.0127,-0.0013,0
1784730809.393216,628930.046000,controller,LHR-65847686,1,200,-0.911122,1.451603,-2.732495,0.804156,0.533575,0.261760,0.010603,0.0034,0.0127,-0.0013,0
1784730809.403716,628930.046000,controller,LHR-65847686,1,200,-0.910971,1.451814,-2.732558,0.803840,0.534107,0.261624,0.011086,0.0058,0.0111,-0.0067,0
1784730809.424216,628930.078000,controller,LHR-65847686,1,200,-0.910658,1.452018,-2.732605,0.803682,0.534399,0.261514,0.011132,0.0114,0.0069,-0.0183,0
1784730809.424216,628930.078000,controller,LHR-65847686,1,200,-0.910655,1.452017,-2.732627,0.803734,0.534336,0.261482,0.011134,0.0117,0.0066,-0.0217,0
1784730809.434715,628930.078000,controller,LHR-65847686,1,200,-0.910535,1.452079,-2.732914,0.804051,0.534027,0.261132,0.011249,0.0115,0.0063,-0.0278,0
1784730809.455215,628930.093000,controller,LHR-65847686,1,200,-0.910395,1.452067,-2.733487,0.805195,0.532934,0.259798,0.012182,0.0086,0.0029,-0.0366,0
1784730809.470715,628930.109000,controller,LHR-65847686,1,200,-0.910276,1.452137,-2.733971,0.805996,0.532143,0.258914,0.012576,0.0094,0.0003,-0.0398,0
1784730809.480215,628930.125000,controller,LHR-65847686,1,200,-0.910174,1.452108,-2.734318,0.806341,0.531798,0.258544,0.012667,0.0101,-0.0026,-0.0397,0
1784730809.483717,628930.125000,controller,LHR-65847686,1,200,-0.909886,1.452269,-2.734353,0.806419,0.531799,0.258301,0.012609,0.0134,-0.0018,-0.0384,0
1784730809.497216,628930.140000,controller,LHR-65847686,1,200,-0.909734,1.452113,-2.734777,0.806741,0.531457,0.258016,0.012298,0.0120,-0.0067,-0.0345,0
1784730809.505715,628930.156000,controller,LHR-65847686,1,200,-0.909563,1.452198,-2.734932,0.806977,0.531195,0.257823,0.012125,0.0103,-0.0056,-0.0329,0
1784730809.508214,628930.156000,controller,LHR-65847686,1,200,-0.909537,1.452184,-2.735014,0.807027,0.531137,0.257789,0.012058,0.0103,-0.0056,-0.0329,0
1784730809.520718,628930.171000,controller,LHR-65847686,1,200,-0.909424,1.452133,-2.735317,0.807601,0.530326,0.257675,0.011754,0.0060,-0.0053,-0.0325,0
1784730809.528215,628930.171000,controller,LHR-65847686,1,200,-0.909391,1.452093,-2.735561,0.807827,0.529982,0.257672,0.011820,0.0049,-0.0051,-0.0326,0
1784730809.545716,628930.187000,controller,LHR-65847686,1,200,-0.909178,1.452152,-2.735899,0.808207,0.529505,0.257417,0.012756,0.0040,-0.0030,-0.0259,0
1784730809.557215,628930.203000,controller,LHR-65847686,1,200,-0.909220,1.451737,-2.735910,0.808158,0.529656,0.257215,0.013619,0.0048,-0.0106,-0.0184,0
1784730809.562718,628930.203000,controller,LHR-65847686,1,200,-0.909091,1.451850,-2.736123,0.808031,0.529911,0.257069,0.014010,0.0059,-0.0091,-0.0197,0
1784730809.578215,628930.218000,controller,LHR-65847686,1,200,-0.908952,1.452200,-2.736151,0.807263,0.531172,0.256799,0.015375,0.0103,-0.0107,-0.0176,0
1784730809.588716,628930.234000,controller,LHR-65847686,1,200,-0.908827,1.452015,-2.736380,0.806682,0.532237,0.256366,0.016253,0.0118,-0.0187,-0.0226,0
1784730809.593216,628930.234000,controller,LHR-65847686,1,200,-0.908745,1.451948,-2.736575,0.806502,0.532572,0.256207,0.016713,0.0136,-0.0280,-0.0319,0
1784730809.607714,628930.250000,controller,LHR-65847686,1,200,-0.908595,1.451190,-2.737346,0.805940,0.533783,0.255370,0.017937,0.0141,-0.0499,-0.0512,0
1784730809.616215,628930.265000,controller,LHR-65847686,1,200,-0.908451,1.450578,-2.737893,0.805824,0.534126,0.254978,0.018526,0.0156,-0.0664,-0.0661,0
1784730809.619715,628930.265000,controller,LHR-65847686,1,200,-0.908392,1.450289,-2.738183,0.805846,0.534180,0.254782,0.018699,0.0163,-0.0750,-0.0740,0
1784730809.633215,628930.281000,controller,LHR-65847686,1,200,-0.907958,1.448967,-2.739430,0.806225,0.533858,0.254216,0.019255,0.0206,-0.1156,-0.1080,0
1784730809.640715,628930.281000,controller,LHR-65847686,1,200,-0.907871,1.448105,-2.740017,0.806609,0.533482,0.253744,0.019804,0.0194,-0.1386,-0.1208,0
1784730809.658215,628930.296000,controller,LHR-65847686,1,200,-0.907628,1.445063,-2.742525,0.808279,0.531163,0.253262,0.020236,0.0136,-0.1884,-0.1564,0
1784730809.670715,628930.312000,controller,LHR-65847686,1,200,-0.907435,1.442528,-2.744535,0.810261,0.528119,0.253316,0.019968,0.0047,-0.2183,-0.1795,0
1784730809.677216,628930.328000,controller,LHR-65847686,1,200,-0.907445,1.440973,-2.745814,0.811838,0.525612,0.253505,0.019638,-0.0047,-0.2360,-0.1946,0
1784730809.677716,628930.328000,controller,LHR-65847686,1,200,-0.907447,1.440860,-2.745907,0.811951,0.525435,0.253512,0.019613,-0.0047,-0.2360,-0.1946,0
1784730809.688216,628930.328000,controller,LHR-65847686,1,200,-0.907576,1.438388,-2.747988,0.815061,0.520687,0.253363,0.019153,-0.0181,-0.2508,-0.2054,0
1784730809.708715,628930.359000,controller,LHR-65847686,1,200,-0.908298,1.432936,-2.752216,0.822913,0.508974,0.251845,0.018269,-0.0613,-0.2914,-0.2117,0
1784730809.708715,628930.359000,controller,LHR-65847686,1,200,-0.908311,1.432871,-2.752263,0.823003,0.508839,0.251825,0.018261,-0.0613,-0.2914,-0.2117,0
1784730809.719218,628930.359000,controller,LHR-65847686,1,200,-0.909261,1.429620,-2.754291,0.827098,0.502821,0.250482,0.018402,-0.0929,-0.3182,-0.2000,0
1784730809.739716,628930.390000,controller,LHR-65847686,1,200,-0.911530,1.422693,-2.757581,0.833870,0.492040,0.249559,0.016671,-0.1355,-0.3554,-0.1586,0
1784730809.739716,628930.390000,controller,LHR-65847686,1,200,-0.911549,1.422642,-2.757604,0.833914,0.491967,0.249557,0.016654,-0.1355,-0.3554,-0.1586,0
1784730809.750216,628930.390000,controller,LHR-65847686,1,200,-0.912849,1.418881,-2.758936,0.836290,0.487283,0.250964,0.013815,-0.1560,-0.3747,-0.1260,0
1784730809.770715,628930.421000,controller,LHR-65847686,1,200,-0.916403,1.410468,-2.760397,0.839452,0.478940,0.256691,0.006872,-0.1962,-0.4063,-0.0610,0
1784730809.770715,628930.421000,controller,LHR-65847686,1,200,-0.916435,1.410403,-2.760407,0.839469,0.478878,0.256750,0.006813,-0.1962,-0.4063,-0.0610,0
1784730809.781215,628930.421000,controller,LHR-65847686,1,200,-0.918668,1.406512,-2.760484,0.840181,0.475454,0.260816,0.003920,-0.2160,-0.4100,-0.0351,0
1784730809.801715,628930.453000,controller,LHR-65847686,1,200,-0.923906,1.397680,-2.760857,0.840880,0.468923,0.270236,0.002209,-0.2755,-0.4406,0.0107,0
1784730809.801715,628930.453000,controller,LHR-65847686,1,200,-0.923973,1.397573,-2.760855,0.840882,0.468854,0.270349,0.002214,-0.2755,-0.4406,0.0107,0
1784730809.812214,628930.453000,controller,LHR-65847686,1,200,-0.926963,1.392944,-2.760603,0.840780,0.466197,0.275206,0.003248,-0.2962,-0.4544,0.0253,0
1784730809.832715,628930.484000,controller,LHR-65847686,1,200,-0.933663,1.382836,-2.759754,0.840311,0.460931,0.285289,0.005579,-0.3443,-0.5060,0.0572,0
1784730809.832715,628930.484000,controller,LHR-65847686,1,200,-0.933713,1.382762,-2.759745,0.840307,0.460890,0.285365,0.005589,-0.3443,-0.5060,0.0572,0
1784730809.843215,628930.484000,controller,LHR-65847686,1,200,-0.937307,1.377401,-2.759112,0.840305,0.457272,0.291144,0.004981,-0.3493,-0.5210,0.0648,0
1784730809.863714,628930.515000,controller,LHR-65847686,1,200,-0.944409,1.366216,-2.757666,0.841413,0.446105,0.304976,-0.002130,-0.3476,-0.5518,0.0737,0
1784730809.863714,628930.515000,controller,LHR-65847686,1,200,-0.944463,1.366130,-2.757655,0.841422,0.446013,0.305084,-0.002190,-0.3476,-0.5518,0.0737,0
1784730809.874214,628930.515000,controller,LHR-65847686,1,200,-0.948395,1.360715,-2.756368,0.841911,0.439847,0.312540,-0.006234,-0.3525,-0.5620,0.0834,0
1784730809.894715,628930.546000,controller,LHR-65847686,1,200,-0.955350,1.348573,-2.754919,0.843034,0.426958,0.326758,-0.015189,-0.3514,-0.5871,0.0925,0
1784730809.894715,628930.546000,controller,LHR-65847686,1,200,-0.955428,1.348443,-2.754899,0.843044,0.426822,0.326905,-0.015282,-0.3514,-0.5871,0.0925,0
1784730809.905216,628930.546000,controller,LHR-65847686,1,200,-0.958821,1.342574,-2.753741,0.843436,0.421389,0.332697,-0.018959,-0.3519,-0.5981,0.1086,0
1784730809.925715,628930.578000,controller,LHR-65847686,1,200,-0.965830,1.330041,-2.751226,0.843377,0.412526,0.343242,-0.026887,-0.3439,-0.6240,0.1375,0
1784730809.925715,628930.578000,controller,LHR-65847686,1,200,-0.965903,1.329907,-2.751197,0.843372,0.412441,0.343349,-0.026971,-0.3439,-0.6240,0.1375,0
1784730809.936216,628930.578000,controller,LHR-65847686,1,200,-0.969448,1.323287,-2.749512,0.842978,0.408093,0.349091,-0.031367,-0.3414,-0.6370,0.1515,0
1784730809.956715,628930.609000,controller,LHR-65847686,1,200,-0.976795,1.309878,-2.745557,0.842095,0.399463,0.360618,-0.035487,-0.3569,-0.6677,0.1880,0
1784730809.956715,628930.609000,controller,LHR-65847686,1,200,-0.976867,1.309744,-2.745519,0.842086,0.399377,0.360733,-0.035514,-0.3569,-0.6677,0.1880,0
1784730809.967215,628930.609000,controller,LHR-65847686,1,200,-0.980652,1.302920,-2.743451,0.841872,0.394573,0.366597,-0.034225,-0.3716,-0.6829,0.2009,0
1784730809.987715,628930.640000,controller,LHR-65847686,1,200,-0.988167,1.288442,-2.739546,0.841810,0.383189,0.378756,-0.032661,-0.3753,-0.7133,0.2012,0
1784730809.987715,628930.640000,controller,LHR-65847686,1,200,-0.988244,1.288297,-2.739505,0.841810,0.383071,0.378875,-0.032645,-0.3753,-0.7133,0.2012,0
1784730809.998217,628930.640000,controller,LHR-65847686,1,200,-0.991788,1.280629,-2.737836,0.842237,0.376587,0.384320,-0.033418,-0.3616,-0.7308,0.1925,0
1784730810.018716,628930.671000,controller,LHR-65847686,1,200,-0.998711,1.265399,-2.734106,0.843453,0.361610,0.395304,-0.039481,-0.3235,-0.7400,0.1878,0
1784730810.018716,628930.671000,controller,LHR-65847686,1,200,-0.998759,1.265289,-2.734078,0.843463,0.361496,0.395384,-0.039536,-0.3235,-0.7400,0.1878,0
1784730810.029215,628930.671000,controller,LHR-65847686,1,200,-1.001966,1.257725,-2.731759,0.844109,0.353035,0.401205,-0.043365,-0.3098,-0.7380,0.2022,0
1784730810.049716,628930.703000,controller,LHR-65847686,1,200,-1.008254,1.242884,-2.727121,0.844476,0.338702,0.412546,-0.044136,-0.3014,-0.7252,0.2390,0
1784730810.049716,628930.703000,controller,LHR-65847686,1,200,-1.008323,1.242718,-2.727066,0.844472,0.338554,0.412676,-0.044117,-0.3014,-0.7252,0.2390,0
1784730810.060215,628930.703000,controller,LHR-65847686,1,200,-1.011267,1.235335,-2.724668,0.844317,0.331953,0.418421,-0.043135,-0.2955,-0.7189,0.2484,0
1784730810.080716,628930.734000,controller,LHR-65847686,1,200,-1.016766,1.220887,-2.719462,0.843097,0.320071,0.430142,-0.041476,-0.2589,-0.7027,0.2522,0
1784730810.080716,628930.734000,controller,LHR-65847686,1,200,-1.016822,1.220734,-2.719407,0.843083,0.319943,0.430264,-0.041469,-0.2589,-0.7027,0.2522,0
1784730810.091215,628930.734000,controller,LHR-65847686,1,200,-1.019146,1.213612,-2.716935,0.842792,0.313622,0.435278,-0.043313,-0.2297,-0.6940,0.2428,0
1784730810.111714,628930.765000,controller,LHR-65847686,1,200,-1.023143,1.199981,-2.712509,0.843393,0.300367,0.442716,-0.049707,-0.1764,-0.6793,0.2248,0
1784730810.111714,628930.765000,controller,LHR-65847686,1,200,-1.023173,1.199864,-2.712471,0.843397,0.300257,0.442776,-0.049772,-0.1764,-0.6793,0.2248,0
1784730810.122217,628930.765000,controller,LHR-65847686,1,200,-1.024688,1.193075,-2.710224,0.843910,0.293429,0.445938,-0.053430,-0.1415,-0.6699,0.2181,0
1784730810.142716,628930.781000,controller,LHR-65847686,1,200,-1.027207,1.179624,-2.705822,0.844756,0.279922,0.452322,-0.058620,-0.1107,-0.6567,0.2161,0
1784730810.157218,628930.796000,controller,LHR-65847686,1,200,-1.028731,1.170306,-2.702712,0.844861,0.271380,0.457401,-0.057849,-0.1009,-0.6459,0.2213,0
1784730810.166714,628930.812000,controller,LHR-65847686,1,200,-1.029670,1.164218,-2.700570,0.844616,0.266289,0.461137,-0.055379,-0.0953,-0.6393,0.2244,0
1784730810.170215,628930.812000,controller,LHR-65847686,1,200,-1.030006,1.161914,-2.699749,0.844487,0.264374,0.462615,-0.054176,-0.0920,-0.6358,0.2247,0
1784730810.183715,628930.828000,controller,LHR-65847686,1,200,-1.031240,1.153612,-2.696874,0.844234,0.256712,0.467783,-0.050463,-0.0780,-0.6180,0.2179,0
1784730810.191215,628930.843000,controller,LHR-65847686,1,200,-1.031688,1.149096,-2.695315,0.844031,0.252113,0.470816,-0.048817,-0.0615,-0.6011,0.2093,0
1784730810.193713,628930.843000,controller,LHR-65847686,1,200,-1.031794,1.147635,-2.694825,0.843998,0.250491,0.471777,-0.048460,-0.0521,-0.5916,0.2038,0
1784730810.206214,628930.859000,controller,LHR-65847686,1,200,-1.032445,1.140421,-2.692432,0.844101,0.242488,0.475956,-0.046454,-0.0275,-0.5584,0.1855,0
1784730810.212714,628930.859000,controller,LHR-65847686,1,200,-1.032547,1.136900,-2.691280,0.844156,0.238454,0.477974,-0.045624,-0.0185,-0.5455,0.1795,0
1784730810.229215,628930.875000,controller,LHR-65847686,1,200,-1.032456,1.128699,-2.688608,0.844887,0.229803,0.481228,-0.042136,0.0161,-0.4803,0.1492,0
1784730810.239715,628930.890000,controller,LHR-65847686,1,200,-1.032367,1.123718,-2.687186,0.845516,0.224649,0.482730,-0.040082,0.0245,-0.4550,0.1354,0
1784730810.245214,628930.890000,controller,LHR-65847686,1,200,-1.032164,1.121394,-2.686529,0.845948,0.222424,0.483065,-0.039342,0.0326,-0.4292,0.1231,0
1784730810.260714,628930.906000,controller,LHR-65847686,1,200,-1.031555,1.115239,-2.684754,0.847265,0.216264,0.483667,-0.037932,0.0423,-0.3907,0.1072,0
1784730810.270215,628930.921000,controller,LHR-65847686,1,200,-1.031066,1.111891,-2.683820,0.847953,0.213153,0.483829,-0.038091,0.0494,-0.3527,0.0978,0
1784730810.274715,628930.921000,controller,LHR-65847686,1,200,-1.030839,1.110386,-2.683382,0.848214,0.211775,0.483971,-0.038171,0.0501,-0.3406,0.0967,0
1784730810.289216,628930.937000,controller,LHR-65847686,1,200,-1.030208,1.105865,-2.681960,0.848829,0.207756,0.484702,-0.037298,0.0449,-0.2920,0.0986,0
1784730810.297716,628930.937000,controller,LHR-65847686,1,200,-1.029887,1.103536,-2.681020,0.849010,0.205876,0.485269,-0.036191,0.0380,-0.2711,0.1017,0
1784730810.316215,628930.968000,controller,LHR-65847686,1,200,-1.029371,1.099021,-2.679214,0.848737,0.202917,0.487203,-0.033209,0.0241,-0.2324,0.1016,0
1784730810.316215,628930.968000,controller,LHR-65847686,1,200,-1.029367,1.098987,-2.679200,0.848734,0.202896,0.487220,-0.033184,0.0241,-0.2324,0.1016,0
1784730810.326716,628930.968000,controller,LHR-65847686,1,200,-1.029236,1.096883,-2.678330,0.848691,0.201327,0.488070,-0.031265,0.0160,-0.2025,0.0950,0
1784730810.347216,628931.000000,controller,LHR-65847686,1,200,-1.029090,1.093410,-2.676750,0.848520,0.198770,0.489611,-0.028043,0.0047,-0.1504,0.0823,0
1784730810.347216,628931.000000,controller,LHR-65847686,1,200,-1.029089,1.093388,-2.676738,0.848518,0.198754,0.489621,-0.028023,0.0047,-0.1504,0.0823,0
1784730810.357722,628931.000000,controller,LHR-65847686,1,200,-1.029082,1.091985,-2.676271,0.848498,0.197250,0.490313,-0.027139,0.0004,-0.1172,0.0702,0
1784730810.378218,628931.031000,controller,LHR-65847686,1,200,-1.029046,1.090363,-2.675078,0.848615,0.194736,0.491063,-0.028069,0.0008,-0.0613,0.0534,0
1784730810.378718,628931.031000,controller,LHR-65847686,1,200,-1.029045,1.090339,-2.675056,0.848618,0.194692,0.491073,-0.028099,0.0008,-0.0613,0.0534,0
1784730810.389216,628931.031000,controller,LHR-65847686,1,200,-1.029000,1.089983,-2.674816,0.848888,0.193945,0.490855,-0.028909,0.0015,-0.0301,0.0432,0
1784730810.409717,628931.062000,controller,LHR-65847686,1,200,-1.028864,1.089898,-2.674152,0.849619,0.193545,0.489541,-0.032209,0.0059,0.0063,0.0274,0
1784730810.409717,628931.062000,controller,LHR-65847686,1,200,-1.028862,1.089899,-2.674146,0.849628,0.193544,0.489523,-0.032254,0.0059,0.0063,0.0274,0
1784730810.420217,628931.062000,controller,LHR-65847686,1,200,-1.028804,1.090053,-2.673933,0.850180,0.193362,0.488470,-0.034676,0.0055,0.0202,0.0191,0
1784730810.440715,628931.093000,controller,LHR-65847686,1,200,-1.028672,1.090284,-2.675066,0.851630,0.192425,0.485977,-0.039058,-0.0025,0.0354,0.0063,0
1784730810.440715,628931.093000,controller,LHR-65847686,1,200,-1.028673,1.090292,-2.675065,0.851645,0.192418,0.485950,-0.039105,-0.0025,0.0354,0.0063,0
1784730810.451217,628931.093000,controller,LHR-65847686,1,200,-1.028744,1.090680,-2.674977,0.852298,0.192166,0.484744,-0.041038,-0.0071,0.0387,0.0082,0
1784730810.471717,628931.125000,controller,LHR-65847686,1,200,-1.029069,1.091537,-2.675011,0.852962,0.192358,0.483349,-0.042756,-0.0244,0.0452,0.0247,0
1784730810.471717,628931.125000,controller,LHR-65847686,1,200,-1.029073,1.091545,-2.675007,0.852964,0.192362,0.483343,-0.042764,-0.0244,0.0452,0.0247,0
1784730810.482218,628931.125000,controller,LHR-65847686,1,200,-1.029442,1.092118,-2.674764,0.853080,0.192717,0.482980,-0.042951,-0.0315,0.0462,0.0310,0
1784730810.502714,628931.156000,controller,LHR-65847686,1,200,-1.030077,1.092914,-2.674624,0.852762,0.193427,0.483266,-0.042865,-0.0402,0.0469,0.0377,0
1784730810.502714,628931.156000,controller,LHR-65847686,1,200,-1.030084,1.092921,-2.674618,0.852758,0.193432,0.483271,-0.042866,-0.0402,0.0469,0.0377,0
1784730810.513214,628931.156000,controller,LHR-65847686,1,200,-1.030514,1.093412,-2.674248,0.852554,0.193502,0.483575,-0.043181,-0.0418,0.0479,0.0360,0
1784730810.533715,628931.187000,controller,LHR-65847686,1,200,-1.031128,1.094312,-2.674321,0.852533,0.193451,0.483530,-0.044297,-0.0371,0.0522,0.0274,0
1784730810.534217,628931.187000,controller,LHR-65847686,1,200,-1.031158,1.094354,-2.674299,0.852532,0.193455,0.483525,-0.044352,-0.0371,0.0522,0.0274,0
1784730810.545215,628931.187000,controller,LHR-65847686,1,200,-1.031359,1.094786,-2.674572,0.852581,0.193662,0.483292,-0.045045,-0.0322,0.0551,0.0242,0
1784730810.565715,628931.218000,controller,LHR-65847686,1,200,-1.031881,1.095873,-2.674347,0.852572,0.194428,0.482824,-0.046903,-0.0262,0.0558,0.0227,0
1784730810.565715,628931.218000,controller,LHR-65847686,1,200,-1.031885,1.095881,-2.674344,0.852571,0.194435,0.482821,-0.046919,-0.0262,0.0558,0.0227,0
1784730810.576215,628931.218000,controller,LHR-65847686,1,200,-1.032140,1.096435,-2.674108,0.852518,0.194927,0.482619,-0.047915,-0.0235,0.0525,0.0222,0
1784730810.596715,628931.250000,controller,LHR-65847686,1,200,-1.032438,1.097281,-2.674276,0.852435,0.195861,0.482302,-0.048762,-0.0204,0.0450,0.0183,0
1784730810.596715,628931.250000,controller,LHR-65847686,1,200,-1.032373,1.097068,-2.675041,0.852498,0.195720,0.482250,-0.048748,-0.0210,0.0458,0.0150,0
1784730810.607215,628931.250000,controller,LHR-65847686,1,200,-1.032590,1.097511,-2.674888,0.852460,0.196238,0.482113,-0.048679,-0.0205,0.0432,0.0148,0
1784730810.627716,628931.281000,controller,LHR-65847686,1,200,-1.032782,1.098119,-2.675477,0.852771,0.196493,0.481492,-0.048342,-0.0163,0.0384,0.0059,0
1784730810.627716,628931.281000,controller,LHR-65847686,1,200,-1.032780,1.098127,-2.675485,0.852796,0.196418,0.481471,-0.048436,-0.0150,0.0381,0.0045,0
1784730810.638214,628931.281000,controller,LHR-65847686,1,200,-1.032688,1.098145,-2.676154,0.853031,0.196084,0.481135,-0.048978,-0.0099,0.0364,-0.0009,0
1784730810.658717,628931.312000,controller,LHR-65847686,1,200,-1.032591,1.098804,-2.676915,0.853801,0.195166,0.479945,-0.050869,0.0012,0.0375,-0.0096,0
1784730810.658717,628931.312000,controller,LHR-65847686,1,200,-1.032591,1.098810,-2.676916,0.853807,0.195160,0.479935,-0.050887,0.0012,0.0375,-0.0096,0
1784730810.669217,628931.312000,controller,LHR-65847686,1,200,-1.032541,1.099210,-2.676997,0.854070,0.195245,0.479325,-0.051868,0.0052,0.0375,-0.0085,0
1784730810.689715,628931.343000,controller,LHR-65847686,1,200,-1.032242,1.099768,-2.677546,0.854377,0.196070,0.478346,-0.052743,0.0079,0.0341,-0.0055,0
1784730810.689715,628931.343000,controller,LHR-65847686,1,200,-1.032240,1.099773,-2.677547,0.854378,0.196079,0.478340,-0.052748,0.0079,0.0341,-0.0055,0
1784730810.700216,628931.343000,controller,LHR-65847686,1,200,-1.032172,1.100091,-2.677567,0.854386,0.196814,0.478032,-0.052670,0.0070,0.0298,-0.0019,0
1784730810.720716,628931.359000,controller,LHR-65847686,1,200,-1.031764,1.100225,-2.678387,0.854329,0.198116,0.477661,-0.052084,0.0076,0.0211,0.0013,0
1784730810.735215,628931.375000,controller,LHR-65847686,1,200,-1.031661,1.100463,-2.678351,0.854285,0.198803,0.477502,-0.051632,0.0070,0.0151,0.0031,0
1784730810.743718,628931.390000,controller,LHR-65847686,1,200,-1.031307,1.100530,-2.678832,0.854436,0.198858,0.477211,-0.051609,0.0098,0.0108,-0.0003,0
1784730810.747215,628931.390000,controller,LHR-65847686,1,200,-1.031274,1.100566,-2.678833,0.854468,0.198906,0.477139,-0.051580,0.0098,0.0108,-0.0003,0
1784730810.760715,628931.406000,controller,LHR-65847686,1,200,-1.030902,1.100335,-2.679709,0.854854,0.198654,0.476542,-0.051671,0.0116,0.0028,-0.0083,0
1784730810.768215,628931.421000,controller,LHR-65847686,1,200,-1.030813,1.100327,-2.679802,0.855180,0.198300,0.476082,-0.051868,0.0114,-0.0013,-0.0116,0
1784730810.770715,628931.421000,controller,LHR-65847686,1,200,-1.030785,1.100324,-2.679831,0.855287,0.198185,0.475930,-0.051930,0.0114,-0.0013,-0.0116,0
1784730810.783215,628931.421000,controller,LHR-65847686,1,200,-1.030658,1.100251,-2.680023,0.856016,0.197348,0.474940,-0.052181,0.0096,-0.0058,-0.0143,0
1784730810.805715,628931.453000,controller,LHR-65847686,1,200,-1.030333,1.099612,-2.681336,0.857149,0.196212,0.473424,-0.051643,0.0022,-0.0100,-0.0076,0
1784730810.806718,628931.453000,controller,LHR-65847686,1,200,-1.030332,1.099604,-2.681342,0.857181,0.196182,0.473379,-0.051626,0.0022,-0.0100,-0.0076,0
1784730810.817218,628931.468000,controller,LHR-65847686,1,200,-1.030359,1.099510,-2.681305,0.857409,0.196042,0.473066,-0.051252,-0.0029,-0.0093,0.0037,0
1784730810.822714,628931.468000,controller,LHR-65847686,1,200,-1.029960,1.099092,-2.682482,0.857473,0.195953,0.473002,-0.051104,-0.0022,-0.0080,0.0042,0
1784730810.838215,628931.484000,controller,LHR-65847686,1,200,-1.029774,1.098546,-2.683201,0.857404,0.195955,0.473214,-0.050283,-0.0070,-0.0070,0.0162,0
1784730810.847715,628931.500000,controller,LHR-65847686,1,200,-1.029874,1.098485,-2.682984,0.857168,0.196127,0.473630,-0.049720,-0.0102,-0.0065,0.0220,0
1784730810.851218,628931.500000,controller,LHR-65847686,1,200,-1.029927,1.098460,-2.682880,0.857045,0.196202,0.473846,-0.049489,-0.0131,-0.0067,0.0263,0
1784730810.864714,628931.515000,controller,LHR-65847686,1,200,-1.029812,1.098040,-2.683460,0.856715,0.196440,0.474432,-0.048623,-0.0140,-0.0055,0.0278,0
1784730810.873215,628931.515000,controller,LHR-65847686,1,200,-1.029929,1.097999,-2.683226,0.856492,0.196606,0.474812,-0.048175,-0.0140,-0.0050,0.0280,0
1784730810.891716,628931.531000,controller,LHR-65847686,1,200,-1.029998,1.097885,-2.683113,0.856178,0.196929,0.475315,-0.047482,-0.0123,-0.0011,0.0239,0
1784730810.904215,628931.546000,controller,LHR-65847686,1,200,-1.030027,1.097816,-2.683122,0.856006,0.197109,0.475575,-0.047227,-0.0107,0.0042,0.0215,0
1784730810.911715,628931.562000,controller,LHR-65847686,1,200,-1.030104,1.097862,-2.682968,0.855903,0.197218,0.475722,-0.047161,-0.0105,0.0066,0.0206,0
1784730810.913214,628931.562000,controller,LHR-65847686,1,200,-1.030120,1.097871,-2.682938,0.855882,0.197239,0.475751,-0.047149,-0.0105,0.0066,0.0206,0
1784730810.924714,628931.578000,controller,LHR-65847686,1,200,-1.030213,1.098109,-2.682646,0.855818,0.197392,0.475818,-0.047002,-0.0091,0.0107,0.0182,0
1784730810.930216,628931.578000,controller,LHR-65847686,1,200,-1.030258,1.098169,-2.682557,0.855804,0.197453,0.475815,-0.047037,-0.0087,0.0109,0.0168,0
1784730810.945717,628931.593000,controller,LHR-65847686,1,200,-1.030302,1.098464,-2.682349,0.855956,0.197495,0.475509,-0.047183,-0.0054,0.0134,0.0104,0
1784730810.956214,628931.609000,controller,LHR-65847686,1,200,-1.030355,1.098602,-2.682282,0.856208,0.197358,0.475088,-0.047422,-0.0052,0.0137,0.0065,0
1784730810.960718,628931.609000,controller,LHR-65847686,1,200,-1.030071,1.098115,-2.683497,0.856323,0.197262,0.474924,-0.047385,-0.0040,0.0136,0.0026,0
1784730810.975215,628931.625000,controller,LHR-65847686,1,200,-1.030128,1.098327,-2.683479,0.856787,0.196885,0.474218,-0.047639,-0.0040,0.0157,0.0015,0
1784730810.983716,628931.625000,controller,LHR-65847686,1,200,-1.030064,1.098374,-2.683703,0.857007,0.196681,0.473891,-0.047768,-0.0032,0.0195,0.0021,0
1784730811.002215,628931.656000,controller,LHR-65847686,1,200,-1.029851,1.098388,-2.684523,0.857366,0.196411,0.473325,-0.048053,-0.0015,0.0257,0.0049,0
1784730811.002215,628931.656000,controller,LHR-65847686,1,200,-1.029851,1.098392,-2.684522,0.857369,0.196410,0.473321,-0.048056,-0.0015,0.0257,0.0049,0
1784730811.012716,628931.656000,controller,LHR-65847686,1,200,-1.029871,1.098703,-2.684437,0.857447,0.196544,0.473111,-0.048177,-0.0022,0.0301,0.0080,0
1784730811.033215,628931.671000,controller,LHR-65847686,1,200,-1.029845,1.099277,-2.684668,0.857598,0.197013,0.472621,-0.048377,-0.0030,0.0331,0.0063,0
1784730811.048716,628931.687000,controller,LHR-65847686,1,200,-1.029612,1.099192,-2.685789,0.857868,0.197234,0.472016,-0.048598,-0.0039,0.0307,0.0020,0
1784730811.058214,628931.703000,controller,LHR-65847686,1,200,-1.029657,1.099473,-2.685785,0.858115,0.197190,0.471562,-0.048830,-0.0051,0.0299,0.0011,0
1784730811.061715,628931.703000,controller,LHR-65847686,1,200,-1.029437,1.099380,-2.686350,0.858228,0.197109,0.471385,-0.048885,-0.0039,0.0295,-0.0009,0
1784730811.075215,628931.718000,controller,LHR-65847686,1,200,-1.029517,1.099764,-2.686350,0.858593,0.196845,0.470790,-0.049263,-0.0062,0.0287,0.0003,0
1784730811.083714,628931.734000,controller,LHR-65847686,1,200,-1.029383,1.099702,-2.687059,0.858671,0.196940,0.470610,-0.049236,-0.0069,0.0293,0.0017,0
1784730811.086215,628931.734000,controller,LHR-65847686,1,200,-1.029407,1.099782,-2.687036,0.858655,0.197035,0.470603,-0.049207,-0.0076,0.0300,0.0037,0
1784730811.098717,628931.750000,controller,LHR-65847686,1,200,-1.029531,1.100180,-2.686889,0.858463,0.197725,0.470696,-0.048907,-0.0096,0.0313,0.0112,0
1784730811.105217,628931.750000,controller,LHR-65847686,1,200,-1.029439,1.100075,-2.687467,0.858298,0.198309,0.470788,-0.048556,-0.0102,0.0319,0.0148,0
1784730811.121714,628931.765000,controller,LHR-65847686,1,200,-1.029450,1.100308,-2.687901,0.857789,0.199740,0.471185,-0.047811,-0.0113,0.0307,0.0165,0
1784730811.133215,628931.781000,controller,LHR-65847686,1,200,-1.029579,1.100627,-2.687752,0.857484,0.200452,0.471457,-0.047635,-0.0113,0.0277,0.0131,0
1784730811.138715,628931.781000,controller,LHR-65847686,1,200,-1.029640,1.100771,-2.687700,0.857391,0.200643,0.471542,-0.047658,-0.0113,0.0268,0.0110,0
1784730811.154218,628931.796000,controller,LHR-65847686,1,200,-1.029704,1.100862,-2.688326,0.857449,0.200582,0.471442,-0.047847,-0.0111,0.0244,0.0014,0
1784730811.164716,628931.812000,controller,LHR-65847686,1,200,-1.029572,1.101018,-2.688788,0.857586,0.200601,0.471179,-0.047905,-0.0069,0.0245,-0.0043,0
1784730811.169214,628931.812000,controller,LHR-65847686,1,200,-1.029594,1.101130,-2.688814,0.857669,0.200588,0.471022,-0.048023,-0.0057,0.0245,-0.0055,0
1784730811.183715,628931.828000,controller,LHR-65847686,1,200,-1.029405,1.101377,-2.689353,0.857885,0.200787,0.470485,-0.048593,0.0011,0.0247,-0.0097,0
1784730811.192217,628931.843000,controller,LHR-65847686,1,200,-1.029350,1.101588,-2.689456,0.858025,0.200980,0.470095,-0.049096,0.0058,0.0234,-0.0123,0
1784730811.195714,628931.843000,controller,LHR-65847686,1,200,-1.029330,1.101671,-2.689500,0.858084,0.201049,0.469938,-0.049286,0.0058,0.0234,-0.0123,0
1784730811.209217,628931.859000,controller,LHR-65847686,1,200,-1.029209,1.102046,-2.689525,0.858429,0.201110,0.469217,-0.049899,0.0075,0.0174,-0.0157,0
1784730811.216715,628931.859000,controller,LHR-65847686,1,200,-1.029160,1.102139,-2.689668,0.858735,0.200926,0.468698,-0.050260,0.0063,0.0128,-0.0180,0
1784730811.234217,628931.875000,controller,LHR-65847686,1,200,-1.028759,1.101728,-2.691309,0.859773,0.199987,0.467112,-0.051010,0.0040,0.0037,-0.0244,0
1784730811.245714,628931.890000,controller,LHR-65847686,1,200,-1.028563,1.101457,-2.692291,0.860525,0.199288,0.465970,-0.051508,0.0018,-0.0015,-0.0240,0
1784730811.252214,628931.906000,controller,LHR-65847686,1,200,-1.028564,1.101427,-2.692422,0.860922,0.198808,0.465394,-0.051931,-0.0001,-0.0051,-0.0204,0
1784730811.252716,628931.906000,controller,LHR-65847686,1,200,-1.028564,1.101424,-2.692433,0.860953,0.198771,0.465349,-0.051963,-0.0001,-0.0051,-0.0204,0
1784730811.263215,628931.906000,controller,LHR-65847686,1,200,-1.028355,1.101124,-2.693203,0.861525,0.198147,0.464491,-0.052545,-0.0005,-0.0083,-0.0169,0
1784730811.283716,628931.937000,controller,LHR-65847686,1,200,-1.028260,1.100512,-2.694176,0.862816,0.196991,0.462466,-0.053553,-0.0113,-0.0216,-0.0077,0
1784730811.283716,628931.937000,controller,LHR-65847686,1,200,-1.028263,1.100507,-2.694178,0.862833,0.196979,0.462438,-0.053561,-0.0113,-0.0216,-0.0077,0
1784730811.294215,628931.937000,controller,LHR-65847686,1,200,-1.028450,1.100226,-2.694234,0.863764,0.196633,0.460861,-0.053425,-0.0211,-0.0286,-0.0030,0
1784730811.314714,628931.968000,controller,LHR-65847686,1,200,-1.029431,1.099492,-2.693929,0.866439,0.196217,0.456316,-0.050573,-0.0671,-0.0462,0.0264,0
1784730811.314714,628931.968000,controller,LHR-65847686,1,200,-1.029451,1.099478,-2.693921,0.866481,0.196209,0.456246,-0.050522,-0.0671,-0.0462,0.0264,0
1784730811.325214,628931.968000,controller,LHR-65847686,1,200,-1.030377,1.098907,-2.693488,0.867906,0.195303,0.454135,-0.048554,-0.1071,-0.0551,0.0620,0
1784730811.345716,628931.984000,controller,LHR-65847686,1,200,-1.033345,1.097666,-2.691470,0.869825,0.192266,0.452223,-0.043964,-0.1896,-0.0586,0.1552,0
1784730811.360215,628932.000000,controller,LHR-65847686,1,200,-1.036322,1.096465,-2.689472,0.869793,0.189855,0.453600,-0.040769,-0.2537,-0.0529,0.2449,0
1784730811.368715,628932.015000,controller,LHR-65847686,1,200,-1.038688,1.096059,-2.687048,0.869104,0.188375,0.455663,-0.039292,-0.2835,-0.0472,0.2921,0
1784730811.372216,628932.015000,controller,LHR-65847686,1,200,-1.039737,1.095915,-2.685921,0.868690,0.187772,0.456735,-0.038887,-0.2976,-0.0437,0.3156,0
1784730811.385715,628932.031000,controller,LHR-65847686,1,200,-1.043760,1.095294,-2.681715,0.867033,0.185442,0.460858,-0.038397,-0.3337,-0.0329,0.3776,0
1784730811.393214,628932.046000,controller,LHR-65847686,1,200,-1.046404,1.095126,-2.678606,0.865816,0.184113,0.463608,-0.039146,-0.3556,-0.0245,0.4171,0
1784730811.395718,628932.046000,controller,LHR-65847686,1,200,-1.047295,1.095064,-2.677559,0.865415,0.183668,0.464516,-0.039351,-0.3556,-0.0245,0.4171,0
1784730811.408216,628932.046000,controller,LHR-65847686,1,200,-1.051736,1.094470,-2.672720,0.863528,0.181768,0.468570,-0.041493,-0.3930,-0.0079,0.4921,0
1784730811.430715,628932.078000,controller,LHR-65847686,1,200,-1.060894,1.094036,-2.661428,0.859321,0.178169,0.477086,-0.047025,-0.4399,0.0042,0.5904,0
1784730811.431218,628932.078000,controller,LHR-65847686,1,200,-1.061107,1.094038,-2.661142,0.859223,0.178089,0.477280,-0.047160,-0.4399,0.0042,0.5904,0
1784730811.441716,628932.093000,controller,LHR-65847686,1,200,-1.065870,1.093954,-2.654720,0.856507,0.175932,0.482598,-0.050425,-0.4688,0.0094,0.6585,0
1784730811.447714,628932.093000,controller,LHR-65847686,1,200,-1.068663,1.094002,-2.650690,0.854818,0.174517,0.485904,-0.052222,-0.4887,0.0109,0.7071,0
1784730811.463215,628932.109000,controller,LHR-65847686,1,200,-1.076283,1.094060,-2.639591,0.849797,0.170402,0.495552,-0.056889,-0.5103,0.0168,0.7783,0
1784730811.472714,628932.125000,controller,LHR-65847686,1,200,-1.081315,1.094290,-2.631495,0.845818,0.167749,0.502916,-0.059393,-0.5273,0.0267,0.8543,0
1784730811.476214,628932.125000,controller,LHR-65847686,1,200,-1.083033,1.094375,-2.628646,0.844397,0.166973,0.505464,-0.060165,-0.5302,0.0308,0.8782,0
1784730811.489714,628932.140000,controller,LHR-65847686,1,200,-1.090317,1.095088,-2.616058,0.837806,0.163795,0.517047,-0.062566,-0.5372,0.0459,0.9489,0
1784730811.498215,628932.140000,controller,LHR-65847686,1,200,-1.094730,1.095267,-2.608447,0.833266,0.162151,0.524708,-0.063687,-0.5369,0.0573,0.9925,0
1784730811.516715,628932.156000,controller,LHR-65847686,1,200,-1.104542,1.096722,-2.588699,0.821447,0.160099,0.543455,-0.065191,-0.5240,0.0885,1.0977,0
1784730811.529214,628932.171000,controller,LHR-65847686,1,200,-1.110969,1.098023,-2.574587,0.812784,0.159118,0.556436,-0.066662,-0.5061,0.1099,1.1483,0
1784730811.536715,628932.187000,controller,LHR-65847686,1,200,-1.114640,1.098946,-2.565837,0.807244,0.158570,0.564432,-0.068041,-0.4888,0.1242,1.1743,0
1784730811.538215,628932.187000,controller,LHR-65847686,1,200,-1.115360,1.099130,-2.564100,0.806128,0.158478,0.566019,-0.068292,-0.4888,0.1242,1.1743,0
1784730811.549717,628932.203000,controller,LHR-65847686,1,200,-1.120764,1.100792,-2.550090,0.796995,0.157644,0.578687,-0.071191,-0.4572,0.1441,1.2031,0
1784730811.555215,628932.203000,controller,LHR-65847686,1,200,-1.123116,1.101614,-2.543616,0.792724,0.157270,0.584448,-0.072627,-0.4454,0.1509,1.2101,0
1784730811.570715,628932.218000,controller,LHR-65847686,1,200,-1.129367,1.103709,-2.525728,0.780085,0.156704,0.600947,-0.075986,-0.3977,0.1723,1.2290,0
1784730811.581215,628932.234000,controller,LHR-65847686,1,200,-1.133055,1.104917,-2.513914,0.770826,0.157529,0.612407,-0.077264,-0.3612,0.1844,1.2407,0
1784730811.585716,628932.234000,controller,LHR-65847686,1,200,-1.134609,1.105769,-2.508317,0.766717,0.158115,0.617342,-0.077675,-0.3489,0.1887,1.2442,0
1784730811.600214,628932.250000,controller,LHR-65847686,1,200,-1.139079,1.107505,-2.492238,0.752868,0.161262,0.633301,-0.078195,-0.3127,0.1973,1.2485,0
1784730811.608715,628932.250000,controller,LHR-65847686,1,200,-1.141371,1.109258,-2.481627,0.744509,0.163558,0.642520,-0.078247,-0.2674,0.2044,1.2462,0
1784730811.627214,628932.281000,controller,LHR-65847686,1,200,-1.144587,1.113681,-2.452381,0.725085,0.168213,0.663046,-0.079543,-0.1851,0.2047,1.2201,0
1784730811.627716,628932.281000,controller,LHR-65847686,1,200,-1.144627,1.113726,-2.452115,0.724863,0.168261,0.663275,-0.079557,-0.1851,0.2047,1.2201,0
1784730811.638215,628932.281000,controller,LHR-65847686,1,200,-1.146283,1.116120,-2.439623,0.714351,0.170072,0.674018,-0.080488,-0.1571,0.2102,1.1935,0
1784730811.658715,628932.312000,controller,LHR-65847686,1,200,-1.148051,1.119525,-2.416169,0.694374,0.173769,0.693540,-0.081555,-0.0954,0.2068,1.1206,0
1784730811.658715,628932.312000,controller,LHR-65847686,1,200,-1.148067,1.119560,-2.415978,0.694212,0.173797,0.693695,-0.081563,-0.0954,0.2068,1.1206,0
1784730811.669214,628932.312000,controller,LHR-65847686,1,200,-1.148768,1.121912,-2.404946,0.685092,0.175507,0.702260,-0.081707,-0.0638,0.2096,1.0688,0
1784730811.689715,628932.343000,controller,LHR-65847686,1,200,-1.148880,1.125702,-2.384158,0.668125,0.180010,0.717168,-0.082916,-0.0086,0.2030,0.9804,0
1784730811.689715,628932.343000,controller,LHR-65847686,1,200,-1.148881,1.125733,-2.384007,0.668003,0.180045,0.717271,-0.082930,-0.0086,0.2030,0.9804,0
1784730811.700215,628932.343000,controller,LHR-65847686,1,200,-1.148715,1.128244,-2.374486,0.660353,0.181755,0.723712,-0.084501,0.0206,0.2079,0.9225,0
1784730811.720718,628932.359000,controller,LHR-65847686,1,200,-1.147763,1.132383,-2.356782,0.646052,0.184508,0.735326,-0.088707,0.0535,0.1958,0.8222,0
1784730811.735214,628932.375000,controller,LHR-65847686,1,200,-1.146667,1.134572,-2.345452,0.637555,0.185429,0.742142,-0.091458,0.0612,0.1769,0.7348,0
1784730811.743714,628932.390000,controller,LHR-65847686,1,200,-1.146151,1.136370,-2.339485,0.633282,0.185643,0.745536,-0.093095,0.0604,0.1769,0.7098,0
1784730811.747215,628932.390000,controller,LHR-65847686,1,200,-1.145844,1.136596,-2.336990,0.631707,0.185529,0.746782,-0.094036,0.0609,0.1694,0.6881,0
1784730811.760714,628932.406000,controller,LHR-65847686,1,200,-1.144800,1.139058,-2.328814,0.627095,0.184543,0.750556,-0.096752,0.0618,0.1547,0.5958,0
1784730811.768215,628932.421000,controller,LHR-65847686,1,200,-1.144342,1.140182,-2.324539,0.624984,0.183827,0.752277,-0.098397,0.0616,0.1495,0.5738,0
1784730811.770715,628932.421000,controller,LHR-65847686,1,200,-1.144118,1.140437,-2.323238,0.624242,0.183615,0.752849,-0.099125,0.0619,0.1440,0.5513,0
1784730811.783215,628932.421000,controller,LHR-65847686,1,200,-1.143117,1.142335,-2.317123,0.621912,0.181259,0.754817,-0.103066,0.0673,0.1314,0.4883,0
1784730811.805716,628932.453000,controller,LHR-65847686,1,200,-1.140834,1.144258,-2.307670,0.618834,0.176907,0.757326,-0.110477,0.0768,0.0937,0.3861,0
1784730811.806215,628932.453000,controller,LHR-65847686,1,200,-1.140797,1.144303,-2.307486,0.618784,0.176813,0.757367,-0.110632,0.0768,0.0937,0.3861,0
1784730811.816715,628932.468000,controller,LHR-65847686,1,200,-1.139893,1.145375,-2.303787,0.617691,0.175244,0.758251,-0.113146,0.0772,0.0786,0.3489,0
1784730811.822215,628932.468000,controller,LHR-65847686,1,200,-1.139475,1.145758,-2.301920,0.617069,0.174613,0.758754,-0.114141,0.0765,0.0719,0.3391,0
1784730811.837715,628932.484000,controller,LHR-65847686,1,200,-1.138273,1.146421,-2.297164,0.615023,0.173696,0.760413,-0.115532,0.0727,0.0443,0.3029,0
1784730811.847215,628932.500000,controller,LHR-65847686,1,200,-1.137397,1.146970,-2.294488,0.613583,0.173357,0.761628,-0.115693,0.0731,0.0352,0.2862,0
1784730811.850716,628932.500000,controller,LHR-65847686,1,200,-1.136967,1.146502,-2.293368,0.613032,0.173219,0.762046,-0.116071,0.0727,0.0244,0.2803,0
1784730811.864214,628932.515000,controller,LHR-65847686,1,200,-1.135954,1.146904,-2.289964,0.610800,0.173344,0.763853,-0.115773,0.0705,0.0128,0.2545,0
1784730811.872715,628932.515000,controller,LHR-65847686,1,200,-1.135332,1.146826,-2.288136,0.609492,0.173536,0.764872,-0.115648,0.0689,-0.0025,0.2265,0
1784730811.891215,628932.531000,controller,LHR-65847686,1,200,-1.133840,1.146410,-2.284369,0.606883,0.174296,0.766870,-0.115000,0.0679,-0.0229,0.1895,0
1784730811.903715,628932.546000,controller,LHR-65847686,1,200,-1.132828,1.146286,-2.282452,0.605712,0.174641,0.767854,-0.114077,0.0619,-0.0377,0.1523,0
1784730811.911215,628932.562000,controller,LHR-65847686,1,200,-1.132276,1.145606,-2.281432,0.605114,0.174701,0.768395,-0.113515,0.0593,-0.0470,0.1432,0
1784730811.912715,628932.562000,controller,LHR-65847686,1,200,-1.132208,1.145509,-2.281255,0.605038,0.174704,0.768492,-0.113259,0.0562,-0.0517,0.1360,0
1784730811.924215,628932.578000,controller,LHR-65847686,1,200,-1.131492,1.145084,-2.279882,0.604271,0.174903,0.769290,-0.111618,0.0514,-0.0562,0.1219,0
1784730811.929715,628932.578000,controller,LHR-65847686,1,200,-1.131152,1.144544,-2.279321,0.603907,0.175079,0.769679,-0.110629,0.0461,-0.0654,0.1113,0
1784730811.945214,628932.593000,controller,LHR-65847686,1,200,-1.130524,1.143590,-2.277831,0.602826,0.175639,0.770828,-0.107593,0.0364,-0.0729,0.0936,0
1784730811.955715,628932.609000,controller,LHR-65847686,1,200,-1.130033,1.142525,-2.276982,0.601971,0.176263,0.771589,-0.105884,0.0343,-0.0800,0.0799,0
1784730811.960214,628932.609000,controller,LHR-65847686,1,200,-1.129879,1.142165,-2.276624,0.601585,0.176525,0.771933,-0.105140,0.0343,-0.0800,0.0799,0
1784730811.974714,628932.625000,controller,LHR-65847686,1,200,-1.129077,1.141176,-2.275838,0.600125,0.177243,0.773080,-0.103837,0.0370,-0.0803,0.0582,0
1784730811.983215,628932.625000,controller,LHR-65847686,1,200,-1.128570,1.140704,-2.275486,0.599290,0.177597,0.773723,-0.103260,0.0389,-0.0784,0.0472,0
1784730812.001715,628932.640000,controller,LHR-65847686,1,200,-1.127814,1.139082,-2.274926,0.597903,0.178747,0.774763,-0.101505,0.0314,-0.0836,0.0237,0
1784730812.015215,628932.656000,controller,LHR-65847686,1,200,-1.127455,1.137744,-2.274727,0.597150,0.179581,0.775396,-0.099618,0.0225,-0.0907,0.0130,0
1784730812.022715,628932.671000,controller,LHR-65847686,1,200,-1.127278,1.137270,-2.274749,0.596777,0.179911,0.775754,-0.098464,0.0178,-0.0915,0.0062,0
1784730812.025216,628932.671000,controller,LHR-65847686,1,200,-1.127243,1.137034,-2.274742,0.596621,0.180086,0.775886,-0.098050,0.0159,-0.0930,0.0040,0
1784730812.037715,628932.687000,controller,LHR-65847686,1,200,-1.126998,1.135663,-2.274740,0.595622,0.181030,0.776669,-0.096161,0.0122,-0.0988,-0.0025,0
1784730812.044215,628932.687000,controller,LHR-65847686,1,200,-1.126773,1.135169,-2.274807,0.595040,0.181416,0.777135,-0.095271,0.0138,-0.0973,-0.0057,0
1784730812.060714,628932.703000,controller,LHR-65847686,1,200,-1.126477,1.133571,-2.275116,0.593521,0.182808,0.778252,-0.092935,0.0145,-0.0997,-0.0221,0
1784730812.071214,628932.718000,controller,LHR-65847686,1,200,-1.126352,1.132420,-2.275420,0.592743,0.183632,0.778854,-0.091222,0.0114,-0.1022,-0.0300,0
1784730812.077217,628932.718000,controller,LHR-65847686,1,200,-1.126328,1.131797,-2.275668,0.592503,0.183893,0.779103,-0.090123,0.0064,-0.1025,-0.0384,0
1784730812.092715,628932.734000,controller,LHR-65847686,1,200,-1.126207,1.130126,-2.276489,0.592238,0.184161,0.779598,-0.086980,-0.0049,-0.1029,-0.0524,0
1784730812.102214,628932.750000,controller,LHR-65847686,1,200,-1.126279,1.129274,-2.277031,0.592309,0.184216,0.779768,-0.084834,-0.0109,-0.0987,-0.0560,0
1784730812.105716,628932.750000,controller,LHR-65847686,1,200,-1.126276,1.128847,-2.277226,0.592314,0.184277,0.779829,-0.084102,-0.0131,-0.0974,-0.0573,0
1784730812.119216,628932.765000,controller,LHR-65847686,1,200,-1.126474,1.127748,-2.278052,0.592592,0.184226,0.779929,-0.081285,-0.0189,-0.0856,-0.0602,0
1784730812.127715,628932.781000,controller,LHR-65847686,1,200,-1.126640,1.127123,-2.278577,0.592737,0.184325,0.779936,-0.079922,-0.0200,-0.0765,-0.0614,0
1784730812.130215,628932.781000,controller,LHR-65847686,1,200,-1.126623,1.126803,-2.278782,0.592763,0.184390,0.779928,-0.079649,-0.0194,-0.0734,-0.0625,0
1784730812.142717,628932.781000,controller,LHR-65847686,1,200,-1.126709,1.126132,-2.279613,0.592961,0.184693,0.779814,-0.078586,-0.0151,-0.0579,-0.0662,0
1784730812.165215,628932.812000,controller,LHR-65847686,1,200,-1.126899,1.125074,-2.281358,0.593776,0.184486,0.779244,-0.078574,-0.0145,-0.0342,-0.0806,0
1784730812.166715,628932.812000,controller,LHR-65847686,1,200,-1.126921,1.125023,-2.281478,0.593861,0.184441,0.779185,-0.078619,-0.0145,-0.0342,-0.0806,0
1784730812.178216,628932.828000,controller,LHR-65847686,1,200,-1.127075,1.124823,-2.282491,0.594939,0.183794,0.778490,-0.078876,-0.0211,-0.0241,-0.0849,0
1784730812.183714,628932.828000,controller,LHR-65847686,1,200,-1.127218,1.124707,-2.282966,0.595557,0.183467,0.778090,-0.078919,-0.0243,-0.0216,-0.0853,0
1784730812.199216,628932.843000,controller,LHR-65847686,1,200,-1.127683,1.124353,-2.284290,0.597403,0.182408,0.776918,-0.078960,-0.0333,-0.0144,-0.0818,0
1784730812.209715,628932.859000,controller,LHR-65847686,1,200,-1.127975,1.124337,-2.285170,0.598547,0.181618,0.776166,-0.079512,-0.0354,-0.0051,-0.0784,0
1784730812.214216,628932.859000,controller,LHR-65847686,1,200,-1.128130,1.124336,-2.285508,0.598998,0.181275,0.775869,-0.079800,-0.0354,-0.0023,-0.0765,0
1784730812.228714,628932.875000,controller,LHR-65847686,1,200,-1.128432,1.124426,-2.286600,0.600084,0.180661,0.775038,-0.081095,-0.0285,0.0087,-0.0705,0
1784730812.237215,628932.890000,controller,LHR-65847686,1,200,-1.128535,1.124629,-2.287204,0.600450,0.180600,0.774677,-0.081967,-0.0234,0.0138,-0.0685,0
1784730812.240716,628932.890000,controller,LHR-65847686,1,200,-1.128606,1.124686,-2.287433,0.600548,0.180718,0.774536,-0.082326,-0.0217,0.0150,-0.0671,0
1784730812.254215,628932.906000,controller,LHR-65847686,1,200,-1.128872,1.124833,-2.288314,0.600875,0.181376,0.774013,-0.083401,-0.0194,0.0150,-0.0643,0
1784730812.261714,628932.906000,controller,LHR-65847686,1,200,-1.128952,1.125039,-2.288859,0.601042,0.181767,0.773736,-0.083916,-0.0191,0.0154,-0.0655,0
1784730812.279216,628932.921000,controller,LHR-65847686,1,200,-1.129310,1.125263,-2.290051,0.601628,0.182262,0.773110,-0.084409,-0.0271,0.0104,-0.0673,0
1784730812.291714,628932.937000,controller,LHR-65847686,1,200,-1.129747,1.125322,-2.290888,0.602312,0.182361,0.772605,-0.083944,-0.0359,0.0058,-0.0678,0
1784730812.298214,628932.937000,controller,LHR-65847686,1,200,-1.129876,1.125410,-2.291342,0.602706,0.182374,0.772343,-0.083499,-0.0379,0.0045,-0.0677,0
1784730812.314715,628932.968000,controller,LHR-65847686,1,200,-1.130497,1.125438,-2.292382,0.603569,0.182694,0.771727,-0.082253,-0.0371,0.0033,-0.0645,0
1784730812.314715,628932.968000,controller,LHR-65847686,1,200,-1.130503,1.125439,-2.292392,0.603577,0.182698,0.771721,-0.082240,-0.0371,0.0033,-0.0645,0
1784730812.325216,628932.968000,controller,LHR-65847686,1,200,-1.130784,1.125545,-2.293076,0.604065,0.182895,0.771328,-0.081902,-0.0309,0.0066,-0.0650,0
1784730812.345715,628932.984000,controller,LHR-65847686,1,200,-1.131353,1.125825,-2.294469,0.605207,0.182709,0.770463,-0.082025,-0.0273,0.0156,-0.0675,0
1784730812.360215,628933.000000,controller,LHR-65847686,1,200,-1.131680,1.126165,-2.295429,0.606261,0.182597,0.769649,-0.082138,-0.0283,0.0221,-0.0648,0
1784730812.368716,628933.015000,controller,LHR-65847686,1,200,-1.131937,1.126397,-2.295912,0.606851,0.182663,0.769181,-0.082011,-0.0301,0.0240,-0.0605,0
1784730812.372215,628933.015000,controller,LHR-65847686,1,200,-1.132044,1.126482,-2.296112,0.607081,0.182722,0.768994,-0.081934,-0.0308,0.0247,-0.0585,0
1784730812.385718,628933.031000,controller,LHR-65847686,1,200,-1.132357,1.126821,-2.296802,0.607778,0.183016,0.768397,-0.081712,-0.0294,0.0280,-0.0504,0
1784730812.393215,628933.046000,controller,LHR-65847686,1,200,-1.132542,1.127090,-2.297163,0.607942,0.183327,0.768197,-0.081679,-0.0279,0.0308,-0.0445,0
1784730812.395715,628933.046000,controller,LHR-65847686,1,200,-1.132605,1.127175,-2.297261,0.607966,0.183458,0.768143,-0.081711,-0.0269,0.0320,-0.0420,0
1784730812.408216,628933.046000,controller,LHR-65847686,1,200,-1.132821,1.127641,-2.297786,0.608031,0.184144,0.767891,-0.082050,-0.0210,0.0353,-0.0367,0
1784730812.430717,628933.078000,controller,LHR-65847686,1,200,-1.133066,1.128435,-2.298596,0.607874,0.185487,0.767509,-0.083745,-0.0130,0.0360,-0.0364,0
1784730812.431216,628933.078000,controller,LHR-65847686,1,200,-1.133073,1.128452,-2.298613,0.607870,0.185515,0.767501,-0.083788,-0.0130,0.0360,-0.0364,0
1784730812.441715,628933.093000,controller,LHR-65847686,1,200,-1.133128,1.128801,-2.299027,0.608012,0.186017,0.767179,-0.084588,-0.0126,0.0320,-0.0390,0
1784730812.447215,628933.093000,controller,LHR-65847686,1,200,-1.133212,1.128955,-2.299252,0.608154,0.186219,0.766982,-0.084911,-0.0142,0.0296,-0.0399,0
1784730812.462715,628933.109000,controller,LHR-65847686,1,200,-1.133440,1.129359,-2.299936,0.608767,0.186399,0.766429,-0.085117,-0.0200,0.0199,-0.0406,0
1784730812.472214,628933.125000,controller,LHR-65847686,1,200,-1.133640,1.129483,-2.300381,0.609237,0.186317,0.766088,-0.085009,-0.0232,0.0111,-0.0397,0
1784730812.475715,628933.125000,controller,LHR-65847686,1,200,-1.133722,1.129522,-2.300520,0.609411,0.186283,0.765964,-0.084947,-0.0232,0.0111,-0.0397,0
1784730812.489215,628933.140000,controller,LHR-65847686,1,200,-1.133955,1.129791,-2.301029,0.609913,0.185984,0.765634,-0.084975,-0.0219,0.0061,-0.0372,0
1784730812.497715,628933.140000,controller,LHR-65847686,1,200,-1.134124,1.129835,-2.301338,0.610159,0.185720,0.765493,-0.085059,-0.0202,0.0045,-0.0367,0
1784730812.516214,628933.156000,controller,LHR-65847686,1,200,-1.134271,1.129912,-2.302019,0.610819,0.185404,0.765010,-0.085354,-0.0121,0.0033,-0.0361,0
1784730812.528715,628933.171000,controller,LHR-65847686,1,200,-1.134423,1.129897,-2.302449,0.611408,0.185117,0.764592,-0.085505,-0.0129,0.0018,-0.0359,0
1784730812.536216,628933.187000,controller,LHR-65847686,1,200,-1.134535,1.129892,-2.302717,0.611852,0.184854,0.764298,-0.085526,-0.0147,-0.0002,-0.0350,0
1784730812.537715,628933.187000,controller,LHR-65847686,1,200,-1.134475,1.129944,-2.302778,0.611894,0.184792,0.764274,-0.085577,-0.0133,0.0003,-0.0354,0
1784730812.549218,628933.203000,controller,LHR-65847686,1,200,-1.134650,1.129944,-2.303199,0.612591,0.184230,0.763853,-0.085561,-0.0154,-0.0015,-0.0325,0
1784730812.554714,628933.203000,controller,LHR-65847686,1,200,-1.134738,1.129932,-2.303361,0.612902,0.183932,0.763677,-0.085540,-0.0161,-0.0021,-0.0292,0
1784730812.570215,628933.218000,controller,LHR-65847686,1,200,-1.134843,1.129890,-2.303835,0.613623,0.183083,0.763283,-0.085709,-0.0138,-0.0024,-0.0237,0
1784730812.580715,628933.234000,controller,LHR-65847686,1,200,-1.134968,1.129897,-2.304025,0.613842,0.182894,0.763124,-0.085961,-0.0098,-0.0009,-0.0175,0
1784730812.585217,628933.234000,controller,LHR-65847686,1,200,-1.135000,1.129890,-2.304140,0.613891,0.182868,0.763072,-0.086126,-0.0076,-0.0002,-0.0167,0
1784730812.599715,628933.250000,controller,LHR-65847686,1,200,-1.134967,1.129912,-2.304349,0.613831,0.183079,0.762960,-0.087095,0.0017,0.0012,-0.0138,0
1784730812.608214,628933.250000,controller,LHR-65847686,1,200,-1.134945,1.129912,-2.304468,0.613785,0.183254,0.762887,-0.087689,0.0031,-0.0005,-0.0137,0
1784730812.626717,628933.265000,controller,LHR-65847686,1,200,-1.134699,1.129995,-2.304684,0.613896,0.183341,0.762683,-0.088508,0.0003,-0.0102,-0.0130,0
1784730812.640215,628933.281000,controller,LHR-65847686,1,200,-1.134597,1.129806,-2.304848,0.614093,0.183089,0.762588,-0.088477,-0.0025,-0.0206,-0.0111,0
1784730812.647715,628933.296000,controller,LHR-65847686,1,200,-1.134640,1.129699,-2.304885,0.614245,0.182916,0.762540,-0.088196,-0.0056,-0.0261,-0.0096,0
1784730812.650216,628933.296000,controller,LHR-65847686,1,200,-1.134658,1.129621,-2.304909,0.614298,0.182829,0.762534,-0.088057,-0.0066,-0.0287,-0.0093,0
1784730812.662717,628933.312000,controller,LHR-65847686,1,200,-1.134653,1.129253,-2.304994,0.614498,0.182419,0.762533,-0.087517,-0.0056,-0.0348,-0.0070,0
1784730812.669217,628933.312000,controller,LHR-65847686,1,200,-1.134677,1.129032,-2.305031,0.614563,0.182191,0.762571,-0.087199,-0.0048,-0.0363,-0.0064,0
1784730812.685714,628933.328000,controller,LHR-65847686,1,200,-1.134528,1.128465,-2.305096,0.614443,0.181833,0.762824,-0.086581,0.0028,-0.0369,-0.0050,0
1784730812.696215,628933.343000,controller,LHR-65847686,1,200,-1.134481,1.128021,-2.305116,0.614467,0.181599,0.762889,-0.086329,0.0057,-0.0357,-0.0039,0
1784730812.701715,628933.343000,controller,LHR-65847686,1,200,-1.134468,1.127897,-2.305178,0.614520,0.181459,0.762901,-0.086145,0.0051,-0.0346,-0.0041,0
1784730812.717214,628933.359000,controller,LHR-65847686,1,200,-1.134424,1.127188,-2.305182,0.614865,0.180811,0.762826,-0.085699,0.0032,-0.0355,-0.0020,0
1784730812.726715,628933.375000,controller,LHR-65847686,1,200,-1.134375,1.126967,-2.305236,0.615077,0.180312,0.762812,-0.085363,0.0021,-0.0336,-0.0016,0
1784730812.730214,628933.375000,controller,LHR-65847686,1,200,-1.134395,1.126827,-2.305273,0.615158,0.180043,0.762808,-0.085377,0.0016,-0.0334,-0.0005,0
1784730812.743714,628933.390000,controller,LHR-65847686,1,200,-1.134245,1.126550,-2.305227,0.615196,0.179510,0.762934,-0.085102,0.0031,-0.0285,0.0057,0
1784730812.752214,628933.406000,controller,LHR-65847686,1,200,-1.134211,1.126384,-2.305193,0.615043,0.179411,0.763092,-0.084988,0.0049,-0.0252,0.0087,0
1784730812.754715,628933.406000,controller,LHR-65847686,1,200,-1.134199,1.126322,-2.305171,0.614995,0.179387,0.763141,-0.084959,0.0049,-0.0252,0.0087,0
1784730812.767214,628933.406000,controller,LHR-65847686,1,200,-1.133939,1.126117,-2.304991,0.614382,0.179861,0.763526,-0.084925,0.0122,-0.0200,0.0136,0
1784730812.789715,628933.437000,controller,LHR-65847686,1,200,-1.133482,1.125727,-2.304683,0.613087,0.181081,0.764282,-0.084899,0.0179,-0.0191,0.0140,0
1784730812.791216,628933.437000,controller,LHR-65847686,1,200,-1.133457,1.125701,-2.304664,0.613010,0.181159,0.764325,-0.084899,0.0179,-0.0191,0.0140,0
1784730812.802715,628933.453000,controller,LHR-65847686,1,200,-1.133285,1.125385,-2.304564,0.612770,0.181360,0.764503,-0.084598,0.0128,-0.0240,0.0096,0
1784730812.808216,628933.453000,controller,LHR-65847686,1,200,-1.133265,1.125272,-2.304523,0.612773,0.181279,0.764557,-0.084260,0.0071,-0.0267,0.0068,0
1784730812.823717,628933.468000,controller,LHR-65847686,1,200,-1.133134,1.124834,-2.304450,0.612902,0.180790,0.764691,-0.083151,-0.0005,-0.0315,0.0037,0
1784730812.834215,628933.484000,controller,LHR-65847686,1,200,-1.133152,1.124555,-2.304381,0.613114,0.180279,0.764734,-0.082296,-0.0028,-0.0315,0.0035,0
1784730812.838716,628933.484000,controller,LHR-65847686,1,200,-1.133165,1.124418,-2.304368,0.613212,0.180041,0.764743,-0.082007,-0.0031,-0.0312,0.0033,0
1784730812.853215,628933.500000,controller,LHR-65847686,1,200,-1.133101,1.124122,-2.304299,0.613200,0.179677,0.764871,-0.081694,0.0015,-0.0241,0.0036,0
1784730812.861715,628933.515000,controller,LHR-65847686,1,200,-1.132987,1.123930,-2.304240,0.613112,0.179564,0.764949,-0.081868,0.0064,-0.0199,0.0034,0
1784730812.865214,628933.515000,controller,LHR-65847686,1,200,-1.132951,1.123876,-2.304229,0.613038,0.179554,0.764992,-0.082048,0.0080,-0.0182,0.0029,0
1784730812.878715,628933.531000,controller,LHR-65847686,1,200,-1.132738,1.123706,-2.304197,0.612850,0.179714,0.765042,-0.082634,0.0114,-0.0120,-0.0005,0
1784730812.886215,628933.531000,controller,LHR-65847686,1,200,-1.132659,1.123616,-2.304208,0.612753,0.179876,0.765051,-0.082922,0.0106,-0.0117,-0.0014,0
1784730812.903716,628933.546000,controller,LHR-65847686,1,200,-1.132515,1.123307,-2.304250,0.612786,0.180128,0.764994,-0.082655,0.0018,-0.0177,-0.0042,0
1784730812.916215,628933.562000,controller,LHR-65847686,1,200,-1.132554,1.122958,-2.304213,0.612966,0.179969,0.764942,-0.082139,-0.0038,-0.0221,-0.0037,0
1784730812.922715,628933.562000,controller,LHR-65847686,1,200,-1.132486,1.122881,-2.304242,0.613003,0.179883,0.764964,-0.081850,-0.0036,-0.0223,-0.0037,0
1784730812.939214,628933.578000,controller,LHR-65847686,1,200,-1.132458,1.122673,-2.304355,0.613083,0.179506,0.765028,-0.081481,-0.0030,-0.0170,-0.0055,0
1784730812.949716,628933.593000,controller,LHR-65847686,1,200,-1.132477,1.122536,-2.304416,0.613010,0.179450,0.765098,-0.081492,-0.0016,-0.0142,-0.0066,0
1784730812.955215,628933.593000,controller,LHR-65847686,1,200,-1.132467,1.122492,-2.304461,0.612928,0.179555,0.765122,-0.081663,0.0005,-0.0103,-0.0084,0
1784730812.970715,628933.609000,controller,LHR-65847686,1,200,-1.132392,1.122403,-2.304688,0.612845,0.179973,0.765048,-0.082051,0.0011,-0.0064,-0.0126,0
1784730812.980215,628933.625000,controller,LHR-65847686,1,200,-1.132308,1.122364,-2.304844,0.612922,0.180172,0.764933,-0.082111,-0.0016,-0.0068,-0.0161,0
1784730812.983715,628933.625000,controller,LHR-65847686,1,200,-1.132314,1.122350,-2.304921,0.612994,0.180196,0.764868,-0.082118,-0.0035,-0.0075,-0.0174,0
1784730812.997216,628933.640000,controller,LHR-65847686,1,200,-1.132279,1.122211,-2.305173,0.613339,0.180151,0.764622,-0.081943,-0.0077,-0.0117,-0.0200,0
1784730813.005715,628933.656000,controller,LHR-65847686,1,200,-1.132373,1.122093,-2.305322,0.613674,0.179917,0.764440,-0.081642,-0.0113,-0.0145,-0.0202,0
1784730813.008214,628933.656000,controller,LHR-65847686,1,200,-1.132407,1.122052,-2.305372,0.613772,0.179809,0.764396,-0.081552,-0.0125,-0.0152,-0.0203,0
1784730813.020717,628933.671000,controller,LHR-65847686,1,200,-1.132555,1.121907,-2.305608,0.614164,0.179349,0.764226,-0.081212,-0.0146,-0.0155,-0.0199,0
1784730813.028214,628933.671000,controller,LHR-65847686,1,200,-1.132650,1.121802,-2.305746,0.614298,0.179103,0.764183,-0.081145,-0.0133,-0.0149,-0.0190,0
1784730813.045714,628933.687000,controller,LHR-65847686,1,200,-1.132663,1.121615,-2.306100,0.614494,0.178864,0.764041,-0.081522,-0.0052,-0.0086,-0.0196,0
1784730813.057215,628933.703000,controller,LHR-65847686,1,200,-1.132635,1.121628,-2.306375,0.614586,0.178789,0.763948,-0.081862,-0.0030,-0.0039,-0.0222,0
1784730813.062714,628933.703000,controller,LHR-65847686,1,200,-1.132656,1.121617,-2.306506,0.614635,0.178788,0.763890,-0.082038,-0.0036,-0.0024,-0.0233,0
1784730813.078216,628933.718000,controller,LHR-65847686,1,200,-1.132804,1.121584,-2.306913,0.614917,0.178661,0.763687,-0.082093,-0.0105,-0.0021,-0.0264,0
1784730813.088715,628933.734000,controller,LHR-65847686,1,200,-1.132890,1.121571,-2.307162,0.615301,0.178468,0.763432,-0.082005,-0.0151,-0.0020,-0.0274,0
1784730813.093217,628933.734000,controller,LHR-65847686,1,200,-1.132968,1.121560,-2.307289,0.615455,0.178429,0.763334,-0.081850,-0.0165,-0.0019,-0.0278,0
1784730813.107715,628933.750000,controller,LHR-65847686,1,200,-1.133204,1.121581,-2.307673,0.616017,0.178311,0.762953,-0.081430,-0.0190,0.0003,-0.0283,0
1784730813.116215,628933.765000,controller,LHR-65847686,1,200,-1.133286,1.121688,-2.307925,0.616260,0.178175,0.762794,-0.081384,-0.0165,0.0037,-0.0283,0
1784730813.119716,628933.765000,controller,LHR-65847686,1,200,-1.133337,1.121712,-2.308025,0.616360,0.178122,0.762720,-0.081433,-0.0155,0.0052,-0.0285,0
1784730813.133214,628933.781000,controller,LHR-65847686,1,200,-1.133517,1.121863,-2.308441,0.616610,0.177999,0.762499,-0.081868,-0.0127,0.0098,-0.0289,0
1784730813.140714,628933.781000,controller,LHR-65847686,1,200,-1.133518,1.121979,-2.308612,0.616751,0.177984,0.762368,-0.082071,-0.0107,0.0134,-0.0272,0
1784730813.158218,628933.796000,controller,LHR-65847686,1,200,-1.133749,1.122234,-2.309034,0.617090,0.178391,0.761978,-0.082255,-0.0142,0.0152,-0.0235,0
1784730813.170715,628933.812000,controller,LHR-65847686,1,200,-1.133813,1.122410,-2.309298,0.617414,0.178548,0.761710,-0.081964,-0.0156,0.0137,-0.0209,0
1784730813.177215,628933.828000,controller,LHR-65847686,1,200,-1.133903,1.122566,-2.309444,0.617609,0.178480,0.761572,-0.081933,-0.0174,0.0134,-0.0197,0
1784730813.177716,628933.828000,controller,LHR-65847686,1,200,-1.133909,1.122570,-2.309451,0.617619,0.178480,0.761564,-0.081925,-0.0174,0.0134,-0.0197,0
1784730813.188215,628933.828000,controller,LHR-65847686,1,200,-1.134075,1.122772,-2.309656,0.617818,0.178376,0.761422,-0.081972,-0.0165,0.0150,-0.0169,0
1784730813.208717,628933.859000,controller,LHR-65847686,1,200,-1.134324,1.122991,-2.309891,0.618003,0.178467,0.761164,-0.082778,-0.0105,0.0168,-0.0124,0
1784730813.208717,628933.859000,controller,LHR-65847686,1,200,-1.134325,1.122993,-2.309893,0.618002,0.178469,0.761163,-0.082784,-0.0105,0.0168,-0.0124,0
1784730813.219215,628933.859000,controller,LHR-65847686,1,200,-1.134359,1.123249,-2.310040,0.617954,0.178911,0.761041,-0.083307,-0.0070,0.0179,-0.0115,0
1784730813.239716,628933.890000,controller,LHR-65847686,1,200,-1.134526,1.123505,-2.310227,0.618050,0.179198,0.760803,-0.084148,-0.0091,0.0132,-0.0091,0
1784730813.239716,628933.890000,controller,LHR-65847686,1,200,-1.134528,1.123508,-2.310229,0.618051,0.179200,0.760801,-0.084154,-0.0091,0.0132,-0.0091,0
1784730813.250214,628933.890000,controller,LHR-65847686,1,200,-1.134652,1.123686,-2.310364,0.618254,0.179049,0.760660,-0.084265,-0.0120,0.0109,-0.0089,0
1784730813.270715,628933.921000,controller,LHR-65847686,1,200,-1.134963,1.124014,-2.310528,0.618786,0.178442,0.760407,-0.083930,-0.0174,0.0056,-0.0058,0
1784730813.270715,628933.921000,controller,LHR-65847686,1,200,-1.134967,1.124015,-2.310529,0.618792,0.178433,0.760404,-0.083927,-0.0174,0.0056,-0.0058,0
1784730813.281214,628933.921000,controller,LHR-65847686,1,200,-1.134970,1.124029,-2.310494,0.618916,0.178198,0.760357,-0.083937,-0.0143,0.0039,-0.0023,0
1784730813.301717,628933.953000,controller,LHR-65847686,1,200,-1.135037,1.124269,-2.310475,0.618904,0.178188,0.760352,-0.084095,-0.0062,0.0057,0.0030,0
1784730813.301717,628933.953000,controller,LHR-65847686,1,200,-1.135038,1.124270,-2.310474,0.618903,0.178189,0.760353,-0.084098,-0.0062,0.0057,0.0030,0
1784730813.312714,628933.953000,controller,LHR-65847686,1,200,-1.135066,1.124321,-2.310416,0.618734,0.178361,0.760423,-0.084334,-0.0022,0.0059,0.0048,0
1784730813.333218,628933.984000,controller,LHR-65847686,1,200,-1.134960,1.124442,-2.310383,0.618564,0.178423,0.760477,-0.084960,0.0006,0.0051,0.0031,0
1784730813.333218,628933.984000,controller,LHR-65847686,1,200,-1.134960,1.124443,-2.310382,0.618563,0.178423,0.760477,-0.084965,0.0006,0.0051,0.0031,0
1784730813.343715,628933.984000,controller,LHR-65847686,1,200,-1.134867,1.124522,-2.310361,0.618553,0.178491,0.760463,-0.085026,0.0012,0.0020,0.0021,0
1784730813.364214,628934.015000,controller,LHR-65847686,1,200,-1.134824,1.124552,-2.310305,0.618566,0.178678,0.760408,-0.085023,0.0008,-0.0066,0.0008,0
1784730813.364214,628934.015000,controller,LHR-65847686,1,200,-1.134824,1.124550,-2.310305,0.618567,0.178678,0.760408,-0.085023,0.0008,-0.0066,0.0008,0
1784730813.374716,628934.015000,controller,LHR-65847686,1,200,-1.134804,1.124436,-2.310318,0.618622,0.178610,0.760370,-0.085102,0.0028,-0.0127,-0.0019,0
1784730813.395215,628934.046000,controller,LHR-65847686,1,200,-1.134651,1.124146,-2.310389,0.618906,0.178112,0.760225,-0.085376,0.0059,-0.0190,-0.0057,0
1784730813.395215,628934.046000,controller,LHR-65847686,1,200,-1.134649,1.124140,-2.310390,0.618912,0.178101,0.760222,-0.085380,0.0059,-0.0190,-0.0057,0
1784730813.405715,628934.046000,controller,LHR-65847686,1,200,-1.134422,1.124086,-2.310440,0.619110,0.177765,0.760139,-0.085387,0.0082,-0.0197,-0.0065,0
1784730813.426215,628934.078000,controller,LHR-65847686,1,200,-1.134226,1.123575,-2.310475,0.619715,0.177007,0.759861,-0.085047,0.0087,-0.0223,-0.0033,0
1784730813.426215,628934.078000,controller,LHR-65847686,1,200,-1.134224,1.123570,-2.310476,0.619722,0.176999,0.759858,-0.085042,0.0087,-0.0223,-0.0033,0
1784730813.436716,628934.078000,controller,LHR-65847686,1,200,-1.134082,1.123386,-2.310463,0.619792,0.176884,0.759842,-0.084916,0.0105,-0.0218,0.0012,0
1784730813.457215,628934.109000,controller,LHR-65847686,1,200,-1.133695,1.122944,-2.310401,0.619412,0.177345,0.760026,-0.085073,0.0166,-0.0230,0.0070,0
1784730813.457215,628934.109000,controller,LHR-65847686,1,200,-1.133690,1.122937,-2.310399,0.619402,0.177358,0.760031,-0.085078,0.0166,-0.0230,0.0070,0
1784730813.468218,628934.109000,controller,LHR-65847686,1,200,-1.133491,1.122666,-2.310342,0.618980,0.177818,0.760232,-0.085391,0.0182,-0.0272,0.0065,0
1784730813.488716,628934.140000,controller,LHR-65847686,1,200,-1.133033,1.122015,-2.310327,0.618508,0.178104,0.760556,-0.085339,0.0138,-0.0388,0.0003,0
1784730813.488716,628934.140000,controller,LHR-65847686,1,200,-1.133030,1.122005,-2.310327,0.618504,0.178104,0.760559,-0.085334,0.0138,-0.0388,0.0003,0
1784730813.499216,628934.140000,controller,LHR-65847686,1,200,-1.132830,1.121576,-2.310350,0.618549,0.177918,0.760629,-0.084773,0.0106,-0.0439,-0.0019,0
1784730813.519714,628934.171000,controller,LHR-65847686,1,200,-1.132664,1.120710,-2.310377,0.619036,0.176506,0.760728,-0.083257,0.0012,-0.0474,-0.0035,0
1784730813.519714,628934.171000,controller,LHR-65847686,1,200,-1.132664,1.120703,-2.310378,0.619040,0.176495,0.760729,-0.083246,0.0012,-0.0474,-0.0035,0
1784730813.530214,628934.171000,controller,LHR-65847686,1,200,-1.132647,1.120275,-2.310396,0.619206,0.175801,0.760808,-0.082759,0.0009,-0.0440,-0.0025,0
1784730813.550715,628934.203000,controller,LHR-65847686,1,200,-1.132511,1.119619,-2.310447,0.618966,0.175694,0.761029,-0.082752,0.0069,-0.0304,-0.0016,0
1784730813.550715,628934.203000,controller,LHR-65847686,1,200,-1.132498,1.119622,-2.310447,0.618930,0.175774,0.761035,-0.082798,0.0086,-0.0284,-0.0020,0
1784730813.561215,628934.203000,controller,LHR-65847686,1,200,-1.132350,1.119366,-2.310493,0.618700,0.176078,0.761132,-0.082976,0.0113,-0.0254,-0.0038,0
1784730813.581714,628934.234000,controller,LHR-65847686,1,200,-1.132133,1.118850,-2.310614,0.618524,0.176293,0.761215,-0.083067,0.0070,-0.0245,-0.0097,0
1784730813.581714,628934.234000,controller,LHR-65847686,1,200,-1.132132,1.118845,-2.310616,0.618524,0.176292,0.761215,-0.083065,0.0070,-0.0245,-0.0097,0
1784730813.592215,628934.234000,controller,LHR-65847686,1,200,-1.132107,1.118563,-2.310728,0.618691,0.176108,0.761179,-0.082550,0.0003,-0.0269,-0.0124,0
1784730813.612717,628934.265000,controller,LHR-65847686,1,200,-1.132202,1.118029,-2.310977,0.619183,0.175397,0.761103,-0.081053,-0.0069,-0.0255,-0.0131,0
1784730813.612717,628934.265000,controller,LHR-65847686,1,200,-1.132203,1.118024,-2.310980,0.619188,0.175391,0.761103,-0.081040,-0.0069,-0.0255,-0.0131,0
1784730813.623215,628934.265000,controller,LHR-65847686,1,200,-1.132216,1.117873,-2.311121,0.619362,0.175191,0.761030,-0.080823,-0.0065,-0.0191,-0.0141,0
1784730813.643717,628934.296000,controller,LHR-65847686,1,200,-1.132217,1.117670,-2.311492,0.619730,0.175020,0.760707,-0.081405,-0.0014,-0.0084,-0.0199,0
1784730813.643717,628934.296000,controller,LHR-65847686,1,200,-1.132217,1.117669,-2.311495,0.619733,0.175019,0.760704,-0.081412,-0.0014,-0.0084,-0.0199,0
1784730813.654215,628934.296000,controller,LHR-65847686,1,200,-1.132199,1.117599,-2.311749,0.620016,0.174962,0.760431,-0.081939,-0.0004,-0.0065,-0.0227,0
1784730813.674715,628934.328000,controller,LHR-65847686,1,200,-1.132223,1.117364,-2.312358,0.620833,0.174636,0.759776,-0.082515,-0.0039,-0.0070,-0.0254,0
1784730813.674715,628934.328000,controller,LHR-65847686,1,200,-1.132223,1.117363,-2.312362,0.620839,0.174633,0.759772,-0.082517,-0.0039,-0.0070,-0.0254,0
1784730813.685215,628934.328000,controller,LHR-65847686,1,200,-1.132198,1.117324,-2.312552,0.621216,0.174418,0.759540,-0.082266,-0.0072,-0.0079,-0.0220,0
1784730813.705715,628934.359000,controller,LHR-65847686,1,200,-1.132302,1.117217,-2.312807,0.621375,0.174372,0.759508,-0.081456,-0.0096,-0.0053,-0.0110,0
1784730813.705715,628934.359000,controller,LHR-65847686,1,200,-1.132303,1.117217,-2.312808,0.621375,0.174372,0.759508,-0.081450,-0.0096,-0.0053,-0.0110,0
1784730813.716215,628934.359000,controller,LHR-65847686,1,200,-1.132370,1.117223,-2.312893,0.621240,0.174552,0.759592,-0.081317,-0.0088,-0.0010,-0.0076,0
1784730813.736715,628934.390000,controller,LHR-65847686,1,200,-1.132527,1.117237,-2.313069,0.620957,0.175255,0.759614,-0.081755,-0.0069,0.0021,-0.0112,0
1784730813.736715,628934.390000,controller,LHR-65847686,1,200,-1.132528,1.117237,-2.313071,0.620955,0.175260,0.759614,-0.081760,-0.0069,0.0021,-0.0112,0
1784730813.747215,628934.390000,controller,LHR-65847686,1,200,-1.132589,1.117256,-2.313256,0.620926,0.175527,0.759526,-0.082229,-0.0058,0.0019,-0.0154,0
1784730813.767716,628934.406000,controller,LHR-65847686,1,200,-1.132723,1.117287,-2.313840,0.621624,0.174849,0.759068,-0.082623,-0.0126,-0.0033,-0.0275,0
1784730813.782216,628934.421000,controller,LHR-65847686,1,200,-1.132811,1.117268,-2.314223,0.622354,0.174027,0.758700,-0.082244,-0.0159,-0.0045,-0.0282,0
1784730813.791715,628934.437000,controller,LHR-65847686,1,200,-1.132975,1.117259,-2.314488,0.622726,0.173658,0.758522,-0.081850,-0.0184,-0.0036,-0.0254,0
1784730813.795215,628934.437000,controller,LHR-65847686,1,200,-1.133040,1.117246,-2.314576,0.622869,0.173512,0.758453,-0.081707,-0.0184,-0.0036,-0.0254,0
1784730813.808714,628934.453000,controller,LHR-65847686,1,200,-1.133222,1.117332,-2.314899,0.623165,0.173337,0.758251,-0.081698,-0.0162,0.0030,-0.0225,0
1784730813.816215,628934.468000,controller,LHR-65847686,1,200,-1.133256,1.117434,-2.315073,0.623283,0.173338,0.758139,-0.081832,-0.0133,0.0082,-0.0216,0
1784730813.818715,628934.468000,controller,LHR-65847686,1,200,-1.133290,1.117454,-2.315127,0.623316,0.173352,0.758104,-0.081881,-0.0133,0.0082,-0.0216,0
1784730813.831215,628934.484000,controller,LHR-65847686,1,200,-1.133426,1.117635,-2.315346,0.623386,0.173695,0.757919,-0.082334,-0.0097,0.0119,-0.0200,0
1784730813.838215,628934.484000,controller,LHR-65847686,1,200,-1.133388,1.117751,-2.315489,0.623449,0.173832,0.757814,-0.082537,-0.0073,0.0131,-0.0201,0
1784730813.854715,628934.500000,controller,LHR-65847686,1,200,-1.133451,1.117919,-2.315755,0.623581,0.174189,0.757572,-0.083001,-0.0062,0.0118,-0.0199,0
1784730813.865216,628934.515000,controller,LHR-65847686,1,200,-1.133542,1.118067,-2.315970,0.623722,0.174370,0.757418,-0.082964,-0.0081,0.0103,-0.0189,0
1784730813.870714,628934.515000,controller,LHR-65847686,1,200,-1.133620,1.118153,-2.316088,0.623837,0.174522,0.757293,-0.082924,-0.0098,0.0092,-0.0184,0
1784730813.886217,628934.531000,controller,LHR-65847686,1,200,-1.133789,1.118267,-2.316400,0.624066,0.174586,0.757117,-0.082676,-0.0121,0.0071,-0.0190,0
1784730813.895715,628934.546000,controller,LHR-65847686,1,200,-1.133900,1.118338,-2.316612,0.624218,0.174385,0.757031,-0.082743,-0.0134,0.0051,-0.0214,0
1784730813.900215,628934.546000,controller,LHR-65847686,1,200,-1.133959,1.118350,-2.316706,0.624323,0.174329,0.756954,-0.082775,-0.0138,0.0048,-0.0223,0
1784730813.914714,628934.562000,controller,LHR-65847686,1,200,-1.134058,1.118452,-2.317059,0.624742,0.174211,0.756622,-0.082893,-0.0127,0.0047,-0.0258,0
1784730813.923215,628934.562000,controller,LHR-65847686,1,200,-1.134157,1.118542,-2.317266,0.625054,0.174158,0.756361,-0.083031,-0.0113,0.0047,-0.0284,0
1784730813.941715,628934.593000,controller,LHR-65847686,1,200,-1.134303,1.118710,-2.317753,0.625784,0.174006,0.755759,-0.083329,-0.0096,0.0054,-0.0294,0
1784730813.941715,628934.593000,controller,LHR-65847686,1,200,-1.134304,1.118711,-2.317757,0.625791,0.174004,0.755754,-0.083332,-0.0096,0.0054,-0.0294,0
1784730813.952215,628934.593000,controller,LHR-65847686,1,200,-1.134331,1.118876,-2.318105,0.626283,0.173683,0.755391,-0.083595,-0.0088,0.0075,-0.0305,0
1784730813.972714,628934.625000,controller,LHR-65847686,1,200,-1.134468,1.119019,-2.318673,0.627267,0.173089,0.754674,-0.083921,-0.0099,0.0068,-0.0260,0
1784730813.972714,628934.625000,controller,LHR-65847686,1,200,-1.134470,1.119020,-2.318676,0.627274,0.173085,0.754669,-0.083923,-0.0099,0.0068,-0.0260,0
1784730813.983215,628934.625000,controller,LHR-65847686,1,200,-1.134555,1.119053,-2.318998,0.627662,0.172812,0.754384,-0.084145,-0.0106,0.0059,-0.0228,0
1784730814.003715,628934.656000,controller,LHR-65847686,1,200,-1.134696,1.119213,-2.319366,0.628149,0.172617,0.753968,-0.084645,-0.0072,0.0050,-0.0157,0
1784730814.003715,628934.656000,controller,LHR-65847686,1,200,-1.134697,1.119214,-2.319369,0.628152,0.172617,0.753965,-0.084651,-0.0072,0.0050,-0.0157,0
1784730814.014215,628934.656000,controller,LHR-65847686,1,200,-1.134717,1.119239,-2.319525,0.628307,0.172545,0.753815,-0.084983,-0.0039,0.0018,-0.0139,0
1784730814.034715,628934.687000,controller,LHR-65847686,1,200,-1.134686,1.119286,-2.319726,0.628528,0.172440,0.753586,-0.085590,-0.0003,-0.0021,-0.0101,0
1784730814.034715,628934.687000,controller,LHR-65847686,1,200,-1.134686,1.119286,-2.319727,0.628529,0.172439,0.753584,-0.085594,-0.0003,-0.0021,-0.0101,0
1784730814.045217,628934.687000,controller,LHR-65847686,1,200,-1.134709,1.119236,-2.319859,0.628776,0.172243,0.753427,-0.085562,-0.0026,-0.0063,-0.0086,0
1784730814.065715,628934.718000,controller,LHR-65847686,1,200,-1.134812,1.119012,-2.319941,0.629242,0.171551,0.753277,-0.084840,-0.0073,-0.0137,-0.0008,0
1784730814.065715,628934.718000,controller,LHR-65847686,1,200,-1.134813,1.119010,-2.319941,0.629246,0.171546,0.753276,-0.084833,-0.0073,-0.0137,-0.0008,0
1784730814.076215,628934.718000,controller,LHR-65847686,1,200,-1.134898,1.118869,-2.319905,0.629303,0.171197,0.753353,-0.084432,-0.0077,-0.0149,0.0039,0
1784730814.097218,628934.750000,controller,LHR-65847686,1,200,-1.134938,1.118719,-2.319706,0.629024,0.170946,0.753658,-0.084294,-0.0024,-0.0104,0.0115,0
1784730814.097218,628934.750000,controller,LHR-65847686,1,200,-1.134939,1.118717,-2.319704,0.629021,0.170945,0.753662,-0.084294,-0.0024,-0.0104,0.0115,0
1784730814.107719,628934.750000,controller,LHR-65847686,1,200,-1.134917,1.118592,-2.319524,0.628815,0.171039,0.753810,-0.084313,0.0010,-0.0081,0.0150,0
1784730814.128216,628934.781000,controller,LHR-65847686,1,200,-1.134754,1.118526,-2.319205,0.628424,0.170940,0.754150,-0.084385,0.0030,-0.0036,0.0171,0
1784730814.128216,628934.781000,controller,LHR-65847686,1,200,-1.134754,1.118525,-2.319203,0.628421,0.170939,0.754153,-0.084386,0.0030,-0.0036,0.0171,0
1784730814.138716,628934.781000,controller,LHR-65847686,1,200,-1.134697,1.118540,-2.319034,0.628287,0.170706,0.754324,-0.084327,0.0009,-0.0001,0.0178,0
1784730814.159214,628934.812000,controller,LHR-65847686,1,200,-1.134763,1.118605,-2.318612,0.628192,0.170293,0.754521,-0.084100,-0.0062,0.0058,0.0201,0
1784730814.159214,628934.812000,controller,LHR-65847686,1,200,-1.134763,1.118606,-2.318608,0.628192,0.170290,0.754522,-0.084098,-0.0062,0.0058,0.0201,0
1784730814.169717,628934.812000,controller,LHR-65847686,1,200,-1.134730,1.118767,-2.318438,0.628111,0.170134,0.754628,-0.084072,-0.0064,0.0106,0.0206,0
1784730814.190215,628934.843000,controller,LHR-65847686,1,200,-1.134903,1.119142,-2.318030,0.627983,0.170008,0.754754,-0.084153,-0.0097,0.0218,0.0211,0
1784730814.190215,628934.843000,controller,LHR-65847686,1,200,-1.134905,1.119145,-2.318027,0.627982,0.170008,0.754755,-0.084153,-0.0097,0.0218,0.0211,0
1784730814.200716,628934.843000,controller,LHR-65847686,1,200,-1.134841,1.119534,-2.317823,0.627875,0.170229,0.754839,-0.083741,-0.0105,0.0300,0.0200,0
1784730814.221215,628934.875000,controller,LHR-65847686,1,200,-1.135114,1.120303,-2.317400,0.627514,0.171174,0.755133,-0.081851,-0.0207,0.0450,0.0207,0
1784730814.221215,628934.875000,controller,LHR-65847686,1,200,-1.135119,1.120313,-2.317396,0.627510,0.171187,0.755136,-0.081826,-0.0207,0.0450,0.0207,0
1784730814.231716,628934.875000,controller,LHR-65847686,1,200,-1.135336,1.120792,-2.317161,0.627281,0.172015,0.755285,-0.080461,-0.0268,0.0553,0.0199,0
1784730814.252214,628934.906000,controller,LHR-65847686,1,200,-1.135896,1.122191,-2.316786,0.626670,0.174117,0.755554,-0.078146,-0.0343,0.0794,0.0148,0
1784730814.252214,628934.906000,controller,LHR-65847686,1,200,-1.135901,1.122202,-2.316784,0.626665,0.174134,0.755555,-0.078131,-0.0343,0.0794,0.0148,0
1784730814.262715,628934.906000,controller,LHR-65847686,1,200,-1.136270,1.123153,-2.316680,0.626377,0.175447,0.755562,-0.077436,-0.0362,0.0915,0.0102,0
1784730814.283216,628934.921000,controller,LHR-65847686,1,200,-1.136867,1.125400,-2.316602,0.626244,0.178114,0.755030,-0.077611,-0.0361,0.1244,-0.0072,0
1784730814.298714,628934.937000,controller,LHR-65847686,1,200,-1.137390,1.127550,-2.316842,0.626681,0.179633,0.754187,-0.078767,-0.0378,0.1407,-0.0171,0
1784730814.308216,628934.953000,controller,LHR-65847686,1,200,-1.137737,1.128945,-2.317044,0.627139,0.180617,0.753472,-0.079714,-0.0402,0.1532,-0.0231,0
1784730814.311717,628934.953000,controller,LHR-65847686,1,200,-1.137890,1.129479,-2.317114,0.627307,0.180979,0.753215,-0.080003,-0.0408,0.1568,-0.0243,0
1784730814.325215,628934.968000,controller,LHR-65847686,1,200,-1.138393,1.131660,-2.317409,0.628061,0.182521,0.752045,-0.081571,-0.0397,0.1649,-0.0237,0
1784730814.333715,628934.984000,controller,LHR-65847686,1,200,-1.138725,1.133112,-2.317594,0.628551,0.183300,0.751310,-0.082810,-0.0395,0.1698,-0.0215,0
1784730814.336215,628934.984000,controller,LHR-65847686,1,200,-1.138804,1.133568,-2.317640,0.628707,0.183428,0.751111,-0.083155,-0.0405,0.1725,-0.0205,0
1784730814.348718,628935.000000,controller,LHR-65847686,1,200,-1.139373,1.135759,-2.317917,0.629341,0.183919,0.750232,-0.085184,-0.0481,0.1768,-0.0183,0
1784730814.355215,628935.000000,controller,LHR-65847686,1,200,-1.139709,1.136937,-2.318011,0.629606,0.184257,0.749846,-0.085887,-0.0528,0.1780,-0.0156,0
1784730814.371715,628935.015000,controller,LHR-65847686,1,200,-1.140656,1.139834,-2.318221,0.630177,0.185887,0.748909,-0.086367,-0.0623,0.1747,-0.0124,0
1784730814.383215,628935.031000,controller,LHR-65847686,1,200,-1.141422,1.141809,-2.318365,0.630387,0.187460,0.748387,-0.085956,-0.0672,0.1725,-0.0135,0
1784730814.388715,628935.031000,controller,LHR-65847686,1,200,-1.141808,1.142795,-2.318429,0.630460,0.188198,0.748156,-0.085809,-0.0713,0.1720,-0.0160,0
1784730814.404216,628935.046000,controller,LHR-65847686,1,200,-1.142877,1.145719,-2.318750,0.630568,0.190033,0.747682,-0.085106,-0.0797,0.1764,-0.0224,0
1784730814.414716,628935.062000,controller,LHR-65847686,1,200,-1.143674,1.147667,-2.319029,0.630787,0.191074,0.747303,-0.084478,-0.0845,0.1802,-0.0263,0
1784730814.419217,628935.062000,controller,LHR-65847686,1,200,-1.144072,1.148549,-2.319155,0.630928,0.191470,0.747110,-0.084237,-0.0895,0.1856,-0.0292,0
1784730814.433715,628935.078000,controller,LHR-65847686,1,200,-1.145372,1.151378,-2.319604,0.631117,0.192846,0.746690,-0.083394,-0.0954,0.1951,-0.0315,0
1784730814.442215,628935.093000,controller,LHR-65847686,1,200,-1.146168,1.153041,-2.319796,0.631254,0.193615,0.746410,-0.083092,-0.0988,0.2028,-0.0313,0
1784730814.445714,628935.093000,controller,LHR-65847686,1,200,-1.146525,1.153782,-2.319912,0.631347,0.193872,0.746271,-0.083026,-0.1009,0.2079,-0.0318,0
1784730814.459214,628935.109000,controller,LHR-65847686,1,200,-1.147860,1.156806,-2.320458,0.631942,0.194809,0.745534,-0.082933,-0.1085,0.2307,-0.0357,0
1784730814.466716,628935.109000,controller,LHR-65847686,1,200,-1.148704,1.158598,-2.320749,0.632429,0.195275,0.745000,-0.082917,-0.1137,0.2425,-0.0381,0
1784730814.484215,628935.125000,controller,LHR-65847686,1,200,-1.150720,1.163054,-2.321539,0.633802,0.196376,0.743535,-0.082990,-0.1229,0.2659,-0.0432,0
1784730814.495717,628935.140000,controller,LHR-65847686,1,200,-1.152144,1.166182,-2.322094,0.634983,0.197219,0.742320,-0.082841,-0.1282,0.2826,-0.0467,0
1784730814.502215,628935.156000,controller,LHR-65847686,1,200,-1.152990,1.168055,-2.322408,0.635751,0.197723,0.741547,-0.082672,-0.1298,0.2881,-0.0477,0
1784730814.502715,628935.156000,controller,LHR-65847686,1,200,-1.153063,1.168215,-2.322443,0.635864,0.197769,0.741445,-0.082608,-0.1316,0.2939,-0.0494,0
1784730814.513217,628935.156000,controller,LHR-65847686,1,200,-1.154509,1.171369,-2.322988,0.637370,0.198480,0.740014,-0.082119,-0.1359,0.3044,-0.0525,0
1784730814.533717,628935.187000,controller,LHR-65847686,1,200,-1.157479,1.177989,-2.324257,0.641291,0.198534,0.736702,-0.081244,-0.1483,0.3295,-0.0620,0
1784730814.533717,628935.187000,controller,LHR-65847686,1,200,-1.157500,1.178037,-2.324266,0.641320,0.198533,0.736677,-0.081238,-0.1483,0.3295,-0.0620,0
1784730814.544217,628935.187000,controller,LHR-65847686,1,200,-1.159034,1.181734,-2.325038,0.643546,0.198077,0.734903,-0.080820,-0.1571,0.3457,-0.0676,0
1784730814.564716,628935.218000,controller,LHR-65847686,1,200,-1.162408,1.189160,-2.326297,0.647804,0.196525,0.731565,-0.080867,-0.1683,0.3765,-0.0653,0
1784730814.564716,628935.218000,controller,LHR-65847686,1,200,-1.162433,1.189216,-2.326306,0.647834,0.196513,0.731542,-0.080870,-0.1683,0.3765,-0.0653,0
1784730814.575216,628935.218000,controller,LHR-65847686,1,200,-1.164239,1.193294,-2.326930,0.649639,0.195989,0.730041,-0.081223,-0.1721,0.3995,-0.0590,0
1784730814.595714,628935.234000,controller,LHR-65847686,1,200,-1.167556,1.202111,-2.327985,0.652645,0.196493,0.727131,-0.082007,-0.1677,0.4424,-0.0452,0
1784730814.610217,628935.250000,controller,LHR-65847686,1,200,-1.169994,1.208883,-2.328414,0.654395,0.197912,0.725143,-0.082254,-0.1670,0.4763,-0.0315,0
1784730814.618716,628935.265000,controller,LHR-65847686,1,200,-1.171375,1.213040,-2.328745,0.655426,0.198738,0.723975,-0.082347,-0.1655,0.4837,-0.0294,0
1784730814.622214,628935.265000,controller,LHR-65847686,1,200,-1.171925,1.214718,-2.328817,0.655752,0.199192,0.723557,-0.082330,-0.1650,0.4919,-0.0262,0
1784730814.635715,628935.281000,controller,LHR-65847686,1,200,-1.174230,1.221639,-2.329049,0.656953,0.200808,0.721999,-0.082501,-0.1646,0.5228,-0.0158,0
1784730814.643215,628935.296000,controller,LHR-65847686,1,200,-1.175378,1.225525,-2.329175,0.657584,0.201672,0.721140,-0.082880,-0.1628,0.5293,-0.0138,0
1784730814.645715,628935.296000,controller,LHR-65847686,1,200,-1.175777,1.226885,-2.329201,0.657743,0.201944,0.720894,-0.083091,-0.1627,0.5363,-0.0126,0
1784730814.658215,628935.296000,controller,LHR-65847686,1,200,-1.177686,1.234020,-2.329650,0.658482,0.203489,0.719643,-0.084304,-0.1587,0.5624,-0.0139,0
1784730814.680715,628935.328000,controller,LHR-65847686,1,200,-1.181162,1.247546,-2.329719,0.659300,0.207679,0.717242,-0.088073,-0.1515,0.6088,-0.0079,0
1784730814.681715,628935.328000,controller,LHR-65847686,1,200,-1.181264,1.247959,-2.329725,0.659318,0.207827,0.717168,-0.088194,-0.1515,0.6088,-0.0079,0
1784730814.692215,628935.343000,controller,LHR-65847686,1,200,-1.182787,1.254597,-2.329758,0.659343,0.210952,0.716012,-0.089961,-0.1474,0.6336,-0.0029,0
1784730814.697715,628935.343000,controller,LHR-65847686,1,200,-1.183516,1.258309,-2.329816,0.659109,0.212863,0.715569,-0.090692,-0.1458,0.6426,-0.0007,0
1784730814.713224,628935.359000,controller,LHR-65847686,1,200,-1.185738,1.268643,-2.329679,0.658305,0.219139,0.714101,-0.093120,-0.1423,0.6733,0.0108,0
1784730814.722715,628935.375000,controller,LHR-65847686,1,200,-1.186956,1.275107,-2.329356,0.657527,0.223364,0.713304,-0.094676,-0.1383,0.6865,0.0187,0
1784730814.726216,628935.375000,controller,LHR-65847686,1,200,-1.187431,1.277557,-2.329269,0.657151,0.224995,0.713060,-0.095267,-0.1374,0.6931,0.0209,0
1784730814.739715,628935.390000,controller,LHR-65847686,1,200,-1.189192,1.287361,-2.328990,0.655736,0.231005,0.712087,-0.097869,-0.1332,0.7212,0.0239,0
1784730814.748214,628935.390000,controller,LHR-65847686,1,200,-1.190322,1.293582,-2.328806,0.654909,0.234669,0.711406,-0.099628,-0.1326,0.7337,0.0223,0
1784730814.766716,628935.406000,controller,LHR-65847686,1,200,-1.192446,1.307773,-2.328572,0.653607,0.242557,0.709419,-0.103388,-0.1263,0.7633,0.0143,0
1784730814.779214,628935.421000,controller,LHR-65847686,1,200,-1.193858,1.317565,-2.328320,0.653132,0.247127,0.707806,-0.106572,-0.1235,0.7800,0.0093,0
1784730814.786716,628935.437000,controller,LHR-65847686,1,200,-1.194788,1.323508,-2.328290,0.653109,0.249437,0.706666,-0.108873,-0.1231,0.7912,0.0048,0
1784730814.788215,628935.437000,controller,LHR-65847686,1,200,-1.194969,1.324674,-2.328283,0.653103,0.249890,0.706442,-0.109322,-0.1231,0.7912,0.0048,0
1784730814.799715,628935.453000,controller,LHR-65847686,1,200,-1.196222,1.334137,-2.328398,0.652997,0.253250,0.704766,-0.112978,-0.1209,0.8074,-0.0029,0
1784730814.805218,628935.453000,controller,LHR-65847686,1,200,-1.196888,1.338626,-2.328428,0.653021,0.254670,0.703924,-0.114879,-0.1209,0.8125,-0.0050,0
1784730814.820718,628935.468000,controller,LHR-65847686,1,200,-1.198555,1.351568,-2.328539,0.652787,0.259228,0.701621,-0.119995,-0.1171,0.8317,-0.0085,0
1784730814.831215,628935.484000,controller,LHR-65847686,1,200,-1.199771,1.360429,-2.328616,0.652556,0.262903,0.699926,-0.123111,-0.1158,0.8467,-0.0083,0
1784730814.835716,628935.484000,controller,LHR-65847686,1,200,-1.200309,1.364487,-2.328672,0.652475,0.264584,0.699124,-0.124487,-0.1154,0.8516,-0.0090,0
1784730814.850214,628935.500000,controller,LHR-65847686,1,200,-1.201766,1.376877,-2.329019,0.652425,0.269407,0.696519,-0.128926,-0.1125,0.8656,-0.0148,0
1784730814.858716,628935.500000,controller,LHR-65847686,1,200,-1.202469,1.384460,-2.329297,0.652462,0.271979,0.694958,-0.131733,-0.1072,0.8806,-0.0230,0
1784730814.877215,628935.531000,controller,LHR-65847686,1,200,-1.204238,1.401346,-2.329992,0.653045,0.276524,0.691259,-0.138662,-0.0985,0.9057,-0.0341,0
1784730814.877215,628935.531000,controller,LHR-65847686,1,200,-1.204251,1.401521,-2.330007,0.653088,0.276506,0.691205,-0.138768,-0.0962,0.9122,-0.0351,0
1784730814.887714,628935.531000,controller,LHR-65847686,1,200,-1.205211,1.411025,-2.330390,0.653742,0.278480,0.688930,-0.142988,-0.0912,0.9254,-0.0365,0
1784730814.908214,628935.546000,controller,LHR-65847686,1,200,-1.206802,1.430293,-2.330951,0.655049,0.281959,0.684357,-0.151873,-0.0765,0.9562,-0.0313,0
1784730814.923715,628935.562000,controller,LHR-65847686,1,200,-1.207615,1.445804,-2.331529,0.655868,0.284014,0.681045,-0.159217,-0.0622,0.9843,-0.0276,0
1784730814.933217,628935.578000,controller,LHR-65847686,1,200,-1.208136,1.455333,-2.331770,0.656337,0.285011,0.679031,-0.164035,-0.0534,0.9971,-0.0244,0
1784730814.936715,628935.578000,controller,LHR-65847686,1,200,-1.208074,1.458898,-2.331976,0.656448,0.285407,0.678354,-0.165697,-0.0462,1.0033,-0.0248,0
1784730814.950215,628935.593000,controller,LHR-65847686,1,200,-1.208487,1.472690,-2.332250,0.657013,0.286387,0.675631,-0.172742,-0.0230,1.0279,-0.0176,0
1784730814.958716,628935.609000,controller,LHR-65847686,1,200,-1.208466,1.481521,-2.332582,0.657418,0.286837,0.673855,-0.177329,-0.0105,1.0365,-0.0169,0
1784730814.961218,628935.609000,controller,LHR-65847686,1,200,-1.208492,1.484156,-2.332626,0.657509,0.287030,0.673336,-0.178647,-0.0105,1.0365,-0.0169,0
1784730814.973715,628935.625000,controller,LHR-65847686,1,200,-1.208483,1.497186,-2.332793,0.657774,0.288083,0.670861,-0.185170,0.0102,1.0528,-0.0141,0
1784730814.980215,628935.625000,controller,LHR-65847686,1,200,-1.208076,1.504313,-2.333238,0.657787,0.288580,0.669665,-0.188642,0.0176,1.0577,-0.0196,0
1784730814.996715,628935.640000,controller,LHR-65847686,1,200,-1.207373,1.521972,-2.333730,0.657552,0.290274,0.666639,-0.197380,0.0344,1.0649,-0.0266,0
1784730815.008215,628935.656000,controller,LHR-65847686,1,200,-1.206902,1.534245,-2.334086,0.657239,0.291922,0.664541,-0.202986,0.0419,1.0648,-0.0339,0
1784730815.013714,628935.656000,controller,LHR-65847686,1,200,-1.206655,1.540096,-2.334292,0.657065,0.292867,0.663523,-0.205502,0.0441,1.0632,-0.0374,0
1784730815.029215,628935.671000,controller,LHR-65847686,1,200,-1.205583,1.556909,-2.334972,0.656465,0.296090,0.660666,-0.211910,0.0587,1.0604,-0.0495,0
1784730815.039716,628935.687000,controller,LHR-65847686,1,200,-1.204608,1.568099,-2.335389,0.656250,0.298478,0.658591,-0.215649,0.0690,1.0540,-0.0544,0
1784730815.044214,628935.687000,controller,LHR-65847686,1,200,-1.204285,1.572819,-2.335655,0.656188,0.299533,0.657651,-0.217240,0.0718,1.0520,-0.0577,0
1784730815.058714,628935.703000,controller,LHR-65847686,1,200,-1.202824,1.588222,-2.336777,0.656176,0.302544,0.654449,-0.222704,0.0855,1.0441,-0.0729,0
1784730815.067214,628935.718000,controller,LHR-65847686,1,200,-1.202072,1.597047,-2.337443,0.656217,0.303945,0.652547,-0.226228,0.0894,1.0374,-0.0782,0
1784730815.070715,628935.718000,controller,LHR-65847686,1,200,-1.201749,1.600680,-2.337731,0.656247,0.304481,0.651740,-0.227741,0.0914,1.0334,-0.0802,0
1784730815.084215,628935.734000,controller,LHR-65847686,1,200,-1.200574,1.614390,-2.338850,0.656364,0.306631,0.648586,-0.233451,0.0959,1.0150,-0.0848,0
1784730815.091715,628935.734000,controller,LHR-65847686,1,200,-1.199402,1.622325,-2.339585,0.656275,0.308130,0.646897,-0.236396,0.1047,1.0036,-0.0868,0
1784730815.109215,628935.750000,controller,LHR-65847686,1,200,-1.197504,1.639450,-2.341031,0.656092,0.312693,0.642816,-0.241977,0.1097,0.9678,-0.0832,0
1784730815.120715,628935.765000,controller,LHR-65847686,1,200,-1.195916,1.650867,-2.342349,0.655512,0.316333,0.640633,-0.244595,0.1134,0.9460,-0.0820,0
1784730815.127215,628935.781000,controller,LHR-65847686,1,200,-1.195210,1.656870,-2.342823,0.655209,0.318858,0.639452,-0.245216,0.1106,0.9271,-0.0770,0
1784730815.127716,628935.781000,controller,LHR-65847686,1,200,-1.195154,1.657331,-2.342861,0.655187,0.319045,0.639359,-0.245276,0.1106,0.9271,-0.0770,0
1784730815.138215,628935.781000,controller,LHR-65847686,1,200,-1.193851,1.667015,-2.343649,0.654664,0.323311,0.637473,-0.245993,0.1102,0.9092,-0.0728,0
1784730815.158717,628935.812000,controller,LHR-65847686,1,200,-1.191079,1.684848,-2.345314,0.653727,0.331654,0.633977,-0.246417,0.1117,0.8472,-0.0766,0
1784730815.158717,628935.812000,controller,LHR-65847686,1,200,-1.191062,1.684979,-2.345326,0.653719,0.331715,0.633952,-0.246417,0.1117,0.8472,-0.0766,0
1784730815.169215,628935.812000,controller,LHR-65847686,1,200,-1.189925,1.693580,-2.346165,0.653265,0.335221,0.632496,-0.246620,0.1108,0.8292,-0.0808,0
1784730815.189717,628935.843000,controller,LHR-65847686,1,200,-1.187141,1.710686,-2.347951,0.652786,0.340303,0.629855,-0.247686,0.1167,0.7808,-0.0888,0
1784730815.189717,628935.843000,controller,LHR-65847686,1,200,-1.187118,1.710839,-2.347968,0.652784,0.340343,0.629828,-0.247700,0.1167,0.7808,-0.0888,0
1784730815.200216,628935.843000,controller,LHR-65847686,1,200,-1.185462,1.719104,-2.348786,0.652603,0.342326,0.628464,-0.248909,0.1222,0.7661,-0.0912,0
1784730815.220715,628935.859000,controller,LHR-65847686,1,200,-1.182658,1.734549,-2.350966,0.652286,0.344820,0.625559,-0.253569,0.1243,0.7201,-0.1059,0
1784730815.243716,628935.890000,controller,LHR-65847686,1,200,-1.179529,1.750232,-2.353562,0.651301,0.349600,0.621765,-0.258834,0.1225,0.6503,-0.1140,0
1784730815.244215,628935.890000,controller,LHR-65847686,1,200,-1.179486,1.750461,-2.353602,0.651283,0.349686,0.621705,-0.258908,0.1225,0.6503,-0.1140,0
1784730815.259715,628935.906000,controller,LHR-65847686,1,200,-1.177241,1.760214,-2.355482,0.650718,0.353810,0.619109,-0.260939,0.1207,0.6011,-0.1141,0
1784730815.280217,628935.921000,controller,LHR-65847686,1,200,-1.174496,1.771876,-2.357719,0.651196,0.360095,0.615109,-0.260607,0.1128,0.5385,-0.1081,0
1784730815.280715,628935.921000,controller,LHR-65847686,1,200,-1.174472,1.771989,-2.357742,0.651204,0.360160,0.615069,-0.260593,0.1128,0.5385,-0.1081,0
1784730815.304215,628935.953000,controller,LHR-65847686,1,200,-1.171746,1.783740,-2.360355,0.651097,0.366619,0.611866,-0.259389,0.0968,0.4646,-0.0998,0
1784730815.304215,628935.953000,controller,LHR-65847686,1,200,-1.171728,1.783828,-2.360373,0.651093,0.366668,0.611845,-0.259380,0.0968,0.4646,-0.0998,0
1784730815.328215,628935.968000,controller,LHR-65847686,1,200,-1.169271,1.793936,-2.362478,0.649997,0.371088,0.609990,-0.260211,0.0892,0.3962,-0.0957,0
1784730815.347715,628936.000000,controller,LHR-65847686,1,200,-1.167185,1.801168,-2.364616,0.649716,0.372467,0.607949,-0.263696,0.0900,0.3386,-0.1086,0
1784730815.348216,628936.000000,controller,LHR-65847686,1,200,-1.167158,1.801268,-2.364648,0.649715,0.372479,0.607918,-0.263753,0.0900,0.3386,-0.1086,0
1784730815.367215,628936.015000,controller,LHR-65847686,1,200,-1.165303,1.807191,-2.366928,0.650260,0.372192,0.605923,-0.267383,0.0828,0.2915,-0.1152,0
1784730815.389716,628936.031000,controller,LHR-65847686,1,200,-1.163312,1.813338,-2.369271,0.651579,0.372326,0.603664,-0.269088,0.0725,0.2482,-0.0972,0
1784730815.389716,628936.031000,controller,LHR-65847686,1,200,-1.163296,1.813392,-2.369292,0.651593,0.372331,0.603641,-0.269095,0.0725,0.2482,-0.0972,0
1784730815.407215,628936.046000,controller,LHR-65847686,1,200,-1.161903,1.817240,-2.370897,0.652177,0.373702,0.601885,-0.269717,0.0663,0.1977,-0.0855,0
1784730815.416716,628936.062000,controller,LHR-65847686,1,200,-1.161195,1.819000,-2.371728,0.652140,0.374122,0.601138,-0.270887,0.0652,0.1788,-0.0860,0
1784730815.431216,628936.078000,controller,LHR-65847686,1,200,-1.159782,1.820872,-2.373108,0.652006,0.373942,0.600098,-0.273747,0.0657,0.1410,-0.0923,0
1784730815.436215,628936.078000,controller,LHR-65847686,1,200,-1.159487,1.821513,-2.373570,0.651997,0.373690,0.599801,-0.274764,0.0623,0.1338,-0.0935,0
1784730815.450716,628936.093000,controller,LHR-65847686,1,200,-1.158516,1.823394,-2.374924,0.652600,0.372817,0.598645,-0.277031,0.0493,0.1105,-0.0926,0
1784730815.460213,628936.109000,controller,LHR-65847686,1,200,-1.157957,1.824324,-2.375889,0.653293,0.372337,0.597765,-0.277941,0.0413,0.0957,-0.0909,0
1784730815.463714,628936.109000,controller,LHR-65847686,1,200,-1.157842,1.824617,-2.376189,0.653616,0.372196,0.597411,-0.278130,0.0366,0.0886,-0.0881,0
1784730815.477216,628936.125000,controller,LHR-65847686,1,200,-1.157231,1.825648,-2.377257,0.654494,0.371744,0.596239,-0.279184,0.0274,0.0662,-0.0790,0
1784730815.484715,628936.125000,controller,LHR-65847686,1,200,-1.157059,1.826021,-2.377781,0.654755,0.371630,0.595738,-0.279792,0.0225,0.0510,-0.0724,0
1784730815.503717,628936.156000,controller,LHR-65847686,1,200,-1.156522,1.826620,-2.378672,0.654338,0.371904,0.595054,-0.281850,0.0151,0.0166,-0.0485,0
1784730815.503717,628936.156000,controller,LHR-65847686,1,200,-1.156518,1.826624,-2.378684,0.654331,0.371911,0.595046,-0.281875,0.0151,0.0166,-0.0485,0
1784730815.514215,628936.156000,controller,LHR-65847686,1,200,-1.156237,1.826770,-2.379086,0.654072,0.372593,0.594613,-0.282488,0.0111,0.0009,-0.0366,0
1784730815.534716,628936.187000,controller,LHR-65847686,1,200,-1.155811,1.826533,-2.379846,0.654100,0.374188,0.593740,-0.282150,-0.0025,-0.0213,-0.0235,0
1784730815.534716,628936.187000,controller,LHR-65847686,1,200,-1.155785,1.826523,-2.379878,0.654105,0.374173,0.593716,-0.282211,-0.0025,-0.0214,-0.0239,0
1784730815.545215,628936.187000,controller,LHR-65847686,1,200,-1.155903,1.826228,-2.380078,0.654434,0.375037,0.593365,-0.281035,-0.0108,-0.0287,-0.0192,0
1784730815.565715,628936.218000,controller,LHR-65847686,1,200,-1.156025,1.825399,-2.380180,0.654939,0.377689,0.592948,-0.277162,-0.0216,-0.0486,-0.0028,0
1784730815.565715,628936.218000,controller,LHR-65847686,1,200,-1.156032,1.825376,-2.380152,0.654867,0.377859,0.592978,-0.277036,-0.0235,-0.0531,0.0012,0
1784730815.576216,628936.218000,controller,LHR-65847686,1,200,-1.156078,1.824739,-2.380052,0.654576,0.380206,0.592885,-0.274703,-0.0234,-0.0608,0.0114,0
1784730815.596714,628936.250000,controller,LHR-65847686,1,200,-1.156384,1.823356,-2.379483,0.651819,0.386629,0.593944,-0.269965,-0.0249,-0.0668,0.0357,0
1784730815.596714,628936.250000,controller,LHR-65847686,1,200,-1.156390,1.823341,-2.379474,0.651779,0.386706,0.593961,-0.269913,-0.0249,-0.0668,0.0357,0
1784730815.607217,628936.250000,controller,LHR-65847686,1,200,-1.156678,1.822690,-2.379060,0.649767,0.389797,0.594916,-0.268210,-0.0296,-0.0633,0.0408,0
1784730815.627714,628936.281000,controller,LHR-65847686,1,200,-1.157067,1.821569,-2.378342,0.647404,0.394300,0.595809,-0.265344,-0.0335,-0.0539,0.0365,0
1784730815.627714,628936.281000,controller,LHR-65847686,1,200,-1.157072,1.821561,-2.378336,0.647390,0.394327,0.595815,-0.265325,-0.0335,-0.0539,0.0365,0
1784730815.638215,628936.281000,controller,LHR-65847686,1,200,-1.157122,1.821033,-2.378032,0.646935,0.395704,0.595941,-0.264099,-0.0314,-0.0520,0.0302,0
1784730815.658716,628936.312000,controller,LHR-65847686,1,200,-1.157597,1.819987,-2.377465,0.646316,0.396613,0.596508,-0.262966,-0.0261,-0.0542,0.0219,0
1784730815.658716,628936.312000,controller,LHR-65847686,1,200,-1.157601,1.819977,-2.377461,0.646312,0.396613,0.596515,-0.262963,-0.0261,-0.0542,0.0219,0
1784730815.669216,628936.312000,controller,LHR-65847686,1,200,-1.157847,1.819433,-2.377264,0.645749,0.396211,0.597252,-0.263278,-0.0238,-0.0518,0.0171,0
1784730815.689714,628936.343000,controller,LHR-65847686,1,200,-1.158149,1.818407,-2.377187,0.644795,0.394974,0.598737,-0.264100,-0.0228,-0.0465,0.0040,0
1784730815.689714,628936.343000,controller,LHR-65847686,1,200,-1.158152,1.818400,-2.377186,0.644789,0.394963,0.598748,-0.264107,-0.0228,-0.0465,0.0040,0
1784730815.700214,628936.343000,controller,LHR-65847686,1,200,-1.158307,1.818092,-2.377275,0.645016,0.393991,0.598961,-0.264520,-0.0266,-0.0387,-0.0085,0
1784730815.720715,628936.359000,controller,LHR-65847686,1,200,-1.158843,1.817416,-2.377761,0.646332,0.391409,0.598910,-0.265256,-0.0337,-0.0315,-0.0305,0
1784730815.735215,628936.375000,controller,LHR-65847686,1,200,-1.159148,1.817023,-2.378155,0.647424,0.389634,0.598708,-0.265663,-0.0339,-0.0264,-0.0346,0
1784730815.743714,628936.390000,controller,LHR-65847686,1,200,-1.159439,1.816823,-2.378407,0.647893,0.388825,0.598752,-0.265605,-0.0346,-0.0232,-0.0317,0
1784730815.747215,628936.390000,controller,LHR-65847686,1,200,-1.159561,1.816748,-2.378494,0.647999,0.388579,0.598838,-0.265513,-0.0350,-0.0216,-0.0293,0
1784730815.760715,628936.406000,controller,LHR-65847686,1,200,-1.159770,1.816589,-2.378800,0.648086,0.388133,0.599244,-0.265036,-0.0296,-0.0148,-0.0210,0
1784730815.768216,628936.421000,controller,LHR-65847686,1,200,-1.159958,1.816524,-2.378907,0.647930,0.388310,0.599489,-0.264603,-0.0263,-0.0093,-0.0166,0
1784730815.770714,628936.421000,controller,LHR-65847686,1,200,-1.160012,1.816516,-2.378937,0.647871,0.388436,0.599540,-0.264449,-0.0247,-0.0063,-0.0150,0
1784730815.783214,628936.421000,controller,LHR-65847686,1,200,-1.160041,1.816532,-2.379090,0.647779,0.388970,0.599510,-0.263955,-0.0172,0.0034,-0.0134,0
1784730815.805715,628936.453000,controller,LHR-65847686,1,200,-1.160096,1.816823,-2.379491,0.647656,0.390237,0.599076,-0.263373,-0.0073,0.0158,-0.0183,0
1784730815.805992,628936.453000,controller,LHR-65847686,1,200,-1.160090,1.816834,-2.379499,0.647641,0.390243,0.599071,-0.263410,-0.0059,0.0173,-0.0191,0
1784730815.816215,628936.468000,controller,LHR-65847686,1,200,-1.159922,1.817108,-2.379729,0.647402,0.390812,0.598929,-0.263480,-0.0014,0.0204,-0.0210,0
1784730815.821716,628936.468000,controller,LHR-65847686,1,200,-1.159926,1.817229,-2.379847,0.647241,0.391093,0.598876,-0.263576,-0.0011,0.0215,-0.0216,0
1784730815.837217,628936.484000,controller,LHR-65847686,1,200,-1.159825,1.817711,-2.380254,0.646558,0.391691,0.598911,-0.264283,0.0009,0.0260,-0.0285,0
1784730815.846717,628936.500000,controller,LHR-65847686,1,200,-1.159816,1.817966,-2.380588,0.646022,0.392046,0.598999,-0.264870,0.0006,0.0269,-0.0360,0
1784730815.850217,628936.500000,controller,LHR-65847686,1,200,-1.159812,1.818065,-2.380728,0.645859,0.392194,0.598983,-0.265083,0.0007,0.0279,-0.0389,0
1784730815.863714,628936.515000,controller,LHR-65847686,1,200,-1.159576,1.818600,-2.381320,0.645580,0.392858,0.598607,-0.265629,0.0040,0.0311,-0.0483,0
1784730815.872216,628936.515000,controller,LHR-65847686,1,200,-1.159369,1.818934,-2.381869,0.645669,0.393173,0.598135,-0.266009,0.0064,0.0315,-0.0559,0
1784730815.890714,628936.531000,controller,LHR-65847686,1,200,-1.159257,1.819455,-2.383051,0.646651,0.393498,0.596822,-0.266092,0.0064,0.0268,-0.0649,0
1784730815.903215,628936.546000,controller,LHR-65847686,1,200,-1.158977,1.819819,-2.383797,0.647127,0.393238,0.596282,-0.266528,0.0069,0.0250,-0.0661,0
1784730815.910716,628936.562000,controller,LHR-65847686,1,200,-1.158929,1.820008,-2.384299,0.647312,0.392824,0.596134,-0.267024,0.0059,0.0251,-0.0670,0
1784730815.912215,628936.562000,controller,LHR-65847686,1,200,-1.158920,1.820046,-2.384401,0.647353,0.392745,0.596099,-0.267117,0.0059,0.0251,-0.0670,0
1784730815.923715,628936.562000,controller,LHR-65847686,1,200,-1.158665,1.820437,-2.385175,0.647531,0.391951,0.595927,-0.268232,0.0090,0.0270,-0.0692,0
1784730815.945215,628936.593000,controller,LHR-65847686,1,200,-1.158229,1.821117,-2.386872,0.648435,0.390433,0.594840,-0.270666,0.0130,0.0298,-0.0776,0
1784730815.945530,628936.593000,controller,LHR-65847686,1,200,-1.158225,1.821126,-2.386895,0.648451,0.390410,0.594821,-0.270703,0.0130,0.0298,-0.0776,0
1784730815.955716,628936.609000,controller,LHR-65847686,1,200,-1.158056,1.821454,-2.387707,0.649019,0.389537,0.594137,-0.272094,0.0137,0.0294,-0.0799,0
1784730815.960216,628936.609000,controller,LHR-65847686,1,200,-1.157995,1.821581,-2.388076,0.649308,0.389116,0.593788,-0.272772,0.0135,0.0283,-0.0803,0
1784730815.974715,628936.625000,controller,LHR-65847686,1,200,-1.157323,1.822111,-2.389256,0.649881,0.387848,0.592794,-0.275361,0.0194,0.0255,-0.0787,0
1784730815.983216,628936.625000,controller,LHR-65847686,1,200,-1.157154,1.822324,-2.389890,0.650058,0.387076,0.592406,-0.276861,0.0197,0.0248,-0.0751,0
1784730816.001716,628936.640000,controller,LHR-65847686,1,200,-1.156573,1.822865,-2.391175,0.650105,0.385875,0.591762,-0.279789,0.0198,0.0213,-0.0662,0
1784730816.015218,628936.656000,controller,LHR-65847686,1,200,-1.156126,1.823144,-2.392045,0.650155,0.385438,0.591186,-0.281488,0.0183,0.0171,-0.0614,0
1784730816.022715,628936.671000,controller,LHR-65847686,1,200,-1.156018,1.823261,-2.392498,0.650275,0.385298,0.590825,-0.282157,0.0144,0.0157,-0.0603,0
1784730816.025215,628936.671000,controller,LHR-65847686,1,200,-1.155982,1.823300,-2.392649,0.650313,0.385246,0.590707,-0.282388,0.0144,0.0157,-0.0603,0
1784730816.037714,628936.687000,controller,LHR-65847686,1,200,-1.155756,1.823530,-2.393458,0.650835,0.384969,0.589942,-0.283165,0.0081,0.0134,-0.0594,0
1784730816.044215,628936.687000,controller,LHR-65847686,1,200,-1.155756,1.823590,-2.393830,0.651184,0.384871,0.589570,-0.283267,0.0024,0.0105,-0.0577,0
1784730816.060715,628936.703000,controller,LHR-65847686,1,200,-1.155452,1.823788,-2.394587,0.651757,0.385123,0.588871,-0.283061,-0.0020,0.0064,-0.0463,0
1784730816.071715,628936.718000,controller,LHR-65847686,1,200,-1.155514,1.823842,-2.394977,0.651886,0.385633,0.588665,-0.282496,-0.0058,0.0051,-0.0369,0
1784730816.077215,628936.718000,controller,LHR-65847686,1,200,-1.155391,1.823995,-2.395256,0.651902,0.385699,0.588597,-0.282514,-0.0052,0.0060,-0.0353,0
1784730816.092716,628936.734000,controller,LHR-65847686,1,200,-1.155486,1.824096,-2.395736,0.651724,0.386343,0.588604,-0.282030,-0.0064,0.0067,-0.0308,0
1784730816.102217,628936.750000,controller,LHR-65847686,1,200,-1.155416,1.824214,-2.395952,0.651823,0.386693,0.588389,-0.281769,-0.0059,0.0078,-0.0310,0
1784730816.105716,628936.750000,controller,LHR-65847686,1,200,-1.155436,1.824242,-2.396061,0.651844,0.386792,0.588329,-0.281709,-0.0059,0.0078,-0.0310,0
1784730816.119216,628936.765000,controller,LHR-65847686,1,200,-1.155348,1.824349,-2.396671,0.652205,0.386798,0.587888,-0.281789,-0.0053,0.0067,-0.0364,0
1784730816.127715,628936.781000,controller,LHR-65847686,1,200,-1.155396,1.824398,-2.396990,0.652448,0.386680,0.587625,-0.281935,-0.0058,0.0055,-0.0366,0
1784730816.130214,628936.781000,controller,LHR-65847686,1,200,-1.155410,1.824410,-2.397083,0.652512,0.386612,0.587559,-0.282017,-0.0058,0.0050,-0.0367,0
1784730816.142714,628936.781000,controller,LHR-65847686,1,200,-1.155313,1.824557,-2.397552,0.652630,0.386281,0.587423,-0.282481,-0.0054,0.0043,-0.0363,0
1784730816.165215,628936.812000,controller,LHR-65847686,1,200,-1.155339,1.824669,-2.398228,0.652345,0.385903,0.587569,-0.283351,-0.0030,0.0061,-0.0294,0
1784730816.166714,628936.812000,controller,LHR-65847686,1,200,-1.155344,1.824681,-2.398264,0.652325,0.385947,0.587571,-0.283334,-0.0030,0.0067,-0.0282,0
1784730816.178216,628936.828000,controller,LHR-65847686,1,200,-1.155240,1.824827,-2.398637,0.652288,0.386264,0.587409,-0.283321,-0.0013,0.0081,-0.0273,0
1784730816.183715,628936.828000,controller,LHR-65847686,1,200,-1.155243,1.824875,-2.398787,0.652279,0.386488,0.587309,-0.283244,-0.0007,0.0086,-0.0272,0
1784730816.199215,628936.843000,controller,LHR-65847686,1,200,-1.155145,1.825067,-2.399239,0.652392,0.387108,0.586821,-0.283150,0.0009,0.0092,-0.0291,0
1784730816.209714,628936.859000,controller,LHR-65847686,1,200,-1.155132,1.825146,-2.399552,0.652487,0.387507,0.586404,-0.283248,0.0004,0.0063,-0.0294,0
1784730816.214215,628936.859000,controller,LHR-65847686,1,200,-1.154966,1.825215,-2.399636,0.652453,0.387615,0.586312,-0.283368,0.0022,0.0057,-0.0287,0
1784730816.228718,628936.875000,controller,LHR-65847686,1,200,-1.154896,1.825187,-2.400106,0.652418,0.387657,0.585997,-0.284041,-0.0003,0.0004,-0.0297,0
1784730816.237215,628936.890000,controller,LHR-65847686,1,200,-1.154822,1.825239,-2.400354,0.652356,0.387408,0.585995,-0.284531,-0.0014,-0.0017,-0.0300,0
1784730816.240717,628936.890000,controller,LHR-65847686,1,200,-1.154840,1.825222,-2.400457,0.652276,0.387252,0.586058,-0.284793,-0.0030,-0.0032,-0.0298,0
1784730816.254217,628936.906000,controller,LHR-65847686,1,200,-1.154944,1.825130,-2.400872,0.652073,0.386579,0.586298,-0.285677,-0.0076,-0.0069,-0.0309,0
1784730816.261715,628936.906000,controller,LHR-65847686,1,200,-1.154951,1.825182,-2.400984,0.652195,0.386202,0.586335,-0.285834,-0.0110,-0.0088,-0.0317,0
1784730816.279216,628936.921000,controller,LHR-65847686,1,200,-1.155032,1.825016,-2.401711,0.652689,0.385396,0.586202,-0.286067,-0.0140,-0.0118,-0.0368,0
1784730816.291715,628936.937000,controller,LHR-65847686,1,200,-1.155241,1.824852,-2.402197,0.653279,0.384789,0.585932,-0.286091,-0.0173,-0.0135,-0.0387,0
1784730816.298215,628936.937000,controller,LHR-65847686,1,200,-1.155359,1.824760,-2.402456,0.653550,0.384350,0.585845,-0.286238,-0.0182,-0.0142,-0.0396,0
1784730816.314714,628936.968000,controller,LHR-65847686,1,200,-1.155630,1.824595,-2.402925,0.653907,0.383345,0.585909,-0.286641,-0.0185,-0.0125,-0.0351,0
1784730816.314714,628936.968000,controller,LHR-65847686,1,200,-1.155633,1.824593,-2.402930,0.653911,0.383337,0.585909,-0.286643,-0.0185,-0.0125,-0.0351,0
1784730816.325215,628936.968000,controller,LHR-65847686,1,200,-1.155821,1.824473,-2.403240,0.654098,0.383096,0.585916,-0.286524,-0.0182,-0.0115,-0.0306,0
1784730816.345716,628936.984000,controller,LHR-65847686,1,200,-1.156100,1.824332,-2.403900,0.654336,0.384179,0.585670,-0.285029,-0.0166,-0.0078,-0.0223,0
1784730816.360216,628937.000000,controller,LHR-65847686,1,200,-1.156207,1.824287,-2.404309,0.654467,0.385016,0.585327,-0.284303,-0.0141,-0.0064,-0.0216,0
1784730816.368715,628937.015000,controller,LHR-65847686,1,200,-1.156316,1.824236,-2.404509,0.654510,0.385480,0.585112,-0.284019,-0.0132,-0.0064,-0.0228,0
1784730816.372215,628937.015000,controller,LHR-65847686,1,200,-1.156358,1.824213,-2.404592,0.654504,0.385600,0.585049,-0.283998,-0.0129,-0.0067,-0.0229,0
1784730816.386216,628937.031000,controller,LHR-65847686,1,200,-1.156377,1.824130,-2.404983,0.654473,0.385588,0.584895,-0.284401,-0.0116,-0.0067,-0.0264,0
1784730816.393718,628937.046000,controller,LHR-65847686,1,200,-1.156475,1.824082,-2.405199,0.654436,0.385366,0.584940,-0.284696,-0.0123,-0.0062,-0.0275,0
1784730816.396217,628937.046000,controller,LHR-65847686,1,200,-1.156526,1.824091,-2.405260,0.654453,0.385332,0.584958,-0.284666,-0.0136,-0.0054,-0.0279,0
1784730816.408715,628937.062000,controller,LHR-65847686,1,200,-1.156748,1.824025,-2.405611,0.654601,0.384908,0.585046,-0.284720,-0.0173,-0.0045,-0.0280,0
1784730816.415216,628937.062000,controller,LHR-65847686,1,200,-1.156713,1.824016,-2.405776,0.654775,0.384826,0.584978,-0.284568,-0.0186,-0.0044,-0.0281,0
1784730816.431715,628937.078000,controller,LHR-65847686,1,200,-1.157040,1.823946,-2.406237,0.655250,0.384656,0.584796,-0.284079,-0.0200,-0.0044,-0.0278,0
1784730816.442216,628937.093000,controller,LHR-65847686,1,200,-1.157060,1.823983,-2.406394,0.655418,0.384643,0.584622,-0.284067,-0.0175,-0.0032,-0.0264,0
1784730816.447716,628937.093000,controller,LHR-65847686,1,200,-1.157158,1.823967,-2.406543,0.655485,0.384599,0.584562,-0.284095,-0.0175,-0.0031,-0.0261,0
1784730816.463214,628937.109000,controller,LHR-65847686,1,200,-1.157062,1.823939,-2.406991,0.655440,0.384404,0.584514,-0.284561,-0.0149,-0.0020,-0.0250,0
1784730816.472716,628937.125000,controller,LHR-65847686,1,200,-1.156824,1.823962,-2.407248,0.655441,0.384329,0.584517,-0.284656,-0.0134,-0.0008,-0.0237,0
1784730816.476215,628937.125000,controller,LHR-65847686,1,200,-1.156878,1.823963,-2.407326,0.655444,0.384336,0.584535,-0.284599,-0.0139,0.0000,-0.0229,0
1784730816.489718,628937.140000,controller,LHR-65847686,1,200,-1.157097,1.824001,-2.407597,0.655596,0.384450,0.584567,-0.284032,-0.0159,0.0044,-0.0200,0
1784730816.498215,628937.140000,controller,LHR-65847686,1,200,-1.156179,1.824108,-2.407623,0.655748,0.384635,0.584544,-0.283475,-0.0103,0.0066,-0.0190,0
1784730816.516714,628937.156000,controller,LHR-65847686,1,200,-1.156129,1.824339,-2.407982,0.656134,0.384804,0.584349,-0.282756,-0.0029,0.0148,-0.0197,0
1784730816.529216,628937.171000,controller,LHR-65847686,1,200,-1.156098,1.824627,-2.408225,0.656294,0.384969,0.584124,-0.282624,0.0031,0.0262,-0.0188,0
1784730816.536715,628937.187000,controller,LHR-65847686,1,200,-1.155897,1.824844,-2.408384,0.656288,0.385096,0.584035,-0.282650,0.0067,0.0296,-0.0181,0
1784730816.538216,628937.187000,controller,LHR-65847686,1,200,-1.155888,1.824887,-2.408410,0.656289,0.385126,0.584011,-0.282655,0.0067,0.0296,-0.0181,0
1784730816.549715,628937.203000,controller,LHR-65847686,1,200,-1.155756,1.825386,-2.408556,0.655956,0.385597,0.583940,-0.282932,0.0103,0.0434,-0.0135,0
1784730816.555215,628937.203000,controller,LHR-65847686,1,200,-1.155561,1.825773,-2.408671,0.655788,0.385869,0.583949,-0.282932,0.0138,0.0550,-0.0106,0
1784730816.570715,628937.218000,controller,LHR-65847686,1,200,-1.155321,1.826904,-2.408741,0.654941,0.386788,0.584152,-0.283221,0.0158,0.0824,-0.0028,0
1784730816.581215,628937.234000,controller,LHR-65847686,1,200,-1.154971,1.827960,-2.408720,0.654426,0.387426,0.584245,-0.283347,0.0186,0.0992,0.0008,0
1784730816.585713,628937.234000,controller,LHR-65847686,1,200,-1.154881,1.828475,-2.408710,0.654168,0.387696,0.584309,-0.283441,0.0195,0.1084,0.0017,0
1784730816.600215,628937.250000,controller,LHR-65847686,1,200,-1.154453,1.830494,-2.408746,0.653533,0.388395,0.584393,-0.283776,0.0231,0.1475,0.0042,0
1784730816.608714,628937.250000,controller,LHR-65847686,1,200,-1.154242,1.831925,-2.408701,0.653115,0.388725,0.584510,-0.284046,0.0250,0.1685,0.0055,0
1784730816.627215,628937.281000,controller,LHR-65847686,1,200,-1.153489,1.835643,-2.408508,0.651893,0.389361,0.585183,-0.284595,0.0376,0.2245,0.0162,0
1784730816.627215,628937.281000,controller,LHR-65847686,1,200,-1.153481,1.835688,-2.408504,0.651880,0.389368,0.585190,-0.284600,0.0376,0.2245,0.0162,0
1784730816.637715,628937.281000,controller,LHR-65847686,1,200,-1.152980,1.838196,-2.408303,0.651184,0.389902,0.585555,-0.284714,0.0476,0.2612,0.0242,0
1784730816.658215,628937.296000,controller,LHR-65847686,1,200,-1.151726,1.844167,-2.407707,0.649674,0.391072,0.586467,-0.284680,0.0655,0.3146,0.0345,0
1784730816.673717,628937.312000,controller,LHR-65847686,1,200,-1.150442,1.849908,-2.406945,0.648181,0.392351,0.587130,-0.284957,0.0918,0.3911,0.0475,0
1784730816.683215,628937.328000,controller,LHR-65847686,1,200,-1.149456,1.853850,-2.406475,0.646962,0.393343,0.587550,-0.285493,0.1061,0.4225,0.0495,0
1784730816.686715,628937.328000,controller,LHR-65847686,1,200,-1.149039,1.855401,-2.406297,0.646437,0.393782,0.587695,-0.285779,0.1145,0.4382,0.0500,0
1784730816.700215,628937.343000,controller,LHR-65847686,1,200,-1.147256,1.861694,-2.405647,0.644265,0.395867,0.588121,-0.286926,0.1421,0.4817,0.0493,0
1784730816.708717,628937.359000,controller,LHR-65847686,1,200,-1.145849,1.866019,-2.405226,0.642698,0.397787,0.588126,-0.287771,0.1637,0.5083,0.0485,0
1784730816.711216,628937.359000,controller,LHR-65847686,1,200,-1.145301,1.867593,-2.405066,0.642271,0.398463,0.588100,-0.287843,0.1757,0.5230,0.0489,0
1784730816.724217,628937.375000,controller,LHR-65847686,1,200,-1.142712,1.874614,-2.404485,0.639732,0.402074,0.587690,-0.289309,0.2091,0.5611,0.0441,0
1784730816.730715,628937.375000,controller,LHR-65847686,1,200,-1.141270,1.878400,-2.404271,0.638377,0.403642,0.587571,-0.290360,0.2275,0.5854,0.0367,0
1784730816.747216,628937.390000,controller,LHR-65847686,1,200,-1.137113,1.888571,-2.403958,0.634743,0.406971,0.587112,-0.294575,0.2600,0.6295,0.0133,0
1784730816.758716,628937.406000,controller,LHR-65847686,1,200,-1.133901,1.896109,-2.403999,0.632328,0.408559,0.586702,-0.298364,0.2840,0.6593,-0.0100,0
1784730816.764216,628937.406000,controller,LHR-65847686,1,200,-1.132295,1.899785,-2.404117,0.631195,0.409115,0.586436,-0.300518,0.2914,0.6683,-0.0183,0
1784730816.779714,628937.421000,controller,LHR-65847686,1,200,-1.127442,1.910586,-2.404718,0.628565,0.409958,0.585257,-0.307108,0.3164,0.7008,-0.0542,0
1784730816.790216,628937.437000,controller,LHR-65847686,1,200,-1.124017,1.918070,-2.405513,0.627068,0.409860,0.584251,-0.312173,0.3267,0.7128,-0.0741,0
1784730816.794715,628937.437000,controller,LHR-65847686,1,200,-1.122432,1.921398,-2.405926,0.626560,0.409700,0.583768,-0.314298,0.3383,0.7230,-0.0935,0
1784730816.809216,628937.453000,controller,LHR-65847686,1,200,-1.117354,1.932002,-2.407590,0.625250,0.408815,0.581716,-0.321774,0.3542,0.7340,-0.1185,0
1784730816.817717,628937.468000,controller,LHR-65847686,1,200,-1.114087,1.938433,-2.408718,0.624721,0.408246,0.580285,-0.326081,0.3679,0.7446,-0.1380,0
1784730816.821216,628937.468000,controller,LHR-65847686,1,200,-1.112796,1.941045,-2.409203,0.624533,0.407962,0.579674,-0.327877,0.3679,0.7446,-0.1380,0
1784730816.834716,628937.484000,controller,LHR-65847686,1,200,-1.107549,1.951237,-2.411211,0.624092,0.407281,0.576926,-0.334347,0.3838,0.7494,-0.1501,0
1784730816.842215,628937.484000,controller,LHR-65847686,1,200,-1.104621,1.956837,-2.412298,0.623808,0.407466,0.575212,-0.337590,0.3919,0.7479,-0.1467,0
1784730816.859714,628937.500000,controller,LHR-65847686,1,200,-1.097328,1.970059,-2.414686,0.622739,0.410437,0.570840,-0.343335,0.4120,0.7444,-0.1252,0
1784730816.871215,628937.515000,controller,LHR-65847686,1,200,-1.092494,1.978557,-2.415832,0.621610,0.414713,0.568028,-0.344903,0.4229,0.7384,-0.1006,0
1784730816.877715,628937.531000,controller,LHR-65847686,1,200,-1.089515,1.983571,-2.416525,0.620926,0.417112,0.566672,-0.345472,0.4310,0.7373,-0.0850,0
1784730816.878215,628937.531000,controller,LHR-65847686,1,200,-1.089304,1.983932,-2.416567,0.620868,0.417330,0.566565,-0.345489,0.4310,0.7373,-0.0850,0
1784730816.888716,628937.531000,controller,LHR-65847686,1,200,-1.084758,1.991642,-2.417295,0.619517,0.422588,0.564430,-0.345018,0.4340,0.7329,-0.0700,0
1784730816.909215,628937.562000,controller,LHR-65847686,1,200,-1.075537,2.006685,-2.418411,0.617066,0.432650,0.560626,-0.343136,0.4421,0.7281,-0.0452,0
1784730816.909215,628937.562000,controller,LHR-65847686,1,200,-1.075469,2.006798,-2.418418,0.617047,0.432729,0.560597,-0.343119,0.4421,0.7281,-0.0452,0
1784730816.919717,628937.562000,controller,LHR-65847686,1,200,-1.070695,2.014420,-2.418845,0.615986,0.436916,0.558561,-0.343038,0.4446,0.7258,-0.0381,0
1784730816.940217,628937.593000,controller,LHR-65847686,1,200,-1.061316,2.029062,-2.419889,0.612889,0.440850,0.556003,-0.347676,0.4461,0.7115,-0.0390,0
1784730816.940217,628937.593000,controller,LHR-65847686,1,200,-1.061252,2.029164,-2.419895,0.612865,0.440865,0.555989,-0.347722,0.4461,0.7115,-0.0390,0
1784730816.950715,628937.593000,controller,LHR-65847686,1,200,-1.056558,2.036464,-2.420314,0.610374,0.439961,0.556039,-0.353128,0.4488,0.6945,-0.0389,0
1784730816.971215,628937.625000,controller,LHR-65847686,1,200,-1.047166,2.050257,-2.421370,0.604862,0.434093,0.558008,-0.366513,0.4520,0.6594,-0.0355,0
1784730816.971215,628937.625000,controller,LHR-65847686,1,200,-1.047070,2.050398,-2.421377,0.604801,0.434015,0.558037,-0.366662,0.4520,0.6594,-0.0355,0
1784730816.981716,628937.625000,controller,LHR-65847686,1,200,-1.042396,2.057013,-2.421664,0.602169,0.430690,0.559496,-0.372643,0.4450,0.6359,-0.0254,0
1784730817.002215,628937.656000,controller,LHR-65847686,1,200,-1.032976,2.069972,-2.421925,0.597589,0.427152,0.561528,-0.380939,0.4285,0.6009,-0.0056,0
1784730817.002215,628937.656000,controller,LHR-65847686,1,200,-1.032873,2.070116,-2.421926,0.597536,0.427125,0.561552,-0.381018,0.4285,0.6009,-0.0056,0
1784730817.012719,628937.656000,controller,LHR-65847686,1,200,-1.028530,2.076110,-2.421951,0.595172,0.426780,0.562272,-0.384030,0.4190,0.5840,-0.0018,0
1784730817.033217,628937.671000,controller,LHR-65847686,1,200,-1.019970,2.087250,-2.422320,0.590463,0.427147,0.562700,-0.390214,0.4016,0.5317,-0.0198,0
1784730817.048716,628937.687000,controller,LHR-65847686,1,200,-1.013648,2.094924,-2.422810,0.587427,0.427142,0.561980,-0.395801,0.3862,0.4684,-0.0493,0
1784730817.058216,628937.703000,controller,LHR-65847686,1,200,-1.009724,2.099233,-2.423292,0.585979,0.426931,0.561028,-0.399508,0.3830,0.4381,-0.0569,0
1784730817.061715,628937.703000,controller,LHR-65847686,1,200,-1.008394,2.100723,-2.423515,0.585522,0.426710,0.560657,-0.400932,0.3790,0.4232,-0.0602,0
1784730817.075215,628937.718000,controller,LHR-65847686,1,200,-1.003425,2.106161,-2.424448,0.583778,0.424901,0.559869,-0.406459,0.3625,0.3867,-0.0692,0
1784730817.083718,628937.734000,controller,LHR-65847686,1,200,-0.999977,2.109504,-2.424971,0.582819,0.422891,0.560008,-0.409726,0.3535,0.3692,-0.0706,0
1784730817.086214,628937.734000,controller,LHR-65847686,1,200,-0.999148,2.110384,-2.425137,0.582508,0.422184,0.560261,-0.410551,0.3451,0.3600,-0.0703,0
1784730817.098716,628937.750000,controller,LHR-65847686,1,200,-0.994896,2.114779,-2.425900,0.580829,0.419369,0.561588,-0.413989,0.3217,0.3328,-0.0647,0
1784730817.105716,628937.750000,controller,LHR-65847686,1,200,-0.992814,2.116924,-2.426273,0.580043,0.418325,0.562477,-0.414938,0.3078,0.3156,-0.0602,0
1784730817.122215,628937.765000,controller,LHR-65847686,1,200,-0.987692,2.121979,-2.427254,0.578437,0.418394,0.563406,-0.415849,0.2885,0.2876,-0.0619,0
1784730817.133716,628937.781000,controller,LHR-65847686,1,200,-0.984201,2.125173,-2.427971,0.577594,0.420028,0.563242,-0.415596,0.2786,0.2695,-0.0706,0
1784730817.139717,628937.781000,controller,LHR-65847686,1,200,-0.982528,2.126759,-2.428427,0.577292,0.421613,0.562693,-0.415154,0.2752,0.2629,-0.0760,0
1784730817.155214,628937.796000,controller,LHR-65847686,1,200,-0.977941,2.130297,-2.429793,0.576614,0.426921,0.559712,-0.414701,0.2679,0.2287,-0.0969,0
1784730817.165716,628937.812000,controller,LHR-65847686,1,200,-0.975263,2.132370,-2.430815,0.575868,0.431305,0.557022,-0.414824,0.2560,0.2023,-0.1078,0
1784730817.170214,628937.812000,controller,LHR-65847686,1,200,-0.974127,2.133244,-2.431317,0.575519,0.433181,0.555774,-0.415027,0.2513,0.1940,-0.1107,0
1784730817.184715,628937.828000,controller,LHR-65847686,1,200,-0.970045,2.135881,-2.432884,0.574316,0.438594,0.551858,-0.416234,0.2424,0.1700,-0.1133,0
1784730817.193216,628937.843000,controller,LHR-65847686,1,200,-0.967811,2.137048,-2.433838,0.573559,0.441274,0.549800,-0.417167,0.2269,0.1431,-0.1149,0
1784730817.196714,628937.843000,controller,LHR-65847686,1,200,-0.967012,2.137551,-2.434242,0.573208,0.442393,0.548945,-0.417590,0.2269,0.1431,-0.1149,0
1784730817.210214,628937.859000,controller,LHR-65847686,1,200,-0.964281,2.139129,-2.435801,0.571733,0.445670,0.546426,-0.419427,0.1960,0.1092,-0.1160,0
1784730817.217716,628937.859000,controller,LHR-65847686,1,200,-0.962772,2.139820,-2.436879,0.571059,0.447263,0.545116,-0.420352,0.1807,0.0938,-0.1199,0
1784730817.235215,628937.875000,controller,LHR-65847686,1,200,-0.959873,2.141138,-2.439049,0.570047,0.450972,0.542509,-0.421134,0.1434,0.0694,-0.1224,0
1784730817.246715,628937.890000,controller,LHR-65847686,1,200,-0.958500,2.141731,-2.440432,0.570030,0.453538,0.540896,-0.420477,0.1137,0.0540,-0.1245,0
1784730817.253215,628937.906000,controller,LHR-65847686,1,200,-0.957721,2.142117,-2.441226,0.570371,0.454830,0.539866,-0.419942,0.0961,0.0458,-0.1270,0
1784730817.253715,628937.906000,controller,LHR-65847686,1,200,-0.957650,2.142150,-2.441319,0.570398,0.454984,0.539758,-0.419877,0.0961,0.0458,-0.1270,0
1784730817.264215,628937.906000,controller,LHR-65847686,1,200,-0.956818,2.142539,-2.442657,0.570931,0.456972,0.538208,-0.418983,0.0788,0.0362,-0.1296,0
1784730817.284716,628937.937000,controller,LHR-65847686,1,200,-0.955475,2.142898,-2.445599,0.572079,0.459224,0.535304,-0.418674,0.0490,0.0115,-0.1434,0
1784730817.285217,628937.937000,controller,LHR-65847686,1,200,-0.955463,2.142901,-2.445634,0.572094,0.459244,0.535271,-0.418674,0.0490,0.0115,-0.1434,0
1784730817.295717,628937.937000,controller,LHR-65847686,1,200,-0.954724,2.142768,-2.447354,0.572894,0.459213,0.534008,-0.419227,0.0391,-0.0023,-0.1501,0
1784730817.316217,628937.968000,controller,LHR-65847686,1,200,-0.954008,2.142397,-2.450366,0.574755,0.458463,0.531964,-0.420098,0.0223,-0.0135,-0.1448,0
1784730817.316217,628937.968000,controller,LHR-65847686,1,200,-0.954003,2.142394,-2.450398,0.574776,0.458453,0.531945,-0.420105,0.0223,-0.0135,-0.1448,0
1784730817.326715,628937.968000,controller,LHR-65847686,1,200,-0.953804,2.142197,-2.451677,0.575516,0.458892,0.531000,-0.419807,0.0171,-0.0163,-0.1286,0
1784730817.347216,628938.000000,controller,LHR-65847686,1,200,-0.953385,2.141728,-2.453821,0.575768,0.462764,0.528834,-0.417941,0.0180,-0.0176,-0.0903,0
1784730817.347216,628938.000000,controller,LHR-65847686,1,200,-0.953382,2.141726,-2.453834,0.575767,0.462803,0.528817,-0.417922,0.0180,-0.0176,-0.0903,0
1784730817.357717,628938.000000,controller,LHR-65847686,1,200,-0.952920,2.141468,-2.454639,0.575224,0.466577,0.527323,-0.416358,0.0239,-0.0201,-0.0690,0
1784730817.378716,628938.031000,controller,LHR-65847686,1,200,-0.952168,2.140789,-2.455846,0.572975,0.475593,0.523892,-0.413578,0.0249,-0.0289,-0.0528,0
1784730817.378716,628938.031000,controller,LHR-65847686,1,200,-0.952162,2.140782,-2.455858,0.572946,0.475697,0.523853,-0.413549,0.0249,-0.0289,-0.0528,0
1784730817.389216,628938.031000,controller,LHR-65847686,1,200,-0.952030,2.140376,-2.456362,0.571815,0.479644,0.522271,-0.412554,0.0142,-0.0338,-0.0515,0
1784730817.409716,628938.062000,controller,LHR-65847686,1,200,-0.951859,2.139681,-2.457433,0.570289,0.485233,0.519790,-0.411264,-0.0124,-0.0375,-0.0565,0
1784730817.409716,628938.062000,controller,LHR-65847686,1,200,-0.951864,2.139667,-2.457454,0.570268,0.485308,0.519754,-0.411250,-0.0124,-0.0375,-0.0565,0
1784730817.420715,628938.062000,controller,LHR-65847686,1,200,-0.951919,2.139265,-2.458230,0.570070,0.486349,0.519081,-0.411145,-0.0254,-0.0382,-0.0622,0
1784730817.441217,628938.093000,controller,LHR-65847686,1,200,-0.952794,2.138391,-2.459886,0.570517,0.484201,0.519482,-0.412552,-0.0540,-0.0395,-0.0791,0
1784730817.441217,628938.093000,controller,LHR-65847686,1,200,-0.952807,2.138381,-2.459905,0.570526,0.484157,0.519495,-0.412574,-0.0540,-0.0395,-0.0791,0
1784730817.451715,628938.093000,controller,LHR-65847686,1,200,-0.953368,2.138044,-2.460752,0.571181,0.482033,0.520059,-0.413443,-0.0591,-0.0376,-0.0804,0
1784730817.472214,628938.125000,controller,LHR-65847686,1,200,-0.954566,2.137248,-2.462177,0.572992,0.477935,0.521207,-0.414248,-0.0608,-0.0338,-0.0706,0
1784730817.472214,628938.125000,controller,LHR-65847686,1,200,-0.954575,2.137243,-2.462187,0.573005,0.477905,0.521216,-0.414254,-0.0608,-0.0338,-0.0706,0
1784730817.482715,628938.125000,controller,LHR-65847686,1,200,-0.955101,2.136960,-2.462860,0.573539,0.476428,0.521905,-0.414349,-0.0562,-0.0257,-0.0604,0
1784730817.503215,628938.156000,controller,LHR-65847686,1,200,-0.955927,2.136532,-2.463851,0.573925,0.475564,0.522810,-0.413666,-0.0391,-0.0125,-0.0430,0
1784730817.503215,628938.156000,controller,LHR-65847686,1,200,-0.955934,2.136530,-2.463859,0.573926,0.475564,0.522815,-0.413657,-0.0391,-0.0125,-0.0430,0
1784730817.513715,628938.156000,controller,LHR-65847686,1,200,-0.956111,2.136433,-2.464076,0.574217,0.476107,0.522529,-0.412989,-0.0267,-0.0039,-0.0293,0
1784730817.534216,628938.187000,controller,LHR-65847686,1,200,-0.956245,2.136358,-2.464509,0.574694,0.477852,0.520918,-0.412347,-0.0101,-0.0017,-0.0142,0
1784730817.534216,628938.187000,controller,LHR-65847686,1,200,-0.956247,2.136358,-2.464512,0.574695,0.477871,0.520899,-0.412347,-0.0101,-0.0017,-0.0142,0
1784730817.544715,628938.187000,controller,LHR-65847686,1,200,-0.956298,2.136329,-2.464596,0.574247,0.478445,0.520221,-0.413160,-0.0066,-0.0031,-0.0066,0
1784730817.565218,628938.218000,controller,LHR-65847686,1,200,-0.956299,2.136263,-2.464400,0.571418,0.477353,0.521363,-0.416888,-0.0082,-0.0039,0.0178,0
1784730817.565218,628938.218000,controller,LHR-65847686,1,200,-0.956300,2.136262,-2.464397,0.571387,0.477336,0.521382,-0.416926,-0.0082,-0.0039,0.0178,0
1784730817.575716,628938.218000,controller,LHR-65847686,1,200,-0.956167,2.136153,-2.464225,0.569854,0.476103,0.522693,-0.418788,-0.0120,-0.0037,0.0235,0
1784730817.596216,628938.250000,controller,LHR-65847686,1,200,-0.956647,2.136215,-2.463573,0.568120,0.473481,0.525904,-0.420095,-0.0294,0.0010,0.0339,0
1784730817.596716,628938.250000,controller,LHR-65847686,1,200,-0.956679,2.136214,-2.463553,0.568249,0.473498,0.525903,-0.419904,-0.0320,0.0009,0.0355,0
1784730817.607214,628938.250000,controller,LHR-65847686,1,200,-0.957022,2.136222,-2.463145,0.568325,0.472627,0.527077,-0.419309,-0.0357,0.0009,0.0385,0
1784730817.628719,628938.281000,controller,LHR-65847686,1,200,-0.957567,2.136113,-2.462152,0.569003,0.472731,0.528390,-0.416610,-0.0320,-0.0012,0.0460,0
1784730817.629215,628938.281000,controller,LHR-65847686,1,200,-0.957610,2.136111,-2.462090,0.569051,0.472775,0.528452,-0.416417,-0.0320,-0.0012,0.0460,0
1784730817.639714,628938.281000,controller,LHR-65847686,1,200,-0.957729,2.136035,-2.461681,0.568771,0.473593,0.528896,-0.415305,-0.0225,-0.0011,0.0472,0
1784730817.660214,628938.312000,controller,LHR-65847686,1,200,-0.957590,2.136129,-2.460616,0.567445,0.476686,0.529054,-0.413374,-0.0013,0.0015,0.0469,0
1784730817.660214,628938.312000,controller,LHR-65847686,1,200,-0.957590,2.136129,-2.460608,0.567433,0.476713,0.529055,-0.413359,-0.0013,0.0015,0.0469,0
1784730817.670714,628938.312000,controller,LHR-65847686,1,200,-0.957600,2.136104,-2.460145,0.566734,0.478700,0.528723,-0.412444,0.0045,0.0018,0.0428,0
1784730817.691216,628938.343000,controller,LHR-65847686,1,200,-0.957126,2.136117,-2.459330,0.565400,0.481660,0.527958,-0.411809,0.0117,0.0011,0.0281,0
1784730817.691216,628938.343000,controller,LHR-65847686,1,200,-0.957124,2.136117,-2.459325,0.565390,0.481679,0.527952,-0.411808,0.0117,0.0011,0.0281,0
1784730817.701716,628938.343000,controller,LHR-65847686,1,200,-0.956996,2.136095,-2.459168,0.564746,0.482047,0.527658,-0.412638,0.0121,-0.0036,0.0169,0
1784730817.722214,628938.375000,controller,LHR-65847686,1,200,-0.956593,2.135966,-2.458945,0.563195,0.481533,0.527290,-0.415816,0.0124,-0.0105,0.0040,0
1784730817.722214,628938.375000,controller,LHR-65847686,1,200,-0.956590,2.135964,-2.458944,0.563179,0.481521,0.527288,-0.415853,0.0124,-0.0105,0.0040,0
1784730817.732715,628938.375000,controller,LHR-65847686,1,200,-0.956497,2.135814,-2.458859,0.562223,0.480908,0.527375,-0.417743,0.0093,-0.0123,0.0026,0
1784730817.753214,628938.406000,controller,LHR-65847686,1,200,-0.956300,2.135652,-2.458802,0.560675,0.479596,0.527924,-0.420628,-0.0064,-0.0128,0.0042,0
1784730817.753214,628938.406000,controller,LHR-65847686,1,200,-0.956301,2.135650,-2.458802,0.560665,0.479589,0.527928,-0.420644,-0.0064,-0.0128,0.0042,0
1784730817.763714,628938.406000,controller,LHR-65847686,1,200,-0.956436,2.135501,-2.458759,0.560259,0.479241,0.528112,-0.421349,-0.0131,-0.0146,0.0034,0
1784730817.784217,628938.437000,controller,LHR-65847686,1,200,-0.956669,2.135092,-2.458888,0.560588,0.478530,0.528093,-0.421743,-0.0246,-0.0164,-0.0023,0
1784730817.784217,628938.437000,controller,LHR-65847686,1,200,-0.956674,2.135089,-2.458888,0.560594,0.478523,0.528093,-0.421744,-0.0246,-0.0164,-0.0023,0
1784730817.794714,628938.437000,controller,LHR-65847686,1,200,-0.956781,2.134855,-2.458891,0.561118,0.478044,0.527926,-0.421799,-0.0282,-0.0177,-0.0044,0
1784730817.815215,628938.468000,controller,LHR-65847686,1,200,-0.957246,2.134429,-2.458949,0.562153,0.477991,0.527501,-0.421012,-0.0283,-0.0209,-0.0003,0
1784730817.815215,628938.468000,controller,LHR-65847686,1,200,-0.957250,2.134426,-2.458949,0.562160,0.477993,0.527498,-0.421004,-0.0283,-0.0209,-0.0003,0
1784730817.825714,628938.468000,controller,LHR-65847686,1,200,-0.957539,2.134233,-2.458910,0.562392,0.478458,0.527419,-0.420265,-0.0289,-0.0214,0.0049,0
1784730817.846214,628938.500000,controller,LHR-65847686,1,200,-0.958112,2.133706,-2.458431,0.562451,0.479721,0.527446,-0.418710,-0.0297,-0.0234,0.0130,0
1784730817.846214,628938.500000,controller,LHR-65847686,1,200,-0.958117,2.133703,-2.458428,0.562450,0.479731,0.527446,-0.418699,-0.0297,-0.0234,0.0130,0
1784730817.856714,628938.500000,controller,LHR-65847686,1,200,-0.958333,2.133556,-2.458305,0.562391,0.480237,0.527400,-0.418256,-0.0289,-0.0219,0.0104,0
1784730817.877216,628938.531000,controller,LHR-65847686,1,200,-0.958710,2.133118,-2.458411,0.562399,0.480376,0.527406,-0.418078,-0.0247,-0.0194,-0.0038,0
1784730817.877216,628938.531000,controller,LHR-65847686,1,200,-0.958714,2.133114,-2.458412,0.562401,0.480372,0.527407,-0.418079,-0.0247,-0.0194,-0.0038,0
1784730817.887714,628938.531000,controller,LHR-65847686,1,200,-0.958998,2.132841,-2.458389,0.562565,0.480099,0.527470,-0.418093,-0.0254,-0.0199,-0.0049,0
1784730817.908215,628938.546000,controller,LHR-65847686,1,200,-0.959429,2.132518,-2.458487,0.562970,0.479671,0.527591,-0.417885,-0.0231,-0.0149,-0.0023,0
1784730817.923715,628938.562000,controller,LHR-65847686,1,200,-0.959626,2.132410,-2.458412,0.562843,0.479664,0.527869,-0.417713,-0.0194,-0.0097,0.0017,0
1784730817.933214,628938.578000,controller,LHR-65847686,1,200,-0.959557,2.132258,-2.458442,0.562775,0.479828,0.527919,-0.417555,-0.0135,-0.0081,-0.0002,0
1784730817.936716,628938.578000,controller,LHR-65847686,1,200,-0.959604,2.132230,-2.458443,0.562737,0.479866,0.527952,-0.417520,-0.0135,-0.0081,-0.0002,0
1784730817.950215,628938.593000,controller,LHR-65847686,1,200,-0.959762,2.132186,-2.458526,0.562940,0.479917,0.527875,-0.417285,-0.0110,-0.0024,-0.0069,0
1784730817.958714,628938.609000,controller,LHR-65847686,1,200,-0.959685,2.132049,-2.458705,0.563267,0.479789,0.527740,-0.417161,-0.0082,-0.0010,-0.0111,0
1784730817.961216,628938.609000,controller,LHR-65847686,1,200,-0.959706,2.132053,-2.458738,0.563417,0.479741,0.527690,-0.417076,-0.0076,0.0008,-0.0118,0
1784730817.973717,628938.625000,controller,LHR-65847686,1,200,-0.959796,2.132150,-2.458745,0.564086,0.479640,0.527459,-0.416580,-0.0059,0.0054,-0.0094,0
1784730817.980217,628938.625000,controller,LHR-65847686,1,200,-0.959824,2.132194,-2.458791,0.564417,0.479654,0.527308,-0.416307,-0.0048,0.0067,-0.0077,0
1784730817.996715,628938.640000,controller,LHR-65847686,1,200,-0.959659,2.132356,-2.458862,0.564608,0.480159,0.526897,-0.415987,0.0036,0.0101,-0.0007,0
1784730818.008216,628938.656000,controller,LHR-65847686,1,200,-0.959539,2.132478,-2.458812,0.564030,0.480680,0.526827,-0.416258,0.0104,0.0114,0.0036,0
1784730818.013717,628938.656000,controller,LHR-65847686,1,200,-0.959442,2.132566,-2.458777,0.563717,0.480824,0.526878,-0.416451,0.0149,0.0132,0.0054,0
1784730818.029216,628938.671000,controller,LHR-65847686,1,200,-0.959001,2.132709,-2.458726,0.562762,0.481352,0.526969,-0.417017,0.0209,0.0142,0.0039,0
1784730818.039716,628938.687000,controller,LHR-65847686,1,200,-0.958793,2.132872,-2.458706,0.562254,0.481537,0.527037,-0.417403,0.0204,0.0160,0.0022,0
1784730818.044214,628938.687000,controller,LHR-65847686,1,200,-0.958708,2.132957,-2.458711,0.562140,0.481569,0.527031,-0.417526,0.0195,0.0173,0.0006,0
1784730818.058717,628938.703000,controller,LHR-65847686,1,200,-0.958275,2.133139,-2.458823,0.562127,0.481699,0.526819,-0.417660,0.0175,0.0184,-0.0063,0
1784730818.067215,628938.718000,controller,LHR-65847686,1,200,-0.958102,2.133349,-2.458912,0.562199,0.481773,0.526651,-0.417691,0.0169,0.0196,-0.0083,0
1784730818.070715,628938.718000,controller,LHR-65847686,1,200,-0.957924,2.133424,-2.458893,0.562265,0.481723,0.526604,-0.417719,0.0183,0.0201,-0.0076,0
1784730818.084216,628938.734000,controller,LHR-65847686,1,200,-0.957677,2.133716,-2.458981,0.562420,0.481975,0.526346,-0.417545,0.0185,0.0220,-0.0067,0
1784730818.091716,628938.734000,controller,LHR-65847686,1,200,-0.957412,2.133960,-2.458999,0.562449,0.482046,0.526294,-0.417489,0.0202,0.0238,-0.0058,0
1784730818.109216,628938.750000,controller,LHR-65847686,1,200,-0.957048,2.134328,-2.459061,0.562341,0.482153,0.526334,-0.417462,0.0216,0.0240,-0.0061,0
1784730818.120715,628938.765000,controller,LHR-65847686,1,200,-0.956701,2.134615,-2.459150,0.562231,0.481768,0.526454,-0.417901,0.0224,0.0243,-0.0104,0
1784730818.127214,628938.781000,controller,LHR-65847686,1,200,-0.956550,2.134737,-2.459213,0.561999,0.481760,0.526492,-0.418174,0.0224,0.0237,-0.0137,0
1784730818.127715,628938.781000,controller,LHR-65847686,1,200,-0.956539,2.134748,-2.459220,0.561987,0.481750,0.526495,-0.418198,0.0224,0.0237,-0.0137,0
1784730818.138215,628938.781000,controller,LHR-65847686,1,200,-0.956068,2.134990,-2.459405,0.561668,0.481791,0.526265,-0.418869,0.0265,0.0245,-0.0185,0
1784730818.158714,628938.812000,controller,LHR-65847686,1,200,-0.955363,2.135534,-2.459832,0.561379,0.482138,0.525412,-0.419926,0.0280,0.0248,-0.0238,0
1784730818.158714,628938.812000,controller,LHR-65847686,1,200,-0.955357,2.135539,-2.459837,0.561377,0.482143,0.525401,-0.419938,0.0280,0.0248,-0.0238,0
1784730818.169215,628938.812000,controller,LHR-65847686,1,200,-0.955061,2.135818,-2.460121,0.561403,0.482445,0.524759,-0.420359,0.0275,0.0233,-0.0253,0
1784730818.189715,628938.843000,controller,LHR-65847686,1,200,-0.954315,2.136130,-2.460799,0.561527,0.482244,0.523826,-0.421585,0.0205,0.0162,-0.0262,0
1784730818.189715,628938.843000,controller,LHR-65847686,1,200,-0.954310,2.136133,-2.460805,0.561528,0.482239,0.523820,-0.421597,0.0205,0.0162,-0.0262,0
1784730818.200215,628938.843000,controller,LHR-65847686,1,200,-0.954155,2.136287,-2.461061,0.561451,0.481827,0.523834,-0.422153,0.0153,0.0150,-0.0253,0
1784730818.220716,628938.859000,controller,LHR-65847686,1,200,-0.953904,2.136769,-2.461345,0.561525,0.481228,0.524209,-0.422273,0.0061,0.0176,-0.0167,0
1784730818.235215,628938.875000,controller,LHR-65847686,1,200,-0.953706,2.136940,-2.461581,0.561952,0.480957,0.524277,-0.421928,0.0048,0.0165,-0.0159,0
1784730818.243716,628938.890000,controller,LHR-65847686,1,200,-0.953673,2.137075,-2.461730,0.562313,0.480743,0.524244,-0.421733,0.0038,0.0160,-0.0169,0
1784730818.247215,628938.890000,controller,LHR-65847686,1,200,-0.953633,2.137154,-2.461815,0.562421,0.480634,0.524173,-0.421801,0.0050,0.0159,-0.0171,0
1784730818.260715,628938.906000,controller,LHR-65847686,1,200,-0.953363,2.137332,-2.462037,0.562582,0.480388,0.523970,-0.422119,0.0109,0.0135,-0.0173,0
1784730818.268214,628938.921000,controller,LHR-65847686,1,200,-0.953282,2.137424,-2.462146,0.562509,0.480418,0.523893,-0.422277,0.0120,0.0131,-0.0163,0
1784730818.270716,628938.921000,controller,LHR-65847686,1,200,-0.953169,2.137474,-2.462132,0.562416,0.480540,0.523862,-0.422301,0.0146,0.0129,-0.0139,0
1784730818.283214,628938.921000,controller,LHR-65847686,1,200,-0.952951,2.137627,-2.462231,0.561866,0.481525,0.523527,-0.422327,0.0163,0.0123,-0.0086,0
1784730818.305714,628938.953000,controller,LHR-65847686,1,200,-0.952411,2.137702,-2.462218,0.561131,0.484898,0.522092,-0.421220,0.0152,0.0086,-0.0003,0
1784730818.306216,628938.953000,controller,LHR-65847686,1,200,-0.952404,2.137707,-2.462218,0.561118,0.484970,0.522060,-0.421193,0.0152,0.0086,-0.0003,0
1784730818.316716,628938.968000,controller,LHR-65847686,1,200,-0.952178,2.137709,-2.462441,0.560940,0.485908,0.521539,-0.420995,0.0098,0.0059,-0.0062,0
1784730818.322215,628938.968000,controller,LHR-65847686,1,200,-0.952137,2.137723,-2.462481,0.560877,0.486285,0.521329,-0.420905,0.0075,0.0046,-0.0081,0
1784730818.337716,628938.984000,controller,LHR-65847686,1,200,-0.951917,2.137713,-2.462720,0.560764,0.486204,0.521209,-0.421295,0.0006,-0.0001,-0.0167,0
1784730818.347218,628939.000000,controller,LHR-65847686,1,200,-0.951945,2.137661,-2.462861,0.560768,0.485918,0.521340,-0.421458,-0.0040,-0.0027,-0.0188,0
1784730818.350714,628939.000000,controller,LHR-65847686,1,200,-0.951864,2.137659,-2.462819,0.560834,0.485886,0.521317,-0.421437,-0.0047,-0.0036,-0.0178,0
1784730818.364217,628939.015000,controller,LHR-65847686,1,200,-0.951994,2.137570,-2.463044,0.561091,0.485485,0.521418,-0.421431,-0.0111,-0.0063,-0.0185,0
1784730818.372715,628939.015000,controller,LHR-65847686,1,200,-0.952087,2.137455,-2.463323,0.561315,0.485249,0.521498,-0.421305,-0.0144,-0.0081,-0.0198,0
1784730818.391215,628939.031000,controller,LHR-65847686,1,200,-0.952246,2.137244,-2.463750,0.561646,0.485275,0.521249,-0.421142,-0.0177,-0.0123,-0.0235,0
1784730818.403715,628939.046000,controller,LHR-65847686,1,200,-0.952503,2.137088,-2.464111,0.562000,0.485023,0.521056,-0.421201,-0.0203,-0.0138,-0.0279,0
1784730818.411214,628939.062000,controller,LHR-65847686,1,200,-0.952611,2.136924,-2.464211,0.562340,0.484739,0.520938,-0.421218,-0.0206,-0.0156,-0.0278,0
1784730818.412714,628939.062000,controller,LHR-65847686,1,200,-0.952645,2.136900,-2.464252,0.562429,0.484677,0.520916,-0.421200,-0.0208,-0.0159,-0.0275,0
1784730818.424215,628939.078000,controller,LHR-65847686,1,200,-0.952908,2.136673,-2.464512,0.562988,0.484397,0.520731,-0.421002,-0.0226,-0.0171,-0.0255,0
1784730818.429715,628939.078000,controller,LHR-65847686,1,200,-0.952886,2.136605,-2.464590,0.563258,0.484228,0.520669,-0.420913,-0.0218,-0.0173,-0.0219,0
1784730818.445217,628939.093000,controller,LHR-65847686,1,200,-0.953231,2.136322,-2.464878,0.563681,0.483880,0.520771,-0.420619,-0.0229,-0.0185,-0.0185,0
1784730818.455715,628939.109000,controller,LHR-65847686,1,200,-0.953324,2.136133,-2.465065,0.563545,0.483703,0.520927,-0.420813,-0.0201,-0.0192,-0.0179,0
1784730818.460215,628939.109000,controller,LHR-65847686,1,200,-0.953401,2.136046,-2.465153,0.563439,0.483697,0.520940,-0.420947,-0.0196,-0.0196,-0.0198,0
1784730818.474715,628939.125000,controller,LHR-65847686,1,200,-0.953663,2.135788,-2.465531,0.563376,0.483605,0.520826,-0.421278,-0.0208,-0.0207,-0.0252,0
1784730818.483217,628939.125000,controller,LHR-65847686,1,200,-0.953874,2.135570,-2.465752,0.563368,0.483810,0.520455,-0.421510,-0.0238,-0.0222,-0.0285,0
1784730818.501716,628939.140000,controller,LHR-65847686,1,200,-0.954271,2.135159,-2.466383,0.563536,0.483910,0.519563,-0.422271,-0.0302,-0.0233,-0.0349,0
1784730818.515215,628939.156000,controller,LHR-65847686,1,200,-0.954545,2.134822,-2.466768,0.563963,0.483401,0.518983,-0.422997,-0.0335,-0.0240,-0.0325,0
1784730818.522717,628939.171000,controller,LHR-65847686,1,200,-0.954825,2.134636,-2.466973,0.564316,0.482938,0.518776,-0.423308,-0.0364,-0.0252,-0.0280,0
1784730818.525218,628939.171000,controller,LHR-65847686,1,200,-0.954865,2.134602,-2.467001,0.564435,0.482731,0.518787,-0.423373,-0.0372,-0.0254,-0.0246,0
1784730818.537718,628939.187000,controller,LHR-65847686,1,200,-0.955268,2.134166,-2.467307,0.564927,0.481605,0.519008,-0.423726,-0.0395,-0.0284,-0.0143,0
1784730818.544214,628939.187000,controller,LHR-65847686,1,200,-0.955504,2.133984,-2.467354,0.565067,0.481190,0.519262,-0.423701,-0.0400,-0.0290,-0.0095,0
1784730818.560715,628939.203000,controller,LHR-65847686,1,200,-0.956096,2.133421,-2.467372,0.564987,0.480303,0.520401,-0.423417,-0.0383,-0.0308,0.0091,0
1784730818.571215,628939.218000,controller,LHR-65847686,1,200,-0.956380,2.133073,-2.467288,0.564671,0.480310,0.521003,-0.423089,-0.0350,-0.0301,0.0140,0
1784730818.577215,628939.218000,controller,LHR-65847686,1,200,-0.956574,2.132907,-2.467194,0.564446,0.480516,0.521283,-0.422811,-0.0345,-0.0290,0.0151,0
1784730818.592716,628939.234000,controller,LHR-65847686,1,200,-0.957013,2.132479,-2.467015,0.564014,0.481597,0.521457,-0.421942,-0.0298,-0.0257,0.0134,0
1784730818.602215,628939.250000,controller,LHR-65847686,1,200,-0.957305,2.132190,-2.466869,0.563751,0.482398,0.521355,-0.421503,-0.0282,-0.0255,0.0104,0
1784730818.605714,628939.250000,controller,LHR-65847686,1,200,-0.957393,2.132108,-2.466845,0.563693,0.482642,0.521273,-0.421403,-0.0272,-0.0250,0.0092,0
1784730818.619215,628939.265000,controller,LHR-65847686,1,200,-0.957580,2.131898,-2.466561,0.563515,0.483266,0.521077,-0.421170,-0.0247,-0.0216,0.0070,0
1784730818.627716,628939.281000,controller,LHR-65847686,1,200,-0.957795,2.131681,-2.466486,0.563326,0.483473,0.521080,-0.421182,-0.0236,-0.0210,0.0048,0
1784730818.630215,628939.281000,controller,LHR-65847686,1,200,-0.957736,2.131618,-2.466443,0.563274,0.483442,0.521131,-0.421224,-0.0221,-0.0210,0.0043,0
1784730818.642718,628939.281000,controller,LHR-65847686,1,200,-0.958008,2.131371,-2.466385,0.562971,0.483404,0.521402,-0.421337,-0.0209,-0.0191,0.0050,0
1784730818.665215,628939.312000,controller,LHR-65847686,1,200,-0.958389,2.131011,-2.466240,0.562654,0.483654,0.521840,-0.420930,-0.0202,-0.0147,0.0038,0
1784730818.666716,628939.312000,controller,LHR-65847686,1,200,-0.958419,2.130989,-2.466234,0.562629,0.483658,0.521880,-0.420910,-0.0202,-0.0147,0.0038,0
1784730818.678215,628939.328000,controller,LHR-65847686,1,200,-0.958484,2.130813,-2.466262,0.562384,0.483494,0.522062,-0.421200,-0.0173,-0.0140,-0.0018,0
1784730818.683715,628939.328000,controller,LHR-65847686,1,200,-0.958570,2.130738,-2.466288,0.562277,0.483415,0.522107,-0.421377,-0.0164,-0.0139,-0.0036,0
1784730818.699215,628939.343000,controller,LHR-65847686,1,200,-0.958733,2.130511,-2.466424,0.561967,0.482928,0.522188,-0.422249,-0.0119,-0.0121,-0.0113,0
1784730818.709715,628939.359000,controller,LHR-65847686,1,200,-0.958766,2.130471,-2.466531,0.561778,0.482579,0.522194,-0.422890,-0.0088,-0.0084,-0.0129,0
1784730818.714214,628939.359000,controller,LHR-65847686,1,200,-0.958723,2.130357,-2.466587,0.561693,0.482511,0.522143,-0.423144,-0.0069,-0.0087,-0.0127,0
1784730818.728715,628939.375000,controller,LHR-65847686,1,200,-0.958791,2.130275,-2.466747,0.561380,0.482539,0.521959,-0.423754,-0.0056,-0.0062,-0.0110,0
1784730818.737216,628939.390000,controller,LHR-65847686,1,200,-0.958660,2.130193,-2.466864,0.561135,0.482660,0.521811,-0.424123,-0.0030,-0.0048,-0.0091,0
1784730818.740722,628939.390000,controller,LHR-65847686,1,200,-0.958670,2.130177,-2.466894,0.561034,0.482767,0.521743,-0.424218,-0.0031,-0.0045,-0.0090,0
1784730818.754214,628939.406000,controller,LHR-65847686,1,200,-0.958674,2.130072,-2.467033,0.560635,0.483050,0.521533,-0.424681,-0.0039,-0.0049,-0.0107,0
1784730818.761714,628939.406000,controller,LHR-65847686,1,200,-0.958716,2.130034,-2.467136,0.560408,0.483168,0.521380,-0.425034,-0.0061,-0.0050,-0.0133,0
1784730818.779216,628939.421000,controller,LHR-65847686,1,200,-0.958769,2.129904,-2.467462,0.560126,0.482995,0.521027,-0.426036,-0.0100,-0.0054,-0.0192,0
1784730818.791714,628939.437000,controller,LHR-65847686,1,200,-0.958810,2.129830,-2.467687,0.560307,0.482443,0.520820,-0.426674,-0.0137,-0.0047,-0.0215,0
1784730818.798215,628939.437000,controller,LHR-65847686,1,200,-0.958932,2.129800,-2.467829,0.560564,0.482084,0.520740,-0.426841,-0.0168,-0.0046,-0.0215,0
1784730818.814715,628939.468000,controller,LHR-65847686,1,200,-0.959129,2.129708,-2.468091,0.561215,0.481312,0.520781,-0.426806,-0.0206,-0.0047,-0.0156,0
1784730818.814715,628939.468000,controller,LHR-65847686,1,200,-0.959133,2.129707,-2.468094,0.561225,0.481303,0.520781,-0.426803,-0.0206,-0.0047,-0.0156,0
1784730818.825216,628939.468000,controller,LHR-65847686,1,200,-0.959331,2.129659,-2.468208,0.561590,0.481051,0.520870,-0.426498,-0.0204,-0.0056,-0.0105,0
1784730818.845715,628939.484000,controller,LHR-65847686,1,200,-0.959554,2.129481,-2.468341,0.561798,0.480900,0.521141,-0.426064,-0.0167,-0.0079,-0.0044,0
1784730818.860215,628939.500000,controller,LHR-65847686,1,200,-0.959676,2.129347,-2.468377,0.561554,0.481017,0.521248,-0.426123,-0.0133,-0.0084,-0.0028,0
1784730818.868716,628939.515000,controller,LHR-65847686,1,200,-0.959677,2.129357,-2.468406,0.561510,0.481168,0.521104,-0.426186,-0.0110,-0.0074,-0.0036,0
1784730818.872215,628939.515000,controller,LHR-65847686,1,200,-0.959671,2.129281,-2.468436,0.561412,0.481180,0.521102,-0.426305,-0.0104,-0.0081,-0.0037,0
1784730818.885715,628939.531000,controller,LHR-65847686,1,200,-0.959819,2.129170,-2.468498,0.561270,0.481379,0.520875,-0.426544,-0.0119,-0.0099,-0.0034,0
1784730818.893214,628939.546000,controller,LHR-65847686,1,200,-0.959782,2.129082,-2.468493,0.561134,0.481388,0.520820,-0.426780,-0.0129,-0.0113,-0.0023,0
1784730818.895714,628939.546000,controller,LHR-65847686,1,200,-0.959814,2.129054,-2.468499,0.561108,0.481396,0.520801,-0.426828,-0.0129,-0.0113,-0.0023,0
1784730818.908215,628939.546000,controller,LHR-65847686,1,200,-0.960032,2.128840,-2.468472,0.560882,0.481290,0.520955,-0.427056,-0.0172,-0.0142,-0.0004,0
1784730818.930716,628939.578000,controller,LHR-65847686,1,200,-0.960408,2.128476,-2.468424,0.560522,0.480875,0.521651,-0.427146,-0.0256,-0.0186,0.0013,0
1784730818.931214,628939.578000,controller,LHR-65847686,1,200,-0.960420,2.128467,-2.468424,0.560516,0.480867,0.521668,-0.427144,-0.0256,-0.0186,0.0013,0
1784730818.941716,628939.593000,controller,LHR-65847686,1,200,-0.960726,2.128242,-2.468408,0.560467,0.480890,0.521928,-0.426864,-0.0299,-0.0221,0.0009,0
1784730818.947216,628939.593000,controller,LHR-65847686,1,200,-0.960876,2.128151,-2.468436,0.560476,0.481014,0.521960,-0.426673,-0.0312,-0.0230,-0.0003,0
1784730818.962716,628939.609000,controller,LHR-65847686,1,200,-0.961309,2.127676,-2.468550,0.560560,0.481352,0.521923,-0.426226,-0.0367,-0.0297,-0.0064,0
1784730818.972214,628939.625000,controller,LHR-65847686,1,200,-0.961577,2.127333,-2.468659,0.560630,0.481505,0.521843,-0.426060,-0.0399,-0.0341,-0.0108,0
1784730818.975715,628939.625000,controller,LHR-65847686,1,200,-0.961731,2.127200,-2.468717,0.560655,0.481560,0.521797,-0.426020,-0.0422,-0.0362,-0.0134,0
1784730818.989215,628939.640000,controller,LHR-65847686,1,200,-0.962256,2.126654,-2.468995,0.560816,0.481547,0.521659,-0.425993,-0.0498,-0.0460,-0.0231,0
1784730818.997716,628939.640000,controller,LHR-65847686,1,200,-0.962718,2.126228,-2.469222,0.561044,0.481377,0.521559,-0.426007,-0.0550,-0.0515,-0.0268,0
1784730819.016215,628939.656000,controller,LHR-65847686,1,200,-0.963739,2.125108,-2.469831,0.561860,0.480481,0.521479,-0.426042,-0.0662,-0.0632,-0.0349,0
1784730819.028717,628939.671000,controller,LHR-65847686,1,200,-0.964678,2.124185,-2.470296,0.562364,0.479570,0.521752,-0.426068,-0.0754,-0.0725,-0.0396,0
1784730819.036215,628939.687000,controller,LHR-65847686,1,200,-0.965149,2.123570,-2.470557,0.562628,0.479057,0.521866,-0.426157,-0.0814,-0.0819,-0.0421,0
1784730819.038215,628939.687000,controller,LHR-65847686,1,200,-0.965287,2.123431,-2.470628,0.562696,0.478941,0.521893,-0.426164,-0.0814,-0.0819,-0.0421,0
1784730819.049715,628939.703000,controller,LHR-65847686,1,200,-0.966184,2.122482,-2.471130,0.563127,0.478291,0.521876,-0.426347,-0.0882,-0.0910,-0.0473,0
1784730819.055216,628939.703000,controller,LHR-65847686,1,200,-0.966678,2.121964,-2.471405,0.563305,0.478021,0.521839,-0.426460,-0.0905,-0.0941,-0.0495,0
1784730819.070715,628939.718000,controller,LHR-65847686,1,200,-0.968093,2.120410,-2.472214,0.563884,0.477080,0.521602,-0.427037,-0.1004,-0.1064,-0.0591,0
1784730819.081217,628939.734000,controller,LHR-65847686,1,200,-0.969215,2.119218,-2.472912,0.564448,0.476171,0.521331,-0.427636,-0.1069,-0.1136,-0.0655,0
1784730819.085715,628939.734000,controller,LHR-65847686,1,200,-0.969748,2.118665,-2.473247,0.564774,0.475778,0.521191,-0.427814,-0.1141,-0.1221,-0.0714,0
1784730819.100214,628939.750000,controller,LHR-65847686,1,200,-0.971345,2.116721,-2.474281,0.565946,0.474332,0.520743,-0.428417,-0.1217,-0.1353,-0.0763,0
1784730819.108716,628939.750000,controller,LHR-65847686,1,200,-0.972483,2.115541,-2.474949,0.566757,0.473712,0.520428,-0.428414,-0.1344,-0.1453,-0.0777,0
1784730819.127215,628939.781000,controller,LHR-65847686,1,200,-0.975156,2.112629,-2.476355,0.568469,0.472563,0.519743,-0.428246,-0.1502,-0.1616,-0.0784,0
1784730819.127215,628939.781000,controller,LHR-65847686,1,200,-0.975185,2.112598,-2.476370,0.568487,0.472551,0.519736,-0.428244,-0.1502,-0.1616,-0.0784,0
1784730819.137715,628939.781000,controller,LHR-65847686,1,200,-0.976793,2.110807,-2.477226,0.569374,0.471871,0.519325,-0.428313,-0.1620,-0.1757,-0.0812,0
1784730819.158218,628939.796000,controller,LHR-65847686,1,200,-0.980235,2.106875,-2.479131,0.570824,0.470165,0.518310,-0.429488,-0.1810,-0.1995,-0.0929,0
1784730819.173715,628939.812000,controller,LHR-65847686,1,200,-0.983087,2.103513,-2.480674,0.571513,0.467771,0.517937,-0.431630,-0.1961,-0.2214,-0.1049,0
1784730819.183214,628939.828000,controller,LHR-65847686,1,200,-0.985016,2.101324,-2.481702,0.571930,0.465942,0.517791,-0.433227,-0.2041,-0.2325,-0.1080,0
1784730819.186714,628939.828000,controller,LHR-65847686,1,200,-0.985749,2.100522,-2.482086,0.572133,0.465416,0.517739,-0.433588,-0.2079,-0.2374,-0.1086,0
1784730819.200215,628939.843000,controller,LHR-65847686,1,200,-0.988658,2.097199,-2.483529,0.573207,0.463123,0.517489,-0.434921,-0.2194,-0.2525,-0.1067,0
1784730819.208714,628939.859000,controller,LHR-65847686,1,200,-0.990451,2.094990,-2.484426,0.574085,0.462129,0.517215,-0.435146,-0.2252,-0.2614,-0.1026,0
1784730819.211215,628939.859000,controller,LHR-65847686,1,200,-0.991046,2.094315,-2.484648,0.574407,0.462001,0.517148,-0.434937,-0.2296,-0.2650,-0.0989,0
1784730819.223714,628939.875000,controller,LHR-65847686,1,200,-0.994075,2.090913,-2.485712,0.576081,0.461696,0.516719,-0.433554,-0.2433,-0.2734,-0.0858,0
1784730819.230216,628939.875000,controller,LHR-65847686,1,200,-0.995700,2.089117,-2.486281,0.576963,0.461703,0.516464,-0.432676,-0.2536,-0.2799,-0.0781,0
1784730819.246715,628939.890000,controller,LHR-65847686,1,200,-1.000070,2.084262,-2.487465,0.578878,0.462057,0.516003,-0.430284,-0.2693,-0.2963,-0.0711,0
1784730819.258215,628939.906000,controller,LHR-65847686,1,200,-1.003174,2.080738,-2.488238,0.579996,0.461425,0.516112,-0.429324,-0.2787,-0.3081,-0.0721,0
1784730819.263716,628939.906000,controller,LHR-65847686,1,200,-1.004740,2.079000,-2.488651,0.580492,0.460949,0.516244,-0.429007,-0.2822,-0.3125,-0.0744,0
1784730819.279215,628939.921000,controller,LHR-65847686,1,200,-1.009278,2.073972,-2.489894,0.582194,0.458275,0.517018,-0.428633,-0.2945,-0.3346,-0.0825,0
1784730819.289714,628939.937000,controller,LHR-65847686,1,200,-1.012496,2.070320,-2.490716,0.583719,0.456616,0.517479,-0.427773,-0.3002,-0.3450,-0.0819,0
1784730819.294215,628939.937000,controller,LHR-65847686,1,200,-1.013874,2.068732,-2.491073,0.584491,0.455919,0.517635,-0.427273,-0.3020,-0.3489,-0.0800,0
1784730819.308714,628939.953000,controller,LHR-65847686,1,200,-1.018301,2.063544,-2.492232,0.587180,0.454460,0.517932,-0.424773,-0.3104,-0.3603,-0.0730,0
1784730819.317215,628939.968000,controller,LHR-65847686,1,200,-1.020952,2.060438,-2.492831,0.588697,0.453949,0.518038,-0.423087,-0.3126,-0.3662,-0.0712,0
1784730819.320715,628939.968000,controller,LHR-65847686,1,200,-1.022044,2.059141,-2.493073,0.589243,0.453792,0.518101,-0.422418,-0.3130,-0.3695,-0.0704,0
1784730819.334215,628939.984000,controller,LHR-65847686,1,200,-1.026184,2.054014,-2.494043,0.590993,0.453202,0.518425,-0.420203,-0.3109,-0.3823,-0.0713,0
1784730819.341714,628939.984000,controller,LHR-65847686,1,200,-1.028498,2.051079,-2.494595,0.591914,0.452949,0.518494,-0.419093,-0.3089,-0.3918,-0.0736,0
1784730819.359215,628940.000000,controller,LHR-65847686,1,200,-1.033872,2.044063,-2.495991,0.594417,0.451991,0.518352,-0.416754,-0.3052,-0.4094,-0.0836,0
1784730819.370714,628940.015000,controller,LHR-65847686,1,200,-1.037319,2.039316,-2.497027,0.596382,0.451234,0.517992,-0.415212,-0.3030,-0.4192,-0.0918,0
1784730819.377217,628940.031000,controller,LHR-65847686,1,200,-1.039389,2.036422,-2.497692,0.597781,0.450736,0.517633,-0.414187,-0.3025,-0.4245,-0.0961,0
1784730819.378216,628940.031000,controller,LHR-65847686,1,200,-1.039602,2.036122,-2.497760,0.597921,0.450686,0.517598,-0.414082,-0.3025,-0.4245,-0.0961,0
1784730819.388714,628940.031000,controller,LHR-65847686,1,200,-1.042807,2.031599,-2.498734,0.600363,0.449883,0.516896,-0.412296,-0.3031,-0.4306,-0.0990,0
1784730819.409217,628940.062000,controller,LHR-65847686,1,200,-1.049004,2.022577,-2.500894,0.605613,0.448140,0.515094,-0.408757,-0.2974,-0.4426,-0.1030,0
1784730819.409716,628940.062000,controller,LHR-65847686,1,200,-1.049121,2.022403,-2.500934,0.605713,0.448107,0.515057,-0.408691,-0.2974,-0.4426,-0.1030,0
1784730819.420215,628940.062000,controller,LHR-65847686,1,200,-1.052179,2.017634,-2.502011,0.608162,0.447411,0.514082,-0.407041,-0.2867,-0.4544,-0.1022,0
1784730819.440715,628940.093000,controller,LHR-65847686,1,200,-1.057759,2.008059,-2.504021,0.612164,0.447737,0.511978,-0.403318,-0.2658,-0.4639,-0.0913,0
1784730819.440715,628940.093000,controller,LHR-65847686,1,200,-1.057811,2.007968,-2.504039,0.612199,0.447749,0.511956,-0.403279,-0.2658,-0.4639,-0.0913,0
1784730819.451216,628940.093000,controller,LHR-65847686,1,200,-1.060537,2.003219,-2.504898,0.614253,0.448577,0.510665,-0.400866,-0.2613,-0.4620,-0.0859,0
1784730819.471715,628940.125000,controller,LHR-65847686,1,200,-1.065775,1.993806,-2.506498,0.618656,0.451024,0.507602,-0.395199,-0.2525,-0.4535,-0.0755,0
1784730819.471715,628940.125000,controller,LHR-65847686,1,200,-1.065813,1.993737,-2.506509,0.618691,0.451042,0.507577,-0.395155,-0.2525,-0.4535,-0.0755,0
1784730819.482215,628940.125000,controller,LHR-65847686,1,200,-1.068405,1.989064,-2.507284,0.621173,0.452030,0.505944,-0.392217,-0.2488,-0.4514,-0.0735,0
1784730819.502714,628940.156000,controller,LHR-65847686,1,200,-1.073405,1.979689,-2.508539,0.626129,0.453177,0.503059,-0.386684,-0.2407,-0.4578,-0.0571,0
1784730819.502714,628940.156000,controller,LHR-65847686,1,200,-1.073445,1.979612,-2.508548,0.626169,0.453185,0.503036,-0.386639,-0.2407,-0.4578,-0.0571,0
1784730819.513214,628940.156000,controller,LHR-65847686,1,200,-1.075881,1.974830,-2.509109,0.628149,0.453545,0.501904,-0.384471,-0.2383,-0.4587,-0.0461,0
1784730819.533716,628940.187000,controller,LHR-65847686,1,200,-1.080806,1.965480,-2.510027,0.631270,0.452464,0.500905,-0.381928,-0.2413,-0.4490,-0.0341,0
1784730819.533716,628940.187000,controller,LHR-65847686,1,200,-1.080857,1.965386,-2.510034,0.631299,0.452445,0.500900,-0.381908,-0.2413,-0.4490,-0.0341,0
1784730819.544215,628940.187000,controller,LHR-65847686,1,200,-1.083366,1.960868,-2.510460,0.632923,0.450947,0.500791,-0.381135,-0.2435,-0.4431,-0.0322,0
1784730819.564713,628940.218000,controller,LHR-65847686,1,200,-1.088362,1.951891,-2.511120,0.636550,0.447280,0.501284,-0.378761,-0.2409,-0.4381,-0.0222,0
1784730819.564713,628940.218000,controller,LHR-65847686,1,200,-1.088397,1.951828,-2.511123,0.636580,0.447253,0.501285,-0.378739,-0.2409,-0.4381,-0.0222,0
1784730819.575215,628940.218000,controller,LHR-65847686,1,200,-1.090774,1.947301,-2.511209,0.638661,0.445961,0.501598,-0.376339,-0.2334,-0.4379,-0.0063,0
1784730819.595714,628940.234000,controller,LHR-65847686,1,200,-1.095473,1.938430,-2.510908,0.643111,0.444760,0.501730,-0.369952,-0.2303,-0.4257,0.0230,0
1784730819.610217,628940.250000,controller,LHR-65847686,1,200,-1.098822,1.932468,-2.510365,0.645315,0.443975,0.502444,-0.366067,-0.2281,-0.4034,0.0419,0
1784730819.618715,628940.265000,controller,LHR-65847686,1,200,-1.100725,1.929137,-2.509968,0.646298,0.443258,0.502975,-0.364468,-0.2255,-0.3920,0.0481,0
1784730819.622216,628940.265000,controller,LHR-65847686,1,200,-1.101510,1.927744,-2.509774,0.646701,0.442831,0.503148,-0.364035,-0.2236,-0.3875,0.0501,0
1784730819.635716,628940.281000,controller,LHR-65847686,1,200,-1.104371,1.922559,-2.509134,0.647949,0.440407,0.504278,-0.363190,-0.2139,-0.3735,0.0515,0
1784730819.643214,628940.296000,controller,LHR-65847686,1,200,-1.105950,1.919779,-2.508746,0.648559,0.438767,0.504948,-0.363156,-0.2109,-0.3709,0.0526,0
1784730819.645715,628940.296000,controller,LHR-65847686,1,200,-1.106445,1.918804,-2.508615,0.648820,0.438408,0.505096,-0.362919,-0.2086,-0.3693,0.0533,0
1784730819.658215,628940.296000,controller,LHR-65847686,1,200,-1.108976,1.914258,-2.507881,0.649768,0.435560,0.506230,-0.363069,-0.2010,-0.3617,0.0606,0
1784730819.680715,628940.328000,controller,LHR-65847686,1,200,-1.113334,1.906487,-2.506169,0.651702,0.430980,0.508663,-0.361667,-0.1883,-0.3390,0.0865,0
1784730819.681214,628940.328000,controller,LHR-65847686,1,200,-1.113425,1.906323,-2.506127,0.651746,0.430882,0.508719,-0.361624,-0.1883,-0.3390,0.0865,0
1784730819.691715,628940.343000,controller,LHR-65847686,1,200,-1.115426,1.902799,-2.505174,0.652668,0.428985,0.509975,-0.360447,-0.1837,-0.3331,0.0967,0
1784730819.697214,628940.343000,controller,LHR-65847686,1,200,-1.116382,1.900999,-2.504553,0.653003,0.428321,0.510640,-0.359687,-0.1763,-0.3286,0.1075,0
1784730819.712715,628940.359000,controller,LHR-65847686,1,200,-1.118947,1.896009,-2.502752,0.653374,0.426900,0.512538,-0.358000,-0.1585,-0.3244,0.1227,0
1784730819.722214,628940.375000,controller,LHR-65847686,1,200,-1.120372,1.892927,-2.501540,0.653123,0.426445,0.513742,-0.357273,-0.1500,-0.3242,0.1269,0
1784730819.725714,628940.375000,controller,LHR-65847686,1,200,-1.120866,1.891874,-2.501167,0.653039,0.426238,0.514113,-0.357140,-0.1462,-0.3231,0.1270,0
1784730819.739215,628940.390000,controller,LHR-65847686,1,200,-1.122784,1.887543,-2.499428,0.652519,0.425558,0.515678,-0.356644,-0.1405,-0.3220,0.1254,0
1784730819.747715,628940.390000,controller,LHR-65847686,1,200,-1.124010,1.884777,-2.498413,0.652391,0.424918,0.516518,-0.356427,-0.1413,-0.3220,0.1198,0
1784730819.766216,628940.406000,controller,LHR-65847686,1,200,-1.126523,1.878941,-2.496175,0.652724,0.423053,0.518349,-0.355376,-0.1424,-0.3233,0.1114,0
1784730819.778716,628940.421000,controller,LHR-65847686,1,200,-1.128296,1.874805,-2.494798,0.653551,0.421756,0.519505,-0.353705,-0.1394,-0.3335,0.1103,0
1784730819.786216,628940.437000,controller,LHR-65847686,1,200,-1.129296,1.872223,-2.493931,0.654080,0.421185,0.520169,-0.352430,-0.1330,-0.3435,0.1125,0
1784730819.787718,628940.437000,controller,LHR-65847686,1,200,-1.129492,1.871715,-2.493765,0.654189,0.421059,0.520303,-0.352182,-0.1330,-0.3435,0.1125,0
1784730819.799215,628940.453000,controller,LHR-65847686,1,200,-1.130936,1.867611,-2.492374,0.654911,0.420563,0.521349,-0.349875,-0.1256,-0.3564,0.1197,0
1784730819.804714,628940.453000,controller,LHR-65847686,1,200,-1.131557,1.865838,-2.491598,0.654862,0.420490,0.521952,-0.349155,-0.1246,-0.3580,0.1248,0
1784730819.820215,628940.468000,controller,LHR-65847686,1,200,-1.133494,1.860244,-2.489672,0.654441,0.420193,0.524040,-0.347170,-0.1279,-0.3629,0.1207,0
1784730819.830715,628940.484000,controller,LHR-65847686,1,200,-1.134860,1.856522,-2.488448,0.653826,0.419850,0.525640,-0.346325,-0.1298,-0.3648,0.1167,0
1784730819.835215,628940.484000,controller,LHR-65847686,1,200,-1.135457,1.854862,-2.487944,0.653547,0.419722,0.526306,-0.345994,-0.1317,-0.3670,0.1137,0
1784730819.849714,628940.500000,controller,LHR-65847686,1,200,-1.137487,1.849549,-2.486505,0.653408,0.419191,0.527755,-0.344692,-0.1365,-0.3787,0.0935,0
1784730819.858217,628940.500000,controller,LHR-65847686,1,200,-1.138661,1.846233,-2.485816,0.653681,0.418618,0.528405,-0.343871,-0.1366,-0.3900,0.0814,0
1784730819.876714,628940.515000,controller,LHR-65847686,1,200,-1.141128,1.838610,-2.484496,0.655263,0.417038,0.529338,-0.341338,-0.1339,-0.4238,0.0630,0
1784730819.890216,628940.531000,controller,LHR-65847686,1,200,-1.142982,1.832819,-2.483513,0.656715,0.416153,0.529916,-0.338721,-0.1403,-0.4374,0.0609,0
1784730819.897715,628940.546000,controller,LHR-65847686,1,200,-1.144072,1.829506,-2.483073,0.657419,0.415416,0.530535,-0.337287,-0.1454,-0.4436,0.0577,0
1784730819.900215,628940.546000,controller,LHR-65847686,1,200,-1.144451,1.828383,-2.482932,0.657587,0.415100,0.530848,-0.336854,-0.1485,-0.4463,0.0558,0
1784730819.912714,628940.562000,controller,LHR-65847686,1,200,-1.146307,1.822810,-2.482256,0.658256,0.413552,0.532492,-0.334853,-0.1559,-0.4538,0.0521,0
1784730819.919215,628940.562000,controller,LHR-65847686,1,200,-1.147334,1.819844,-2.481928,0.658677,0.412792,0.533344,-0.333604,-0.1579,-0.4565,0.0503,0
1784730819.935716,628940.578000,controller,LHR-65847686,1,200,-1.149963,1.812159,-2.481319,0.660349,0.411393,0.534755,-0.329746,-0.1588,-0.4749,0.0341,0
1784730819.946215,628940.593000,controller,LHR-65847686,1,200,-1.151516,1.807242,-2.480932,0.661512,0.410507,0.535592,-0.327151,-0.1574,-0.4828,0.0277,0
1784730819.951716,628940.593000,controller,LHR-65847686,1,200,-1.152385,1.804497,-2.480805,0.662241,0.410211,0.535850,-0.325621,-0.1558,-0.4901,0.0224,0
1784730819.967215,628940.609000,controller,LHR-65847686,1,200,-1.154790,1.796888,-2.480401,0.664088,0.409806,0.536598,-0.321106,-0.1560,-0.4955,0.0196,0
1784730819.976715,628940.625000,controller,LHR-65847686,1,200,-1.156297,1.792204,-2.480191,0.665109,0.409737,0.537288,-0.317911,-0.1582,-0.4944,0.0202,0
1784730819.980215,628940.625000,controller,LHR-65847686,1,200,-1.156849,1.790476,-2.480121,0.665485,0.409720,0.537527,-0.316740,-0.1582,-0.4944,0.0202,0
1784730819.993716,628940.640000,controller,LHR-65847686,1,200,-1.159055,1.783860,-2.479832,0.666811,0.409504,0.538877,-0.311900,-0.1607,-0.4910,0.0207,0
1784730820.002214,628940.656000,controller,LHR-65847686,1,200,-1.160405,1.779666,-2.479682,0.667684,0.409241,0.539661,-0.309008,-0.1588,-0.4917,0.0174,0
1784730820.004715,628940.656000,controller,LHR-65847686,1,200,-1.160829,1.778452,-2.479660,0.667933,0.409063,0.539942,-0.308213,-0.1574,-0.4925,0.0148,0
1784730820.017215,628940.656000,controller,LHR-65847686,1,200,-1.162693,1.772136,-2.479573,0.669127,0.408154,0.541211,-0.304581,-0.1459,-0.4986,0.0043,0
1784730820.039718,628940.687000,controller,LHR-65847686,1,200,-1.165849,1.760858,-2.479816,0.671641,0.405466,0.542779,-0.299811,-0.1336,-0.5036,-0.0153,0
1784730820.041217,628940.687000,controller,LHR-65847686,1,200,-1.166028,1.760006,-2.479868,0.671790,0.405247,0.542881,-0.299590,-0.1320,-0.5048,-0.0205,0
1784730820.052714,628940.703000,controller,LHR-65847686,1,200,-1.167616,1.754278,-2.480230,0.673231,0.403096,0.543594,-0.297958,-0.1323,-0.5010,-0.0336,0
1784730820.058215,628940.703000,controller,LHR-65847686,1,200,-1.168358,1.751522,-2.480437,0.673979,0.401954,0.543901,-0.297248,-0.1336,-0.4991,-0.0364,0
1784730820.073717,628940.718000,controller,LHR-65847686,1,200,-1.170515,1.743892,-2.481186,0.676657,0.398337,0.544628,-0.294689,-0.1396,-0.4895,-0.0459,0
1784730820.084215,628940.734000,controller,LHR-65847686,1,200,-1.171978,1.738757,-2.481745,0.678755,0.395519,0.545091,-0.292800,-0.1394,-0.4861,-0.0496,0
1784730820.088716,628940.734000,controller,LHR-65847686,1,200,-1.172579,1.736609,-2.481963,0.679621,0.394275,0.545362,-0.291964,-0.1373,-0.4845,-0.0494,0
1784730820.103215,628940.750000,controller,LHR-65847686,1,200,-1.174468,1.729376,-2.482593,0.682433,0.390442,0.546092,-0.289176,-0.1237,-0.4816,-0.0430,0
1784730820.112215,628940.765000,controller,LHR-65847686,1,200,-1.175589,1.725215,-2.482936,0.683908,0.388399,0.546581,-0.287518,-0.1174,-0.4779,-0.0373,0
1784730820.115715,628940.765000,controller,LHR-65847686,1,200,-1.175977,1.723564,-2.483044,0.684389,0.387731,0.546776,-0.286899,-0.1136,-0.4751,-0.0335,0
1784730820.129217,628940.781000,controller,LHR-65847686,1,200,-1.177608,1.717179,-2.483508,0.685914,0.385210,0.547770,-0.284750,-0.1103,-0.4644,-0.0262,0
1784730820.137216,628940.781000,controller,LHR-65847686,1,200,-1.178481,1.713487,-2.483637,0.686443,0.383937,0.548482,-0.283823,-0.1080,-0.4561,-0.0227,0
1784730820.154715,628940.796000,controller,LHR-65847686,1,200,-1.180436,1.705755,-2.484086,0.687396,0.381240,0.550025,-0.282163,-0.1066,-0.4396,-0.0254,0
1784730820.167215,628940.812000,controller,LHR-65847686,1,200,-1.181756,1.700298,-2.484508,0.688465,0.379627,0.550624,-0.280558,-0.1037,-0.4326,-0.0317,0
1784730820.173714,628940.812000,controller,LHR-65847686,1,200,-1.182379,1.697534,-2.484764,0.689280,0.378714,0.550744,-0.279554,-0.1000,-0.4300,-0.0377,0
1784730820.190215,628940.843000,controller,LHR-65847686,1,200,-1.183914,1.690451,-2.485570,0.691452,0.375929,0.551127,-0.277185,-0.0912,-0.4291,-0.0486,0
1784730820.190215,628940.843000,controller,LHR-65847686,1,200,-1.183927,1.690388,-2.485578,0.691472,0.375903,0.551130,-0.277163,-0.0912,-0.4291,-0.0486,0
1784730820.200715,628940.843000,controller,LHR-65847686,1,200,-1.184826,1.685923,-2.486128,0.692923,0.374044,0.551312,-0.275688,-0.0877,-0.4269,-0.0513,0
1784730820.221213,628940.875000,controller,LHR-65847686,1,200,-1.186635,1.677361,-2.487237,0.695434,0.369434,0.552158,-0.273881,-0.0863,-0.4151,-0.0587,0
1784730820.221213,628940.875000,controller,LHR-65847686,1,200,-1.186647,1.677301,-2.487246,0.695451,0.369398,0.552165,-0.273872,-0.0863,-0.4151,-0.0587,0
1784730820.231715,628940.875000,controller,LHR-65847686,1,200,-1.187637,1.673061,-2.487896,0.696747,0.366633,0.552686,-0.273243,-0.0860,-0.4106,-0.0618,0
1784730820.252218,628940.906000,controller,LHR-65847686,1,200,-1.189299,1.664793,-2.489364,0.699906,0.361682,0.552938,-0.271253,-0.0717,-0.4075,-0.0724,0
1784730820.252218,628940.906000,controller,LHR-65847686,1,200,-1.189316,1.664698,-2.489381,0.699943,0.361628,0.552938,-0.271229,-0.0717,-0.4075,-0.0724,0
1784730820.262715,628940.906000,controller,LHR-65847686,1,200,-1.189969,1.660459,-2.490093,0.701486,0.359395,0.552946,-0.270192,-0.0634,-0.4097,-0.0743,0
1784730820.283217,628940.921000,controller,LHR-65847686,1,200,-1.191153,1.652246,-2.491685,0.704600,0.354958,0.552599,-0.268658,-0.0550,-0.4017,-0.0778,0
1784730820.298719,628940.937000,controller,LHR-65847686,1,200,-1.192153,1.646130,-2.493014,0.706863,0.350444,0.552526,-0.268790,-0.0586,-0.3919,-0.0854,0
1784730820.308215,628940.953000,controller,LHR-65847686,1,200,-1.192715,1.642507,-2.493883,0.708357,0.347005,0.552507,-0.269360,-0.0597,-0.3826,-0.0934,0
1784730820.311718,628940.953000,controller,LHR-65847686,1,200,-1.192925,1.641159,-2.494212,0.708920,0.345697,0.552477,-0.269620,-0.0597,-0.3826,-0.0934,0
1784730820.325217,628940.968000,controller,LHR-65847686,1,200,-1.193722,1.636074,-2.495608,0.711547,0.340332,0.552004,-0.270492,-0.0584,-0.3744,-0.1006,0
1784730820.333716,628940.984000,controller,LHR-65847686,1,200,-1.194210,1.632971,-2.496483,0.713243,0.336858,0.551666,-0.271064,-0.0557,-0.3712,-0.1036,0
1784730820.336215,628940.984000,controller,LHR-65847686,1,200,-1.194339,1.632031,-2.496753,0.713734,0.335800,0.551560,-0.271302,-0.0529,-0.3697,-0.1046,0
1784730820.348715,628941.000000,controller,LHR-65847686,1,200,-1.194936,1.627436,-2.498135,0.716080,0.330831,0.550951,-0.272458,-0.0425,-0.3655,-0.1070,0
1784730820.355215,628941.000000,controller,LHR-65847686,1,200,-1.195181,1.625069,-2.498827,0.717300,0.328333,0.550556,-0.273068,-0.0384,-0.3639,-0.1066,0
1784730820.371715,628941.015000,controller,LHR-65847686,1,200,-1.195741,1.619217,-2.500595,0.720523,0.322564,0.549120,-0.274345,-0.0278,-0.3555,-0.1048,0
1784730820.383214,628941.031000,controller,LHR-65847686,1,200,-1.195974,1.615199,-2.501857,0.722603,0.318958,0.548026,-0.275280,-0.0215,-0.3477,-0.1021,0
1784730820.388715,628941.031000,controller,LHR-65847686,1,200,-1.196128,1.613401,-2.502419,0.723543,0.317187,0.547583,-0.275736,-0.0186,-0.3413,-0.0990,0
1784730820.404217,628941.046000,controller,LHR-65847686,1,200,-1.196349,1.608179,-2.503887,0.725929,0.312742,0.546337,-0.277013,-0.0124,-0.3321,-0.0897,0
1784730820.414715,628941.062000,controller,LHR-65847686,1,200,-1.196409,1.604797,-2.504768,0.727384,0.310144,0.545563,-0.277640,-0.0085,-0.3287,-0.0837,0
1784730820.419215,628941.062000,controller,LHR-65847686,1,200,-1.196438,1.603350,-2.505177,0.727959,0.309133,0.545270,-0.277837,-0.0068,-0.3276,-0.0807,0
1784730820.433714,628941.078000,controller,LHR-65847686,1,200,-1.196441,1.598673,-2.506169,0.729455,0.306952,0.544503,-0.277835,0.0005,-0.3263,-0.0662,0
1784730820.442216,628941.093000,controller,LHR-65847686,1,200,-1.196427,1.595865,-2.506692,0.730254,0.305946,0.544076,-0.277684,0.0022,-0.3268,-0.0600,0
1784730820.445715,628941.093000,controller,LHR-65847686,1,200,-1.196466,1.594815,-2.506921,0.730551,0.305552,0.543936,-0.277609,0.0020,-0.3254,-0.0586,0
1784730820.459216,628941.109000,controller,LHR-65847686,1,200,-1.196459,1.590381,-2.507674,0.731613,0.304144,0.543456,-0.277298,0.0003,-0.3263,-0.0535,0
1784730820.466714,628941.109000,controller,LHR-65847686,1,200,-1.196590,1.587986,-2.508082,0.732192,0.303211,0.543278,-0.277141,-0.0042,-0.3264,-0.0517,0
1784730820.484215,628941.125000,controller,LHR-65847686,1,200,-1.196676,1.582248,-2.508940,0.733395,0.301130,0.543083,-0.276610,-0.0093,-0.3330,-0.0477,0
1784730820.495717,628941.140000,controller,LHR-65847686,1,200,-1.196782,1.578330,-2.509544,0.734086,0.300043,0.543103,-0.275917,-0.0101,-0.3409,-0.0443,0
1784730820.502215,628941.156000,controller,LHR-65847686,1,200,-1.196846,1.576094,-2.509813,0.734437,0.299569,0.543164,-0.275378,-0.0096,-0.3444,-0.0423,0
1784730820.502716,628941.156000,controller,LHR-65847686,1,200,-1.196851,1.575929,-2.509834,0.734464,0.299533,0.543168,-0.275339,-0.0096,-0.3444,-0.0423,0
1784730820.513215,628941.156000,controller,LHR-65847686,1,200,-1.196906,1.572336,-2.510235,0.734960,0.299132,0.543328,-0.274131,-0.0074,-0.3550,-0.0372,0
1784730820.533715,628941.187000,controller,LHR-65847686,1,200,-1.197176,1.564819,-2.510886,0.735781,0.298682,0.543917,-0.271237,-0.0142,-0.3764,-0.0326,0
1784730820.533715,628941.187000,controller,LHR-65847686,1,200,-1.197180,1.564710,-2.510896,0.735791,0.298676,0.543928,-0.271195,-0.0142,-0.3764,-0.0326,0
1784730820.544717,628941.187000,controller,LHR-65847686,1,200,-1.197400,1.560666,-2.511315,0.736210,0.298054,0.544423,-0.269744,-0.0218,-0.3897,-0.0384,0
1784730820.565214,628941.218000,controller,LHR-65847686,1,200,-1.197889,1.552421,-2.512213,0.737164,0.296395,0.545638,-0.266492,-0.0289,-0.4167,-0.0492,0
1784730820.565214,628941.218000,controller,LHR-65847686,1,200,-1.197895,1.552335,-2.512223,0.737176,0.296376,0.545650,-0.266455,-0.0289,-0.4167,-0.0492,0
1784730820.575717,628941.218000,controller,LHR-65847686,1,200,-1.198234,1.547940,-2.512779,0.738009,0.295414,0.546096,-0.264295,-0.0327,-0.4276,-0.0538,0
1784730820.596216,628941.250000,controller,LHR-65847686,1,200,-1.199050,1.538775,-2.514024,0.740334,0.292413,0.546554,-0.260152,-0.0376,-0.4599,-0.0733,0
1784730820.596216,628941.250000,controller,LHR-65847686,1,200,-1.199058,1.538684,-2.514039,0.740361,0.292378,0.546556,-0.260111,-0.0376,-0.4599,-0.0733,0
1784730820.606715,628941.250000,controller,LHR-65847686,1,200,-1.199502,1.533943,-2.514825,0.741938,0.290374,0.546584,-0.257793,-0.0386,-0.4690,-0.0764,0
1784730820.627214,628941.281000,controller,LHR-65847686,1,200,-1.200387,1.524116,-2.516380,0.745369,0.285378,0.546900,-0.252754,-0.0431,-0.4818,-0.0754,0
1784730820.627214,628941.281000,controller,LHR-65847686,1,200,-1.200404,1.524005,-2.516394,0.745369,0.285220,0.546986,-0.252745,-0.0439,-0.4821,-0.0749,0
1784730820.638214,628941.281000,controller,LHR-65847686,1,200,-1.200873,1.518802,-2.517196,0.746928,0.282063,0.547611,-0.250321,-0.0447,-0.4816,-0.0726,0
1784730820.658716,628941.312000,controller,LHR-65847686,1,200,-1.201652,1.509083,-2.518576,0.749576,0.277070,0.548880,-0.245150,-0.0350,-0.4688,-0.0614,0
1784730820.658716,628941.312000,controller,LHR-65847686,1,200,-1.201658,1.508998,-2.518587,0.749598,0.277032,0.548890,-0.245102,-0.0350,-0.4688,-0.0614,0
1784730820.669214,628941.312000,controller,LHR-65847686,1,200,-1.201932,1.504301,-2.519158,0.750671,0.275638,0.549345,-0.242358,-0.0238,-0.4570,-0.0542,0
1784730820.689714,628941.343000,controller,LHR-65847686,1,200,-1.202232,1.495174,-2.520024,0.752068,0.274483,0.550078,-0.237628,-0.0084,-0.4411,-0.0407,0
1784730820.689714,628941.343000,controller,LHR-65847686,1,200,-1.202233,1.495109,-2.520030,0.752076,0.274479,0.550083,-0.237598,-0.0084,-0.4411,-0.0407,0
1784730820.700215,628941.343000,controller,LHR-65847686,1,200,-1.202317,1.490548,-2.520394,0.752351,0.274122,0.550572,-0.235998,-0.0057,-0.4359,-0.0380,0
1784730820.720716,628941.359000,controller,LHR-65847686,1,200,-1.202574,1.481630,-2.521306,0.753060,0.272389,0.551649,-0.233213,-0.0139,-0.4311,-0.0444,0
1784730820.735215,628941.375000,controller,LHR-65847686,1,200,-1.202884,1.475381,-2.521986,0.754311,0.270314,0.552225,-0.230200,-0.0217,-0.4294,-0.0463,0
1784730820.743715,628941.390000,controller,LHR-65847686,1,200,-1.203103,1.471705,-2.522317,0.755235,0.269023,0.552503,-0.228006,-0.0260,-0.4281,-0.0459,0
1784730820.747215,628941.390000,controller,LHR-65847686,1,200,-1.203214,1.470410,-2.522492,0.755674,0.268351,0.552586,-0.227143,-0.0286,-0.4238,-0.0467,0
1784730820.760715,628941.406000,controller,LHR-65847686,1,200,-1.203631,1.464743,-2.523064,0.757214,0.265461,0.553341,-0.223542,-0.0314,-0.4126,-0.0392,0
1784730820.768217,628941.421000,controller,LHR-65847686,1,200,-1.203857,1.461699,-2.523324,0.757980,0.263945,0.553810,-0.221570,-0.0307,-0.4085,-0.0357,0
1784730820.770717,628941.421000,controller,LHR-65847686,1,200,-1.203995,1.460740,-2.523400,0.758163,0.263582,0.553970,-0.220976,-0.0306,-0.4037,-0.0320,0
1784730820.783215,628941.421000,controller,LHR-65847686,1,200,-1.204291,1.455733,-2.523710,0.758855,0.261937,0.554971,-0.218025,-0.0238,-0.3890,-0.0200,0
1784730820.805716,628941.453000,controller,LHR-65847686,1,200,-1.204867,1.447595,-2.524008,0.759052,0.260025,0.557137,-0.214069,-0.0162,-0.3518,-0.0071,0
1784730820.806216,628941.453000,controller,LHR-65847686,1,200,-1.204875,1.447428,-2.524011,0.759050,0.259996,0.557182,-0.213994,-0.0162,-0.3518,-0.0071,0
1784730820.816715,628941.468000,controller,LHR-65847686,1,200,-1.205026,1.443880,-2.524046,0.759090,0.259603,0.557977,-0.212248,-0.0131,-0.3347,-0.0048,0
1784730820.822215,628941.468000,controller,LHR-65847686,1,200,-1.205093,1.442076,-2.524071,0.759136,0.259456,0.558348,-0.211288,-0.0124,-0.3292,-0.0044,0
1784730820.837716,628941.484000,controller,LHR-65847686,1,200,-1.205317,1.437274,-2.524099,0.759361,0.259059,0.559368,-0.208250,-0.0136,-0.3085,-0.0003,0
1784730820.847216,628941.500000,controller,LHR-65847686,1,200,-1.205430,1.434396,-2.524020,0.759460,0.259019,0.559956,-0.206347,-0.0122,-0.3005,0.0039,0
1784730820.850716,628941.500000,controller,LHR-65847686,1,200,-1.205530,1.433309,-2.523993,0.759494,0.259005,0.560182,-0.205624,-0.0124,-0.2976,0.0061,0
1784730820.864214,628941.515000,controller,LHR-65847686,1,200,-1.205622,1.429412,-2.523799,0.759348,0.259158,0.561071,-0.203537,-0.0071,-0.2885,0.0150,0
1784730820.872718,628941.515000,controller,LHR-65847686,1,200,-1.205770,1.427053,-2.523672,0.759051,0.258933,0.561754,-0.203046,-0.0041,-0.2820,0.0194,0
1784730820.891215,628941.531000,controller,LHR-65847686,1,200,-1.205913,1.421878,-2.523209,0.758203,0.257644,0.563550,-0.202879,-0.0049,-0.2786,0.0202,0
1784730820.903715,628941.546000,controller,LHR-65847686,1,200,-1.206074,1.418320,-2.523049,0.757726,0.256153,0.564973,-0.202589,-0.0135,-0.2785,0.0172,0
1784730820.911216,628941.562000,controller,LHR-65847686,1,200,-1.206199,1.416351,-2.522918,0.757505,0.255402,0.565800,-0.202053,-0.0163,-0.2772,0.0179,0
1784730820.912715,628941.562000,controller,LHR-65847686,1,200,-1.206239,1.415929,-2.522885,0.757502,0.255267,0.565975,-0.201747,-0.0183,-0.2778,0.0187,0
1784730820.924214,628941.578000,controller,LHR-65847686,1,200,-1.206482,1.412716,-2.522614,0.757304,0.254161,0.567314,-0.200118,-0.0217,-0.2792,0.0212,0
1784730820.929715,628941.578000,controller,LHR-65847686,1,200,-1.206671,1.411253,-2.522526,0.757313,0.253530,0.567889,-0.199253,-0.0257,-0.2781,0.0210,0
1784730820.945217,628941.593000,controller,LHR-65847686,1,200,-1.207099,1.406950,-2.522188,0.757237,0.251064,0.569734,-0.197388,-0.0290,-0.2753,0.0169,0
1784730820.955714,628941.609000,controller,LHR-65847686,1,200,-1.207377,1.404215,-2.522100,0.757330,0.248713,0.570896,-0.196649,-0.0299,-0.2683,0.0101,0
1784730820.960215,628941.609000,controller,LHR-65847686,1,200,-1.207512,1.403004,-2.522054,0.757391,0.247676,0.571376,-0.196326,-0.0299,-0.2683,0.0101,0
1784730820.974717,628941.625000,controller,LHR-65847686,1,200,-1.208046,1.399219,-2.521949,0.757958,0.244255,0.572529,-0.195066,-0.0325,-0.2575,0.0047,0
1784730820.983215,628941.625000,controller,LHR-65847686,1,200,-1.208297,1.397018,-2.521885,0.758298,0.242402,0.573114,-0.194334,-0.0310,-0.2521,0.0048,0
1784730821.001718,628941.640000,controller,LHR-65847686,1,200,-1.208858,1.392632,-2.521801,0.758883,0.239219,0.574053,-0.193218,-0.0207,-0.2335,0.0075,0
1784730821.015215,628941.656000,controller,LHR-65847686,1,200,-1.209131,1.389718,-2.521674,0.758982,0.237763,0.574630,-0.192913,-0.0129,-0.2216,0.0120,0
1784730821.022715,628941.671000,controller,LHR-65847686,1,200,-1.209190,1.388069,-2.521594,0.758904,0.237245,0.574961,-0.192869,-0.0078,-0.2159,0.0147,0
1784730821.025214,628941.671000,controller,LHR-65847686,1,200,-1.209280,1.387579,-2.521579,0.758905,0.237005,0.575073,-0.192830,-0.0081,-0.2131,0.0154,0
1784730821.037718,628941.687000,controller,LHR-65847686,1,200,-1.209391,1.384917,-2.521307,0.758699,0.236027,0.575712,-0.192933,-0.0081,-0.2087,0.0192,0
1784730821.044215,628941.687000,controller,LHR-65847686,1,200,-1.209450,1.383568,-2.521181,0.758600,0.235427,0.576075,-0.192971,-0.0086,-0.2077,0.0195,0
1784730821.060715,628941.703000,controller,LHR-65847686,1,200,-1.209710,1.380170,-2.520864,0.758643,0.233566,0.576995,-0.192313,-0.0146,-0.2086,0.0204,0
1784730821.071215,628941.718000,controller,LHR-65847686,1,200,-1.209908,1.378087,-2.520660,0.758705,0.232453,0.577620,-0.191540,-0.0141,-0.2081,0.0223,0
1784730821.076714,628941.718000,controller,LHR-65847686,1,200,-1.209978,1.376948,-2.520527,0.758721,0.231959,0.577957,-0.191057,-0.0124,-0.2080,0.0239,0
1784730821.092215,628941.734000,controller,LHR-65847686,1,200,-1.210179,1.373816,-2.520088,0.758630,0.230868,0.578910,-0.189851,-0.0076,-0.2056,0.0289,0
1784730821.101716,628941.750000,controller,LHR-65847686,1,200,-1.210174,1.371874,-2.519753,0.758321,0.230539,0.579614,-0.189338,-0.0005,-0.2049,0.0340,0
1784730821.105217,628941.750000,controller,LHR-65847686,1,200,-1.210244,1.371204,-2.519661,0.758222,0.230364,0.579864,-0.189179,0.0004,-0.2033,0.0348,0
1784730821.118715,628941.765000,controller,LHR-65847686,1,200,-1.210215,1.368395,-2.519134,0.757545,0.229695,0.581066,-0.189017,0.0028,-0.2035,0.0361,0
1784730821.127215,628941.781000,controller,LHR-65847686,1,200,-1.210195,1.366715,-2.518859,0.757151,0.229168,0.581841,-0.188850,0.0025,-0.2042,0.0343,0
1784730821.129715,628941.781000,controller,LHR-65847686,1,200,-1.210195,1.366193,-2.518784,0.757070,0.228974,0.582058,-0.188742,0.0021,-0.2057,0.0329,0
1784730821.142218,628941.781000,controller,LHR-65847686,1,200,-1.210175,1.363517,-2.518471,0.756771,0.227999,0.583061,-0.188026,0.0013,-0.2114,0.0275,0
1784730821.164715,628941.812000,controller,LHR-65847686,1,200,-1.210252,1.358711,-2.517962,0.756967,0.225738,0.584409,-0.185767,-0.0006,-0.2195,0.0192,0
1784730821.166215,628941.812000,controller,LHR-65847686,1,200,-1.210230,1.358483,-2.517932,0.756920,0.225650,0.584525,-0.185702,-0.0006,-0.2180,0.0191,0
1784730821.177715,628941.828000,controller,LHR-65847686,1,200,-1.210201,1.355966,-2.517723,0.757076,0.224438,0.585152,-0.184557,0.0030,-0.2192,0.0181,0
1784730821.183215,628941.828000,controller,LHR-65847686,1,200,-1.210172,1.354760,-2.517625,0.757126,0.223864,0.585451,-0.184098,0.0044,-0.2194,0.0180,0
1784730821.198714,628941.843000,controller,LHR-65847686,1,200,-1.210065,1.351465,-2.517383,0.757223,0.222318,0.586188,-0.183226,0.0087,-0.2175,0.0176,0
1784730821.209217,628941.859000,controller,LHR-65847686,1,200,-1.210036,1.349177,-2.517213,0.757283,0.221270,0.586729,-0.182516,0.0091,-0.2178,0.0176,0
1784730821.213716,628941.859000,controller,LHR-65847686,1,200,-1.209996,1.348194,-2.517133,0.757316,0.220810,0.586956,-0.182201,0.0092,-0.2182,0.0176,0
1784730821.228216,628941.875000,controller,LHR-65847686,1,200,-1.209975,1.345013,-2.516880,0.757549,0.219092,0.587752,-0.180737,0.0068,-0.2196,0.0202,0
1784730821.236715,628941.890000,controller,LHR-65847686,1,200,-1.209932,1.343127,-2.516343,0.757689,0.218077,0.588242,-0.179784,0.0060,-0.2205,0.0258,0
1784730821.240216,628941.890000,controller,LHR-65847686,1,200,-1.209913,1.342360,-2.516244,0.757733,0.217672,0.588478,-0.179313,0.0059,-0.2205,0.0275,0
1784730821.253714,628941.906000,controller,LHR-65847686,1,200,-1.209898,1.339536,-2.515855,0.757754,0.216246,0.589429,-0.177824,0.0073,-0.2143,0.0313,0
1784730821.261214,628941.906000,controller,LHR-65847686,1,200,-1.209811,1.337903,-2.515623,0.757627,0.215575,0.589985,-0.177332,0.0103,-0.2103,0.0339,0
1784730821.278715,628941.921000,controller,LHR-65847686,1,200,-1.209591,1.334464,-2.515013,0.757077,0.214630,0.591247,-0.176623,0.0159,-0.1979,0.0372,0
1784730821.291215,628941.937000,controller,LHR-65847686,1,200,-1.209380,1.331969,-2.514632,0.756683,0.214247,0.592034,-0.176141,0.0165,-0.1931,0.0366,0
1784730821.297714,628941.937000,controller,LHR-65847686,1,200,-1.209285,1.330723,-2.514400,0.756501,0.214060,0.592418,-0.175857,0.0151,-0.1921,0.0362,0
1784730821.314214,628941.953000,controller,LHR-65847686,1,200,-1.209127,1.327575,-2.513903,0.756250,0.212955,0.593419,-0.174898,0.0100,-0.1945,0.0315,0
1784730821.324717,628941.968000,controller,LHR-65847686,1,200,-1.209069,1.325427,-2.513513,0.756313,0.211785,0.594016,-0.174019,0.0060,-0.1989,0.0290,0
1784730821.330217,628941.968000,controller,LHR-65847686,1,200,-1.209090,1.324368,-2.513362,0.756348,0.211138,0.594344,-0.173533,0.0040,-0.1986,0.0281,0
1784730821.345717,628941.984000,controller,LHR-65847686,1,200,-1.209106,1.321373,-2.512924,0.756568,0.209132,0.595264,-0.171842,0.0006,-0.1979,0.0277,0
1784730821.346216,628942.000000,controller,LHR-65847686,1,200,-1.209106,1.321328,-2.512917,0.756571,0.209103,0.595277,-0.171816,0.0006,-0.1979,0.0277,0
1784730821.356715,628942.000000,controller,LHR-65847686,1,200,-1.209088,1.319274,-2.512572,0.756619,0.207942,0.595930,-0.170748,0.0020,-0.1935,0.0293,0
1784730821.377215,628942.031000,controller,LHR-65847686,1,200,-1.209021,1.315523,-2.511994,0.756632,0.205933,0.597082,-0.169092,0.0041,-0.1802,0.0286,0
1784730821.377215,628942.031000,controller,LHR-65847686,1,200,-1.209020,1.315484,-2.511988,0.756632,0.205913,0.597094,-0.169075,0.0041,-0.1802,0.0286,0
1784730821.387715,628942.031000,controller,LHR-65847686,1,200,-1.208964,1.313656,-2.511649,0.756647,0.204993,0.597580,-0.168410,0.0056,-0.1757,0.0283,0
1784730821.408218,628942.046000,controller,LHR-65847686,1,200,-1.209017,1.310367,-2.511111,0.756666,0.203002,0.598459,-0.167612,0.0039,-0.1609,0.0248,0
1784730821.423716,628942.062000,controller,LHR-65847686,1,200,-1.208942,1.307937,-2.510656,0.756599,0.201562,0.599114,-0.167312,0.0063,-0.1516,0.0254,0
1784730821.433214,628942.078000,controller,LHR-65847686,1,200,-1.208924,1.306576,-2.510427,0.756558,0.200779,0.599466,-0.167177,0.0066,-0.1457,0.0253,0
1784730821.436714,628942.078000,controller,LHR-65847686,1,200,-1.208895,1.306082,-2.510337,0.756542,0.200533,0.599573,-0.167159,0.0074,-0.1429,0.0255,0
1784730821.450217,628942.093000,controller,LHR-65847686,1,200,-1.208810,1.304202,-2.510085,0.756462,0.199721,0.599933,-0.167205,0.0091,-0.1353,0.0231,0
1784730821.458716,628942.109000,controller,LHR-65847686,1,200,-1.208718,1.303098,-2.509896,0.756387,0.199320,0.600112,-0.167378,0.0101,-0.1305,0.0224,0
1784730821.461217,628942.109000,controller,LHR-65847686,1,200,-1.208694,1.302774,-2.509831,0.756358,0.199206,0.600176,-0.167419,0.0103,-0.1292,0.0222,0
1784730821.473714,628942.125000,controller,LHR-65847686,1,200,-1.208596,1.301308,-2.509610,0.756260,0.198732,0.600390,-0.167653,0.0111,-0.1243,0.0193,0
1784730821.480215,628942.125000,controller,LHR-65847686,1,200,-1.208527,1.300448,-2.509431,0.756222,0.198497,0.600486,-0.167764,0.0115,-0.1239,0.0174,0
1784730821.496716,628942.140000,controller,LHR-65847686,1,200,-1.208360,1.298518,-2.509224,0.756124,0.197780,0.600817,-0.167863,0.0099,-0.1229,0.0123,0
1784730821.508215,628942.156000,controller,LHR-65847686,1,200,-1.208271,1.297160,-2.509095,0.756152,0.197453,0.600962,-0.167604,0.0090,-0.1244,0.0102,0
1784730821.513714,628942.156000,controller,LHR-65847686,1,200,-1.208219,1.296472,-2.509048,0.756182,0.197278,0.601019,-0.167469,0.0093,-0.1252,0.0088,0
1784730821.529215,628942.171000,controller,LHR-65847686,1,200,-1.208113,1.294530,-2.508955,0.756365,0.196435,0.601020,-0.167631,0.0098,-0.1268,0.0008,0
1784730821.539713,628942.187000,controller,LHR-65847686,1,200,-1.208001,1.293137,-2.508958,0.756666,0.195714,0.600783,-0.167964,0.0106,-0.1293,-0.0077,0
1784730821.544215,628942.187000,controller,LHR-65847686,1,200,-1.207952,1.292550,-2.509007,0.756816,0.195404,0.600651,-0.168123,0.0108,-0.1302,-0.0107,0
1784730821.558715,628942.203000,controller,LHR-65847686,1,200,-1.207965,1.290740,-2.509245,0.757354,0.194667,0.600163,-0.168295,0.0079,-0.1316,-0.0176,0
1784730821.567214,628942.218000,controller,LHR-65847686,1,200,-1.207920,1.289612,-2.509434,0.757764,0.194630,0.599755,-0.167950,0.0073,-0.1334,-0.0213,0
1784730821.570715,628942.218000,controller,LHR-65847686,1,200,-1.207894,1.289146,-2.509509,0.757929,0.194624,0.599591,-0.167796,0.0073,-0.1334,-0.0213,0
1784730821.584216,628942.234000,controller,LHR-65847686,1,200,-1.207801,1.287309,-2.509842,0.758790,0.195008,0.598752,-0.166453,0.0072,-0.1361,-0.0260,0
1784730821.591716,628942.234000,controller,LHR-65847686,1,200,-1.207772,1.286314,-2.510073,0.759301,0.195191,0.598222,-0.165810,0.0076,-0.1379,-0.0285,0
1784730821.609215,628942.250000,controller,LHR-65847686,1,200,-1.207649,1.284026,-2.510492,0.760623,0.195341,0.596744,-0.164896,0.0120,-0.1395,-0.0311,0
1784730821.621215,628942.265000,controller,LHR-65847686,1,200,-1.207464,1.282330,-2.510887,0.761569,0.194723,0.595606,-0.165378,0.0160,-0.1443,-0.0328,0
1784730821.627715,628942.281000,controller,LHR-65847686,1,200,-1.207446,1.281445,-2.511144,0.762098,0.194028,0.595018,-0.165869,0.0162,-0.1479,-0.0350,0
1784730821.628215,628942.281000,controller,LHR-65847686,1,200,-1.207438,1.281372,-2.511161,0.762139,0.193974,0.594970,-0.165917,0.0162,-0.1479,-0.0350,0
1784730821.638716,628942.281000,controller,LHR-65847686,1,200,-1.207255,1.279721,-2.511600,0.763020,0.192361,0.593991,-0.167251,0.0175,-0.1563,-0.0366,0
1784730821.659215,628942.312000,controller,LHR-65847686,1,200,-1.207067,1.276473,-2.512300,0.764451,0.188623,0.592657,-0.169686,0.0131,-0.1649,-0.0328,0
1784730821.659215,628942.312000,controller,LHR-65847686,1,200,-1.207064,1.276434,-2.512280,0.764432,0.188694,0.592698,-0.169551,0.0125,-0.1672,-0.0304,0
1784730821.669715,628942.312000,controller,LHR-65847686,1,200,-1.206990,1.274777,-2.512538,0.764977,0.187383,0.592292,-0.169965,0.0122,-0.1696,-0.0252,0
1784730821.690214,628942.343000,controller,LHR-65847686,1,200,-1.206683,1.271269,-2.512936,0.765641,0.186143,0.592018,-0.169290,0.0172,-0.1766,-0.0157,0
1784730821.690214,628942.343000,controller,LHR-65847686,1,200,-1.206680,1.271244,-2.512938,0.765645,0.186138,0.592016,-0.169283,0.0172,-0.1766,-0.0157,0
1784730821.700715,628942.343000,controller,LHR-65847686,1,200,-1.206482,1.269362,-2.513078,0.765920,0.185963,0.591910,-0.168602,0.0192,-0.1811,-0.0134,0
1784730821.721215,628942.375000,controller,LHR-65847686,1,200,-1.206210,1.265610,-2.513286,0.766556,0.185755,0.591623,-0.166940,0.0205,-0.1873,-0.0100,0
1784730821.721215,628942.375000,controller,LHR-65847686,1,200,-1.206205,1.265569,-2.513288,0.766563,0.185754,0.591619,-0.166921,0.0205,-0.1873,-0.0100,0
1784730821.731716,628942.375000,controller,LHR-65847686,1,200,-1.206028,1.263597,-2.513379,0.766976,0.185622,0.591404,-0.165934,0.0219,-0.1932,-0.0064,0
1784730821.752216,628942.406000,controller,LHR-65847686,1,200,-1.205656,1.259626,-2.513352,0.767572,0.184452,0.591362,-0.164623,0.0212,-0.2020,0.0010,0
1784730821.752216,628942.406000,controller,LHR-65847686,1,200,-1.205652,1.259594,-2.513352,0.767577,0.184440,0.591363,-0.164615,0.0212,-0.2020,0.0010,0
1784730821.762716,628942.406000,controller,LHR-65847686,1,200,-1.205418,1.257468,-2.513278,0.767745,0.183425,0.591561,-0.164250,0.0233,-0.2083,0.0057,0
1784730821.783215,628942.421000,controller,LHR-65847686,1,200,-1.204973,1.253163,-2.513166,0.768072,0.181427,0.591979,-0.163435,0.0226,-0.2144,0.0082,0
1784730821.798715,628942.437000,controller,LHR-65847686,1,200,-1.204705,1.249884,-2.513033,0.768284,0.180104,0.592451,-0.162185,0.0202,-0.2164,0.0096,0
1784730821.808214,628942.453000,controller,LHR-65847686,1,200,-1.204527,1.247829,-2.512935,0.768490,0.179481,0.592749,-0.160807,0.0172,-0.2198,0.0112,0
1784730821.811717,628942.453000,controller,LHR-65847686,1,200,-1.204470,1.247051,-2.512893,0.768581,0.179259,0.592859,-0.160212,0.0166,-0.2205,0.0117,0
1784730821.825216,628942.468000,controller,LHR-65847686,1,200,-1.204270,1.244072,-2.512646,0.768950,0.178302,0.593287,-0.157908,0.0150,-0.2227,0.0130,0
1784730821.833715,628942.484000,controller,LHR-65847686,1,200,-1.204142,1.242172,-2.512561,0.769185,0.177534,0.593525,-0.156731,0.0153,-0.2246,0.0114,0
1784730821.836216,628942.484000,controller,LHR-65847686,1,200,-1.204098,1.241609,-2.512468,0.769229,0.177321,0.593612,-0.156424,0.0163,-0.2252,0.0124,0
1784730821.848714,628942.500000,controller,LHR-65847686,1,200,-1.203857,1.238883,-2.512341,0.769628,0.176105,0.593840,-0.154963,0.0218,-0.2237,0.0118,0
1784730821.855215,628942.500000,controller,LHR-65847686,1,200,-1.203709,1.237414,-2.512270,0.769847,0.175400,0.593922,-0.154363,0.0243,-0.2234,0.0109,0
1784730821.871715,628942.515000,controller,LHR-65847686,1,200,-1.203300,1.233760,-2.512133,0.770503,0.173154,0.594013,-0.153265,0.0277,-0.2218,0.0090,0
1784730821.883217,628942.531000,controller,LHR-65847686,1,200,-1.202989,1.231222,-2.511922,0.770981,0.171467,0.594052,-0.152607,0.0285,-0.2216,0.0118,0
1784730821.888716,628942.531000,controller,LHR-65847686,1,200,-1.202925,1.230128,-2.511904,0.771197,0.170615,0.594078,-0.152371,0.0271,-0.2195,0.0112,0
1784730821.904216,628942.546000,controller,LHR-65847686,1,200,-1.202498,1.226725,-2.511631,0.771611,0.168295,0.594412,-0.151550,0.0267,-0.2158,0.0187,0
1784730821.914715,628942.562000,controller,LHR-65847686,1,200,-1.202395,1.224397,-2.511356,0.771726,0.167056,0.594844,-0.150637,0.0227,-0.2131,0.0281,0
1784730821.919216,628942.562000,controller,LHR-65847686,1,200,-1.202290,1.223417,-2.511209,0.771705,0.166634,0.595093,-0.150226,0.0226,-0.2120,0.0309,0
1784730821.933715,628942.578000,controller,LHR-65847686,1,200,-1.202021,1.220520,-2.510694,0.771490,0.165545,0.595963,-0.149084,0.0224,-0.2061,0.0371,0
1784730821.942223,628942.593000,controller,LHR-65847686,1,200,-1.201823,1.218779,-2.510344,0.771210,0.165084,0.596602,-0.148488,0.0231,-0.2036,0.0399,0
1784730821.945715,628942.593000,controller,LHR-65847686,1,200,-1.201741,1.218090,-2.510205,0.771104,0.164892,0.596845,-0.148274,0.0234,-0.2024,0.0404,0
1784730821.959214,628942.609000,controller,LHR-65847686,1,200,-1.201454,1.215435,-2.509655,0.770844,0.164006,0.597639,-0.147407,0.0226,-0.2004,0.0404,0
1784730821.966715,628942.609000,controller,LHR-65847686,1,200,-1.201291,1.213929,-2.509367,0.770717,0.163518,0.598070,-0.146864,0.0219,-0.2007,0.0390,0
1784730821.984214,628942.625000,controller,LHR-65847686,1,200,-1.200788,1.210485,-2.508721,0.770493,0.162109,0.599003,-0.145796,0.0193,-0.2030,0.0337,0
1784730821.995717,628942.640000,controller,LHR-65847686,1,200,-1.200676,1.208238,-2.508308,0.770317,0.161291,0.599634,-0.145036,0.0176,-0.2027,0.0303,0
1784730822.002215,628942.656000,controller,LHR-65847686,1,200,-1.200555,1.206920,-2.508114,0.770189,0.160884,0.600007,-0.144627,0.0185,-0.2029,0.0294,0
1784730822.002715,628942.656000,controller,LHR-65847686,1,200,-1.200546,1.206820,-2.508099,0.770180,0.160851,0.600034,-0.144596,0.0185,-0.2029,0.0294,0
1784730822.013214,628942.656000,controller,LHR-65847686,1,200,-1.200367,1.204804,-2.507840,0.769970,0.160571,0.600604,-0.143659,0.0208,-0.2013,0.0262,0
1784730822.033716,628942.687000,controller,LHR-65847686,1,200,-1.199988,1.200700,-2.507522,0.769886,0.160241,0.601381,-0.141206,0.0210,-0.2016,0.0146,0
1784730822.033716,628942.687000,controller,LHR-65847686,1,200,-1.199984,1.200664,-2.507520,0.769886,0.160240,0.601386,-0.141183,0.0210,-0.2016,0.0146,0
1784730822.044215,628942.687000,controller,LHR-65847686,1,200,-1.199776,1.198510,-2.507443,0.770180,0.159914,0.601421,-0.139793,0.0193,-0.2051,0.0045,0
1784730822.064715,628942.718000,controller,LHR-65847686,1,200,-1.199536,1.194241,-2.507570,0.771290,0.158506,0.600975,-0.137172,0.0134,-0.2070,-0.0121,0
1784730822.064715,628942.718000,controller,LHR-65847686,1,200,-1.199533,1.194202,-2.507572,0.771303,0.158490,0.600968,-0.137149,0.0134,-0.2070,-0.0121,0
1784730822.075218,628942.718000,controller,LHR-65847686,1,200,-1.199487,1.192080,-2.507655,0.772106,0.157596,0.600436,-0.135984,0.0119,-0.2051,-0.0185,0
1784730822.095715,628942.734000,controller,LHR-65847686,1,200,-1.199201,1.188071,-2.508111,0.773808,0.155781,0.598986,-0.134789,0.0184,-0.1933,-0.0245,0
1784730822.110215,628942.750000,controller,LHR-65847686,1,200,-1.198905,1.185469,-2.508499,0.774953,0.154560,0.597803,-0.134870,0.0235,-0.1825,-0.0255,0
1784730822.118714,628942.765000,controller,LHR-65847686,1,200,-1.198653,1.183716,-2.508691,0.775502,0.153848,0.597239,-0.135027,0.0248,-0.1778,-0.0241,0
1784730822.122214,628942.765000,controller,LHR-65847686,1,200,-1.198566,1.183092,-2.508776,0.775764,0.153510,0.596950,-0.135191,0.0248,-0.1778,-0.0241,0
1784730822.135715,628942.781000,controller,LHR-65847686,1,200,-1.198379,1.180890,-2.509151,0.776752,0.151822,0.595944,-0.135860,0.0199,-0.1690,-0.0228,0
1784730822.143217,628942.796000,controller,LHR-65847686,1,200,-1.198250,1.179625,-2.509299,0.777259,0.150718,0.595473,-0.136251,0.0170,-0.1666,-0.0193,0
1784730822.145715,628942.796000,controller,LHR-65847686,1,200,-1.198208,1.179213,-2.509346,0.777426,0.150357,0.595317,-0.136380,0.0170,-0.1666,-0.0193,0
1784730822.158214,628942.796000,controller,LHR-65847686,1,200,-1.198149,1.177412,-2.509409,0.778189,0.148453,0.594669,-0.136937,0.0121,-0.1600,-0.0123,0
1784730822.180715,628942.828000,controller,LHR-65847686,1,200,-1.197951,1.173929,-2.509602,0.778665,0.145638,0.594499,-0.137991,0.0084,-0.1553,-0.0000,0
1784730822.181215,628942.828000,controller,LHR-65847686,1,200,-1.197947,1.173852,-2.509602,0.778666,0.145586,0.594506,-0.138013,0.0084,-0.1553,-0.0000,0
1784730822.191716,628942.843000,controller,LHR-65847686,1,200,-1.197891,1.172288,-2.509538,0.778318,0.144983,0.595061,-0.138217,0.0077,-0.1531,0.0069,0
1784730822.197215,628942.843000,controller,LHR-65847686,1,200,-1.197850,1.171427,-2.509457,0.778116,0.144788,0.595387,-0.138152,0.0079,-0.1532,0.0097,0
1784730822.212714,628942.859000,controller,LHR-65847686,1,200,-1.197714,1.169139,-2.509294,0.777401,0.144859,0.596611,-0.136819,0.0086,-0.1530,0.0138,0
1784730822.222216,628942.875000,controller,LHR-65847686,1,200,-1.197630,1.167640,-2.509136,0.777167,0.144819,0.597212,-0.135563,0.0093,-0.1559,0.0124,0
1784730822.225715,628942.875000,controller,LHR-65847686,1,200,-1.197595,1.167079,-2.509109,0.777139,0.144729,0.597389,-0.135038,0.0100,-0.1574,0.0108,0
1784730822.239215,628942.890000,controller,LHR-65847686,1,200,-1.197476,1.164937,-2.509179,0.777211,0.143892,0.597824,-0.133585,0.0135,-0.1633,-0.0007,0
1784730822.247715,628942.890000,controller,LHR-65847686,1,200,-1.197422,1.163568,-2.509209,0.777348,0.143292,0.597944,-0.132889,0.0164,-0.1650,-0.0048,0
1784730822.266215,628942.906000,controller,LHR-65847686,1,200,-1.197063,1.161020,-2.508397,0.777690,0.141753,0.597979,-0.132385,0.0243,-0.1650,-0.0005,0
1784730822.278715,628942.921000,controller,LHR-65847686,1,200,-1.196730,1.158875,-2.508786,0.777770,0.141058,0.598093,-0.132140,0.0319,-0.1686,-0.0027,0
1784730822.286215,628942.937000,controller,LHR-65847686,1,200,-1.196446,1.157581,-2.508777,0.777778,0.140817,0.598219,-0.131778,0.0371,-0.1720,-0.0002,0
1784730822.287715,628942.937000,controller,LHR-65847686,1,200,-1.196441,1.157404,-2.508822,0.777808,0.140725,0.598234,-0.131636,0.0378,-0.1727,0.0002,0
1784730822.299215,628942.953000,controller,LHR-65847686,1,200,-1.196005,1.155622,-2.508355,0.777924,0.139955,0.598431,-0.130870,0.0396,-0.1774,0.0053,0
1784730822.304714,628942.953000,controller,LHR-65847686,1,200,-1.195791,1.154627,-2.508329,0.778040,0.139509,0.598502,-0.130333,0.0395,-0.1802,0.0051,0
1784730822.320216,628942.968000,controller,LHR-65847686,1,200,-1.195192,1.151774,-2.508502,0.778591,0.137546,0.598554,-0.128881,0.0389,-0.1912,0.0001,0
1784730822.330714,628942.984000,controller,LHR-65847686,1,200,-1.194890,1.149744,-2.508506,0.779049,0.135930,0.598572,-0.127738,0.0373,-0.1955,0.0004,0
1784730822.335215,628942.984000,controller,LHR-65847686,1,200,-1.194618,1.148544,-2.509084,0.779247,0.134997,0.598589,-0.127439,0.0392,-0.2011,-0.0056,0
1784730822.349716,628943.000000,controller,LHR-65847686,1,200,-1.194108,1.145678,-2.509137,0.779862,0.132347,0.598726,-0.125806,0.0390,-0.2029,-0.0020,0
1784730822.358216,628943.000000,controller,LHR-65847686,1,200,-1.193773,1.143958,-2.509116,0.780139,0.130743,0.598911,-0.124883,0.0393,-0.2024,0.0019,0
1784730822.376715,628943.015000,controller,LHR-65847686,1,200,-1.193052,1.140071,-2.509384,0.780543,0.127461,0.599408,-0.123354,0.0412,-0.2001,0.0063,0
1784730822.390215,628943.031000,controller,LHR-65847686,1,200,-1.192452,1.137435,-2.509259,0.780621,0.125480,0.599888,-0.122557,0.0446,-0.1954,0.0092,0
1784730822.397715,628943.046000,controller,LHR-65847686,1,200,-1.192145,1.136072,-2.509194,0.780655,0.124688,0.600117,-0.122025,0.0454,-0.1914,0.0120,0
1784730822.400214,628943.046000,controller,LHR-65847686,1,200,-1.192027,1.135601,-2.509156,0.780639,0.124473,0.600219,-0.121845,0.0461,-0.1901,0.0131,0
1784730822.412715,628943.062000,controller,LHR-65847686,1,200,-1.191459,1.133235,-2.508982,0.780573,0.123433,0.600737,-0.120768,0.0475,-0.1880,0.0154,0
1784730822.419214,628943.062000,controller,LHR-65847686,1,200,-1.191147,1.132017,-2.508865,0.780494,0.123008,0.601058,-0.120113,0.0483,-0.1877,0.0175,0
1784730822.435717,628943.078000,controller,LHR-65847686,1,200,-1.190379,1.128895,-2.508535,0.780319,0.121905,0.601889,-0.118203,0.0483,-0.1903,0.0214,0
1784730822.446215,628943.093000,controller,LHR-65847686,1,200,-1.189850,1.126844,-2.508286,0.780111,0.121231,0.602542,-0.116931,0.0495,-0.1932,0.0236,0
1784730822.451715,628943.093000,controller,LHR-65847686,1,200,-1.189574,1.125808,-2.508143,0.779939,0.120883,0.602950,-0.116338,0.0519,-0.1956,0.0256,0
1784730822.467215,628943.109000,controller,LHR-65847686,1,200,-1.188819,1.122767,-2.507738,0.779452,0.119705,0.604144,-0.114609,0.0539,-0.1995,0.0274,0
1784730822.476717,628943.125000,controller,LHR-65847686,1,200,-1.188304,1.120848,-2.507478,0.779107,0.118792,0.604974,-0.113519,0.0544,-0.2015,0.0276,0
1784730822.480215,628943.125000,controller,LHR-65847686,1,200,-1.188115,1.120138,-2.507387,0.779008,0.118415,0.605259,-0.113074,0.0546,-0.2021,0.0269,0
1784730822.493714,628943.140000,controller,LHR-65847686,1,200,-1.187435,1.117417,-2.507109,0.778768,0.116808,0.606224,-0.111212,0.0544,-0.2050,0.0238,0
1784730822.502214,628943.156000,controller,LHR-65847686,1,200,-1.186966,1.115655,-2.506942,0.778723,0.115600,0.606726,-0.110046,0.0553,-0.2067,0.0208,0
1784730822.504715,628943.156000,controller,LHR-65847686,1,200,-1.186947,1.115203,-2.506910,0.778708,0.115244,0.606874,-0.109715,0.0540,-0.2068,0.0193,0
1784730822.517215,628943.156000,controller,LHR-65847686,1,200,-1.186244,1.112609,-2.506716,0.778769,0.113240,0.607412,-0.108383,0.0567,-0.2078,0.0158,0
1784730822.539716,628943.187000,controller,LHR-65847686,1,200,-1.185007,1.108021,-2.506459,0.778934,0.109531,0.608158,-0.106815,0.0633,-0.2057,0.0098,0
1784730822.541215,628943.187000,controller,LHR-65847686,1,200,-1.184912,1.107713,-2.506445,0.778947,0.109280,0.608200,-0.106734,0.0633,-0.2057,0.0098,0
1784730822.552715,628943.203000,controller,LHR-65847686,1,200,-1.184252,1.105387,-2.506391,0.779049,0.107345,0.608561,-0.105891,0.0629,-0.2031,0.0087,0
1784730822.558214,628943.203000,controller,LHR-65847686,1,200,-1.184229,1.106013,-2.502830,0.779109,0.106630,0.608746,-0.105110,0.0609,-0.1949,0.0249,0
1784730822.573716,628943.218000,controller,LHR-65847686,1,200,-1.183343,1.103204,-2.502429,0.779355,0.104023,0.609146,-0.103567,0.0600,-0.1902,0.0240,0
1784730822.584214,628943.234000,controller,LHR-65847686,1,200,-1.182447,1.099986,-2.503597,0.779438,0.102632,0.609465,-0.102451,0.0622,-0.1918,0.0184,0
1784730822.588715,628943.234000,controller,LHR-65847686,1,200,-1.182255,1.099300,-2.503549,0.779439,0.102051,0.609629,-0.102037,0.0610,-0.1884,0.0181,0
1784730822.603216,628943.250000,controller,LHR-65847686,1,200,-1.181340,1.096642,-2.503257,0.779467,0.100596,0.610040,-0.100812,0.0632,-0.1835,0.0200,0
1784730822.611714,628943.265000,controller,LHR-65847686,1,200,-1.180778,1.095137,-2.503067,0.779348,0.099922,0.610375,-0.100374,0.0655,-0.1790,0.0219,0
1784730822.615214,628943.265000,controller,LHR-65847686,1,200,-1.180550,1.094513,-2.502991,0.779309,0.099626,0.610507,-0.100169,0.0655,-0.1790,0.0219,0
1784730822.628714,628943.281000,controller,LHR-65847686,1,200,-1.179797,1.092375,-2.502856,0.779116,0.098284,0.611094,-0.099408,0.0637,-0.1728,0.0201,0
1784730822.636214,628943.281000,controller,LHR-65847686,1,200,-1.179248,1.090704,-2.503108,0.779026,0.097568,0.611406,-0.098902,0.0635,-0.1752,0.0157,0
1784730822.653715,628943.296000,controller,LHR-65847686,1,200,-1.178150,1.087683,-2.502904,0.778854,0.095789,0.612129,-0.097513,0.0625,-0.1754,0.0109,0
1784730822.666219,628943.312000,controller,LHR-65847686,1,200,-1.177440,1.085468,-2.502896,0.778669,0.094658,0.612711,-0.096434,0.0601,-0.1746,0.0075,0
1784730822.672716,628943.312000,controller,LHR-65847686,1,200,-1.177056,1.084339,-2.502847,0.778550,0.094221,0.613030,-0.095793,0.0594,-0.1747,0.0070,0
1784730822.689218,628943.328000,controller,LHR-65847686,1,200,-1.176090,1.081536,-2.502785,0.778144,0.093563,0.613892,-0.094210,0.0606,-0.1743,0.0043,0
1784730822.699717,628943.343000,controller,LHR-65847686,1,200,-1.175424,1.079696,-2.502769,0.777814,0.093318,0.614492,-0.093257,0.0638,-0.1759,0.0003,0
1784730822.705215,628943.343000,controller,LHR-65847686,1,200,-1.175070,1.078725,-2.502780,0.777676,0.093148,0.614769,-0.092746,0.0645,-0.1764,-0.0015,0
1784730822.720714,628943.359000,controller,LHR-65847686,1,200,-1.174088,1.075944,-2.502962,0.777658,0.092039,0.615212,-0.091053,0.0637,-0.1812,-0.0124,0
1784730822.730214,628943.375000,controller,LHR-65847686,1,200,-1.173546,1.074202,-2.503151,0.777855,0.091033,0.615278,-0.089929,0.0624,-0.1838,-0.0184,0
1784730822.733714,628943.375000,controller,LHR-65847686,1,200,-1.173330,1.073546,-2.503243,0.777985,0.090529,0.615248,-0.089523,0.0623,-0.1852,-0.0217,0
1784730822.747215,628943.390000,controller,LHR-65847686,1,200,-1.172495,1.071028,-2.503649,0.778555,0.088454,0.615027,-0.088147,0.0617,-0.1861,-0.0315,0
1784730822.755714,628943.406000,controller,LHR-65847686,1,200,-1.172070,1.069512,-2.503945,0.778902,0.087258,0.614865,-0.087403,0.0606,-0.1852,-0.0352,0
1784730822.758217,628943.406000,controller,LHR-65847686,1,200,-1.171917,1.069044,-2.504034,0.779016,0.086871,0.614806,-0.087182,0.0606,-0.1852,-0.0352,0
1784730822.770714,628943.421000,controller,LHR-65847686,1,200,-1.171238,1.066792,-2.504484,0.779476,0.085323,0.614571,-0.086256,0.0607,-0.1815,-0.0380,0
1784730822.778215,628943.421000,controller,LHR-65847686,1,200,-1.170767,1.065469,-2.504784,0.779698,0.084610,0.614441,-0.085872,0.0621,-0.1784,-0.0399,0
1784730822.795717,628943.437000,controller,LHR-65847686,1,200,-1.169713,1.062473,-2.505555,0.780199,0.083178,0.614159,-0.084737,0.0618,-0.1715,-0.0450,0
1784730822.807215,628943.453000,controller,LHR-65847686,1,200,-1.169012,1.060518,-2.506103,0.780642,0.082305,0.613848,-0.083752,0.0609,-0.1694,-0.0477,0
1784730822.812714,628943.453000,controller,LHR-65847686,1,200,-1.168801,1.059536,-2.506390,0.780912,0.081731,0.613675,-0.083065,0.0579,-0.1687,-0.0502,0
1784730822.828214,628943.468000,controller,LHR-65847686,1,200,-1.167995,1.056990,-2.507177,0.781593,0.080422,0.613209,-0.081357,0.0531,-0.1635,-0.0517,0
1784730822.838718,628943.484000,controller,LHR-65847686,1,200,-1.167458,1.055312,-2.507710,0.782012,0.079578,0.612937,-0.080200,0.0509,-0.1594,-0.0506,0
1784730822.843216,628943.484000,controller,LHR-65847686,1,200,-1.167234,1.054616,-2.507936,0.782179,0.079262,0.612827,-0.079734,0.0501,-0.1570,-0.0505,0
1784730822.857719,628943.500000,controller,LHR-65847686,1,200,-1.166629,1.052561,-2.508672,0.782540,0.078552,0.612617,-0.078492,0.0455,-0.1453,-0.0470,0
1784730822.866215,628943.515000,controller,LHR-65847686,1,200,-1.166259,1.051391,-2.509043,0.782663,0.078260,0.612567,-0.077951,0.0434,-0.1396,-0.0446,0
1784730822.869716,628943.515000,controller,LHR-65847686,1,200,-1.166180,1.050924,-2.509235,0.782747,0.078113,0.612507,-0.077723,0.0416,-0.1369,-0.0445,0
1784730822.883215,628943.531000,controller,LHR-65847686,1,200,-1.165638,1.049170,-2.509814,0.782805,0.077880,0.612516,-0.077292,0.0396,-0.1293,-0.0434,0
1784730822.890717,628943.531000,controller,LHR-65847686,1,200,-1.165371,1.048276,-2.510148,0.782855,0.077765,0.612504,-0.077007,0.0393,-0.1269,-0.0439,0
1784730822.908215,628943.546000,controller,LHR-65847686,1,200,-1.164717,1.046164,-2.510896,0.783014,0.077623,0.612438,-0.076047,0.0373,-0.1225,-0.0461,0
1784730822.920714,628943.562000,controller,LHR-65847686,1,200,-1.164282,1.044642,-2.511491,0.783275,0.077449,0.612259,-0.074971,0.0343,-0.1208,-0.0476,0
1784730822.927217,628943.578000,controller,LHR-65847686,1,200,-1.164065,1.043861,-2.511806,0.783416,0.077306,0.612160,-0.074454,0.0331,-0.1196,-0.0483,0
1784730822.927717,628943.578000,controller,LHR-65847686,1,200,-1.164089,1.043894,-2.511797,0.783396,0.077327,0.612185,-0.074442,0.0327,-0.1191,-0.0484,0
1784730822.938215,628943.578000,controller,LHR-65847686,1,200,-1.163740,1.042666,-2.512303,0.783608,0.077125,0.612030,-0.073686,0.0332,-0.1169,-0.0481,0
1784730822.958717,628943.609000,controller,LHR-65847686,1,200,-1.163079,1.040465,-2.513258,0.783889,0.076839,0.611806,-0.072854,0.0365,-0.1074,-0.0453,0
1784730822.959717,628943.609000,controller,LHR-65847686,1,200,-1.163034,1.040351,-2.513309,0.783897,0.076811,0.611801,-0.072838,0.0371,-0.1051,-0.0450,0
1784730822.970217,628943.609000,controller,LHR-65847686,1,200,-1.162746,1.039451,-2.513780,0.784013,0.076487,0.611745,-0.072394,0.0358,-0.0997,-0.0452,0
1784730822.990718,628943.640000,controller,LHR-65847686,1,200,-1.162159,1.037582,-2.514807,0.784547,0.075411,0.611308,-0.071429,0.0285,-0.0882,-0.0463,0
1784730822.990718,628943.640000,controller,LHR-65847686,1,200,-1.162151,1.037558,-2.514820,0.784555,0.075395,0.611301,-0.071414,0.0285,-0.0882,-0.0463,0
1784730823.001216,628943.640000,controller,LHR-65847686,1,200,-1.161872,1.036692,-2.515297,0.784889,0.074798,0.611002,-0.070923,0.0267,-0.0835,-0.0462,0
1784730823.021715,628943.671000,controller,LHR-65847686,1,200,-1.161449,1.035326,-2.516102,0.785406,0.074105,0.610487,-0.070365,0.0224,-0.0660,-0.0409,0
1784730823.021715,628943.671000,controller,LHR-65847686,1,200,-1.161445,1.035316,-2.516108,0.785409,0.074101,0.610484,-0.070361,0.0224,-0.0660,-0.0409,0
1784730823.032215,628943.671000,controller,LHR-65847686,1,200,-1.161273,1.034786,-2.516397,0.785490,0.074135,0.610382,-0.070312,0.0191,-0.0539,-0.0346,0
1784730823.052714,628943.703000,controller,LHR-65847686,1,200,-1.161027,1.034104,-2.516733,0.785453,0.074837,0.610360,-0.070171,0.0134,-0.0345,-0.0230,0
1784730823.052714,628943.703000,controller,LHR-65847686,1,200,-1.161025,1.034099,-2.516737,0.785452,0.074843,0.610361,-0.070170,0.0134,-0.0345,-0.0230,0
1784730823.063215,628943.703000,controller,LHR-65847686,1,200,-1.160906,1.033805,-2.516925,0.785337,0.075454,0.610444,-0.070082,0.0107,-0.0274,-0.0175,0
1784730823.083715,628943.734000,controller,LHR-65847686,1,200,-1.160830,1.033428,-2.517040,0.785004,0.076392,0.610764,-0.070006,0.0054,-0.0235,-0.0120,0
1784730823.083715,628943.734000,controller,LHR-65847686,1,200,-1.160861,1.033518,-2.516992,0.784995,0.076413,0.610774,-0.069988,0.0050,-0.0228,-0.0119,0
1784730823.094216,628943.734000,controller,LHR-65847686,1,200,-1.160826,1.033280,-2.517102,0.784819,0.076719,0.610979,-0.069849,0.0032,-0.0221,-0.0103,0
1784730823.114714,628943.765000,controller,LHR-65847686,1,200,-1.160883,1.032921,-2.517261,0.784689,0.076887,0.611224,-0.068965,-0.0020,-0.0215,-0.0090,0
1784730823.114714,628943.765000,controller,LHR-65847686,1,200,-1.160883,1.032922,-2.517262,0.784683,0.076873,0.611230,-0.068996,-0.0019,-0.0208,-0.0089,0
1784730823.125216,628943.765000,controller,LHR-65847686,1,200,-1.160895,1.032730,-2.517349,0.784581,0.076815,0.611390,-0.068800,-0.0011,-0.0183,-0.0080,0
1784730823.145714,628943.796000,controller,LHR-65847686,1,200,-1.161027,1.032784,-2.517306,0.784452,0.076872,0.611539,-0.068895,-0.0034,-0.0094,-0.0084,0
1784730823.145714,628943.796000,controller,LHR-65847686,1,200,-1.161028,1.032783,-2.517307,0.784450,0.076871,0.611541,-0.068896,-0.0034,-0.0094,-0.0084,0
1784730823.156214,628943.796000,controller,LHR-65847686,1,200,-1.161064,1.032730,-2.517417,0.784448,0.076855,0.611537,-0.068974,-0.0035,-0.0046,-0.0103,0
1784730823.176716,628943.828000,controller,LHR-65847686,1,200,-1.161216,1.032848,-2.517606,0.784753,0.076612,0.611169,-0.069042,-0.0061,0.0006,-0.0148,0
1784730823.176716,628943.828000,controller,LHR-65847686,1,200,-1.161217,1.032848,-2.517609,0.784757,0.076609,0.611164,-0.069043,-0.0061,0.0006,-0.0148,0
1784730823.187215,628943.828000,controller,LHR-65847686,1,200,-1.161345,1.033179,-2.517440,0.785028,0.076426,0.610808,-0.069311,-0.0055,0.0048,-0.0157,0
1784730823.207715,628943.859000,controller,LHR-65847686,1,200,-1.161466,1.033608,-2.517538,0.785547,0.076346,0.610032,-0.070338,-0.0028,0.0120,-0.0120,0
1784730823.207715,628943.859000,controller,LHR-65847686,1,200,-1.161466,1.033610,-2.517540,0.785551,0.076347,0.610027,-0.070348,-0.0028,0.0120,-0.0120,0
1784730823.218215,628943.859000,controller,LHR-65847686,1,200,-1.161889,1.035811,-2.514440,0.785699,0.076431,0.609754,-0.070958,-0.0032,0.0188,-0.0023,0
1784730823.238715,628943.890000,controller,LHR-65847686,1,200,-1.161990,1.036251,-2.514374,0.785551,0.077033,0.609807,-0.071490,-0.0046,0.0183,0.0044,0
1784730823.238715,628943.890000,controller,LHR-65847686,1,200,-1.161991,1.036254,-2.514374,0.785549,0.077038,0.609809,-0.071493,-0.0046,0.0183,0.0044,0
1784730823.249216,628943.890000,controller,LHR-65847686,1,200,-1.162054,1.036407,-2.514306,0.785397,0.077411,0.609976,-0.071335,-0.0058,0.0156,0.0059,0
1784730823.269716,628943.921000,controller,LHR-65847686,1,200,-1.162225,1.036909,-2.514346,0.785361,0.077863,0.609990,-0.071124,-0.0060,0.0142,0.0044,0
1784730823.269716,628943.921000,controller,LHR-65847686,1,200,-1.162226,1.036911,-2.514346,0.785360,0.077866,0.609990,-0.071121,-0.0060,0.0142,0.0044,0
1784730823.280215,628943.921000,controller,LHR-65847686,1,200,-1.162290,1.037175,-2.514117,0.785372,0.077976,0.609940,-0.071299,-0.0038,0.0146,0.0054,0
1784730823.300716,628943.953000,controller,LHR-65847686,1,200,-1.162361,1.037667,-2.513878,0.785399,0.078144,0.609769,-0.072272,-0.0010,0.0152,0.0069,0
1784730823.300716,628943.953000,controller,LHR-65847686,1,200,-1.162361,1.037672,-2.513876,0.785399,0.078146,0.609767,-0.072289,-0.0010,0.0152,0.0069,0
1784730823.311215,628943.953000,controller,LHR-65847686,1,200,-1.162404,1.037909,-2.513810,0.785368,0.078373,0.609744,-0.072582,-0.0014,0.0142,0.0080,0
1784730823.331714,628943.984000,controller,LHR-65847686,1,200,-1.162466,1.038166,-2.513653,0.785278,0.078820,0.609804,-0.072559,-0.0033,0.0073,0.0097,0
1784730823.331714,628943.984000,controller,LHR-65847686,1,200,-1.162466,1.038167,-2.513652,0.785277,0.078823,0.609805,-0.072556,-0.0033,0.0073,0.0097,0
1784730823.342215,628943.984000,controller,LHR-65847686,1,200,-1.162501,1.038216,-2.513547,0.785218,0.078962,0.609898,-0.072265,-0.0031,0.0050,0.0103,0
1784730823.362716,628944.015000,controller,LHR-65847686,1,200,-1.162535,1.038350,-2.513384,0.785200,0.078738,0.609961,-0.072177,-0.0011,0.0023,0.0114,0
1784730823.362716,628944.015000,controller,LHR-65847686,1,200,-1.162535,1.038351,-2.513382,0.785199,0.078735,0.609962,-0.072177,-0.0011,0.0023,0.0114,0
1784730823.373214,628944.015000,controller,LHR-65847686,1,200,-1.162530,1.038466,-2.513269,0.785126,0.078691,0.610032,-0.072434,0.0001,0.0039,0.0123,0
1784730823.393714,628944.046000,controller,LHR-65847686,1,200,-1.162533,1.038626,-2.513010,0.784886,0.078763,0.610277,-0.072891,0.0012,0.0057,0.0139,0
1784730823.393714,628944.046000,controller,LHR-65847686,1,200,-1.162533,1.038628,-2.513006,0.784883,0.078765,0.610280,-0.072896,0.0012,0.0057,0.0139,0
1784730823.404214,628944.046000,controller,LHR-65847686,1,200,-1.162518,1.038672,-2.512866,0.784752,0.078940,0.610425,-0.072900,0.0016,0.0044,0.0133,0
1784730823.424719,628944.078000,controller,LHR-65847686,1,200,-1.162500,1.038747,-2.512665,0.784657,0.079004,0.610557,-0.072739,0.0011,0.0018,0.0111,0
1784730823.424719,628944.078000,controller,LHR-65847686,1,200,-1.162499,1.038747,-2.512662,0.784656,0.079004,0.610559,-0.072736,0.0011,0.0018,0.0111,0
1784730823.435715,628944.078000,controller,LHR-65847686,1,200,-1.162458,1.038792,-2.512566,0.784638,0.078915,0.610591,-0.072758,0.0019,0.0007,0.0104,0
1784730823.456216,628944.109000,controller,LHR-65847686,1,200,-1.162369,1.038893,-2.512346,0.784445,0.078990,0.610808,-0.072938,0.0038,0.0022,0.0113,0
1784730823.456216,628944.109000,controller,LHR-65847686,1,200,-1.162368,1.038893,-2.512344,0.784443,0.078992,0.610811,-0.072939,0.0038,0.0022,0.0113,0
1784730823.466715,628944.109000,controller,LHR-65847686,1,200,-1.162379,1.038984,-2.512220,0.784271,0.079231,0.611010,-0.072859,0.0033,0.0036,0.0126,0
1784730823.487215,628944.140000,controller,LHR-65847686,1,200,-1.162326,1.039036,-2.511964,0.783974,0.079829,0.611373,-0.072348,0.0024,0.0029,0.0126,0
1784730823.487215,628944.140000,controller,LHR-65847686,1,200,-1.162325,1.039036,-2.511962,0.783972,0.079834,0.611376,-0.072343,0.0024,0.0029,0.0126,0
1784730823.497715,628944.140000,controller,LHR-65847686,1,200,-1.162310,1.039121,-2.511916,0.783954,0.079905,0.611422,-0.072075,0.0015,0.0026,0.0105,0
1784730823.518216,628944.171000,controller,LHR-65847686,1,200,-1.162293,1.039201,-2.511810,0.784061,0.079531,0.611325,-0.072150,0.0011,0.0031,0.0082,0
1784730823.518216,628944.171000,controller,LHR-65847686,1,200,-1.162292,1.039201,-2.511809,0.784061,0.079528,0.611324,-0.072151,0.0011,0.0031,0.0082,0
1784730823.528715,628944.171000,controller,LHR-65847686,1,200,-1.162276,1.039323,-2.511714,0.784068,0.079418,0.611300,-0.072398,0.0016,0.0052,0.0088,0
1784730823.549214,628944.203000,controller,LHR-65847686,1,200,-1.162260,1.039481,-2.511582,0.783859,0.079636,0.611470,-0.072981,0.0016,0.0086,0.0130,0
1784730823.549214,628944.203000,controller,LHR-65847686,1,200,-1.162259,1.039483,-2.511579,0.783855,0.079642,0.611475,-0.072987,0.0016,0.0086,0.0130,0
1784730823.559715,628944.203000,controller,LHR-65847686,1,200,-1.162253,1.039575,-2.511414,0.783618,0.080085,0.611719,-0.072998,0.0005,0.0086,0.0159,0
1784730823.580214,628944.218000,controller,LHR-65847686,1,200,-1.162280,1.039748,-2.511222,0.783313,0.080492,0.612056,-0.073001,-0.0010,0.0055,0.0130,0
1784730823.595714,628944.234000,controller,LHR-65847686,1,200,-1.162315,1.039842,-2.511085,0.783240,0.080312,0.612158,-0.073125,-0.0022,0.0032,0.0099,0
1784730823.605214,628944.250000,controller,LHR-65847686,1,200,-1.162335,1.039874,-2.510998,0.783210,0.080187,0.612209,-0.073161,-0.0022,0.0036,0.0091,0
1784730823.608715,628944.250000,controller,LHR-65847686,1,200,-1.162362,1.039944,-2.510963,0.783164,0.080212,0.612264,-0.073162,-0.0023,0.0040,0.0090,0
1784730823.622715,628944.265000,controller,LHR-65847686,1,200,-1.162389,1.040015,-2.510819,0.782991,0.080369,0.612473,-0.073091,-0.0017,0.0053,0.0106,0
1784730823.631214,628944.281000,controller,LHR-65847686,1,200,-1.162402,1.040095,-2.510842,0.782827,0.080640,0.612646,-0.073099,-0.0013,0.0061,0.0110,0
1784730823.633714,628944.281000,controller,LHR-65847686,1,200,-1.162405,1.040110,-2.510816,0.782778,0.080721,0.612701,-0.073079,-0.0013,0.0061,0.0110,0
1784730823.646214,628944.296000,controller,LHR-65847686,1,200,-1.162402,1.040193,-2.510687,0.782503,0.081219,0.612987,-0.073077,0.0004,0.0062,0.0099,0
1784730823.653717,628944.296000,controller,LHR-65847686,1,200,-1.162435,1.040359,-2.510505,0.782374,0.081418,0.613117,-0.073139,0.0013,0.0064,0.0086,0
1784730823.671215,628944.312000,controller,LHR-65847686,1,200,-1.162428,1.040528,-2.510432,0.782302,0.081527,0.613191,-0.073165,0.0015,0.0036,0.0024,0
1784730823.682715,628944.328000,controller,LHR-65847686,1,200,-1.162416,1.040545,-2.510427,0.782341,0.081431,0.613156,-0.073147,0.0010,0.0007,-0.0001,0
1784730823.688214,628944.328000,controller,LHR-65847686,1,200,-1.162469,1.040694,-2.510313,0.782339,0.081494,0.613153,-0.073135,0.0005,0.0009,-0.0004,0
1784730823.703715,628944.343000,controller,LHR-65847686,1,200,-1.162447,1.040727,-2.510308,0.782267,0.081735,0.613211,-0.073143,0.0018,0.0025,0.0002,0
1784730823.714214,628944.359000,controller,LHR-65847686,1,200,-1.162452,1.040911,-2.510185,0.782170,0.082127,0.613291,-0.073066,0.0018,0.0041,0.0010,0
1784730823.718715,628944.359000,controller,LHR-65847686,1,200,-1.162443,1.040931,-2.510182,0.782149,0.082294,0.613301,-0.073017,0.0019,0.0043,0.0007,0
1784730823.733214,628944.375000,controller,LHR-65847686,1,200,-1.162455,1.041119,-2.510110,0.782134,0.082638,0.613282,-0.072956,0.0021,0.0052,-0.0013,0
1784730823.741717,628944.390000,controller,LHR-65847686,1,200,-1.162435,1.041159,-2.510132,0.782129,0.082739,0.613267,-0.073020,0.0024,0.0047,-0.0024,0
1784730823.745214,628944.390000,controller,LHR-65847686,1,200,-1.162424,1.041178,-2.510140,0.782125,0.082780,0.613261,-0.073070,0.0027,0.0051,-0.0024,0
1784730823.758715,628944.406000,controller,LHR-65847686,1,200,-1.162388,1.041262,-2.510349,0.782135,0.082912,0.613207,-0.073263,0.0033,0.0058,-0.0047,0
1784730823.766214,628944.406000,controller,LHR-65847686,1,200,-1.162359,1.041311,-2.510379,0.782135,0.083070,0.613184,-0.073277,0.0038,0.0061,-0.0046,0
1784730823.783714,628944.437000,controller,LHR-65847686,1,200,-1.162313,1.041576,-2.510301,0.782088,0.083677,0.613172,-0.073187,0.0051,0.0078,-0.0026,0
1784730823.783714,628944.437000,controller,LHR-65847686,1,200,-1.162312,1.041578,-2.510302,0.782087,0.083683,0.613172,-0.073186,0.0051,0.0078,-0.0026,0
1784730823.794214,628944.437000,controller,LHR-65847686,1,200,-1.162237,1.041750,-2.510236,0.781955,0.084040,0.613292,-0.073194,0.0058,0.0079,-0.0016,0
1784730823.814715,628944.468000,controller,LHR-65847686,1,200,-1.162144,1.041993,-2.510139,0.781682,0.084865,0.613528,-0.073174,0.0058,0.0084,-0.0014,0
1784730823.814715,628944.468000,controller,LHR-65847686,1,200,-1.162143,1.041994,-2.510139,0.781679,0.084872,0.613531,-0.073173,0.0058,0.0084,-0.0014,0
1784730823.825217,628944.468000,controller,LHR-65847686,1,200,-1.162089,1.042071,-2.510155,0.781513,0.085433,0.613693,-0.072941,0.0053,0.0072,-0.0019,0
1784730823.845714,628944.484000,controller,LHR-65847686,1,200,-1.161996,1.042426,-2.510094,0.781238,0.086796,0.613965,-0.071974,0.0035,0.0072,-0.0018,0
1784730823.860215,628944.500000,controller,LHR-65847686,1,200,-1.161872,1.042642,-2.510159,0.781147,0.087457,0.614026,-0.071638,0.0044,0.0071,-0.0032,0
1784730823.868715,628944.515000,controller,LHR-65847686,1,200,-1.161825,1.042715,-2.510209,0.781137,0.087695,0.613988,-0.071791,0.0054,0.0067,-0.0044,0
1784730823.872215,628944.515000,controller,LHR-65847686,1,200,-1.161800,1.042745,-2.510229,0.781134,0.087765,0.613966,-0.071929,0.0060,0.0070,-0.0047,0
1784730823.885714,628944.531000,controller,LHR-65847686,1,200,-1.161712,1.042828,-2.510297,0.781123,0.088014,0.613882,-0.072452,0.0066,0.0059,-0.0048,0
1784730823.893215,628944.546000,controller,LHR-65847686,1,200,-1.161695,1.042844,-2.510445,0.781113,0.088282,0.613850,-0.072509,0.0057,0.0046,-0.0051,0
1784730823.895714,628944.546000,controller,LHR-65847686,1,200,-1.161684,1.042848,-2.510453,0.781109,0.088349,0.613844,-0.072516,0.0052,0.0035,-0.0044,0
1784730823.908215,628944.546000,controller,LHR-65847686,1,200,-1.161672,1.042842,-2.510657,0.781153,0.088551,0.613759,-0.072511,0.0031,-0.0005,-0.0051,0
1784730823.930714,628944.578000,controller,LHR-65847686,1,200,-1.161650,1.042821,-2.510515,0.781414,0.088168,0.613481,-0.072528,0.0019,-0.0097,-0.0034,0
1784730823.931214,628944.578000,controller,LHR-65847686,1,200,-1.161649,1.042816,-2.510517,0.781422,0.088151,0.613473,-0.072530,0.0019,-0.0097,-0.0034,0
1784730823.941716,628944.593000,controller,LHR-65847686,1,200,-1.161624,1.042698,-2.510545,0.781571,0.087760,0.613325,-0.072650,0.0024,-0.0115,-0.0025,0
1784730823.947215,628944.593000,controller,LHR-65847686,1,200,-1.161633,1.042864,-2.510237,0.781545,0.087703,0.613355,-0.072742,0.0032,-0.0112,0.0003,0
1784730823.962714,628944.609000,controller,LHR-65847686,1,200,-1.161589,1.042723,-2.510141,0.781327,0.087667,0.613632,-0.072790,0.0022,-0.0084,0.0075,0
1784730823.972215,628944.625000,controller,LHR-65847686,1,200,-1.161579,1.042661,-2.510284,0.781076,0.087855,0.613937,-0.072685,0.0009,-0.0061,0.0094,0
1784730823.975714,628944.625000,controller,LHR-65847686,1,200,-1.161578,1.042642,-2.510242,0.780958,0.087957,0.614086,-0.072573,0.0005,-0.0056,0.0105,0
1784730823.989214,628944.640000,controller,LHR-65847686,1,200,-1.161606,1.042518,-2.510273,0.780609,0.088270,0.614525,-0.072226,-0.0004,-0.0054,0.0103,0
1784730823.997715,628944.640000,controller,LHR-65847686,1,200,-1.161601,1.042467,-2.510211,0.780444,0.088448,0.614727,-0.072074,0.0008,-0.0061,0.0076,0
1784730824.016215,628944.656000,controller,LHR-65847686,1,200,-1.161522,1.042428,-2.510133,0.780239,0.088587,0.614956,-0.072170,0.0042,-0.0048,0.0028,0
1784730824.028715,628944.671000,controller,LHR-65847686,1,200,-1.161528,1.042712,-2.509583,0.780133,0.088613,0.615075,-0.072270,0.0045,-0.0049,0.0022,0
1784730824.036215,628944.687000,controller,LHR-65847686,1,200,-1.161497,1.042672,-2.509563,0.780053,0.088614,0.615168,-0.072337,0.0042,-0.0053,0.0022,0
1784730824.037713,628944.687000,controller,LHR-65847686,1,200,-1.161491,1.042664,-2.509560,0.780039,0.088612,0.615185,-0.072352,0.0042,-0.0053,0.0022,0
1784730824.049216,628944.703000,controller,LHR-65847686,1,200,-1.161477,1.042558,-2.509704,0.779883,0.088701,0.615367,-0.072373,0.0031,-0.0054,0.0009,0
1784730824.054715,628944.703000,controller,LHR-65847686,1,200,-1.161464,1.042529,-2.509704,0.779833,0.088736,0.615431,-0.072327,0.0025,-0.0052,0.0002,0
1784730824.070215,628944.718000,controller,LHR-65847686,1,200,-1.161496,1.042759,-2.509311,0.779762,0.088745,0.615539,-0.072164,0.0018,-0.0041,-0.0012,0
1784730824.080715,628944.734000,controller,LHR-65847686,1,200,-1.161473,1.042728,-2.509332,0.779754,0.088765,0.615561,-0.072032,0.0021,-0.0028,-0.0019,0
1784730824.085214,628944.734000,controller,LHR-65847686,1,200,-1.161461,1.042721,-2.509346,0.779763,0.088771,0.615554,-0.071991,0.0025,-0.0020,-0.0024,0
1784730824.099715,628944.750000,controller,LHR-65847686,1,200,-1.161434,1.042826,-2.509371,0.779736,0.088891,0.615566,-0.072034,0.0037,0.0029,-0.0017,0
1784730824.108218,628944.750000,controller,LHR-65847686,1,200,-1.161454,1.042945,-2.509307,0.779674,0.089042,0.615612,-0.072120,0.0035,0.0056,-0.0012,0
1784730824.126718,628944.765000,controller,LHR-65847686,1,200,-1.161437,1.043369,-2.508901,0.779510,0.089465,0.615704,-0.072586,0.0039,0.0125,-0.0014,0
1784730824.140214,628944.781000,controller,LHR-65847686,1,200,-1.161392,1.043559,-2.508940,0.779396,0.089874,0.615753,-0.072888,0.0031,0.0146,-0.0033,0
1784730824.147716,628944.796000,controller,LHR-65847686,1,200,-1.161417,1.044011,-2.508531,0.779381,0.090263,0.615716,-0.072880,0.0029,0.0159,-0.0042,0
1784730824.150216,628944.796000,controller,LHR-65847686,1,200,-1.161409,1.044051,-2.508541,0.779372,0.090374,0.615710,-0.072895,0.0029,0.0159,-0.0042,0
1784730824.162716,628944.812000,controller,LHR-65847686,1,200,-1.161352,1.044286,-2.508625,0.779357,0.090992,0.615650,-0.072786,0.0022,0.0173,-0.0074,0
1784730824.169216,628944.812000,controller,LHR-65847686,1,200,-1.161363,1.044477,-2.508574,0.779366,0.091275,0.615606,-0.072706,0.0015,0.0176,-0.0074,0
1784730824.185715,628944.828000,controller,LHR-65847686,1,200,-1.161351,1.044785,-2.508710,0.779370,0.091896,0.615545,-0.072403,0.0004,0.0193,-0.0081,0
1784730824.196214,628944.843000,controller,LHR-65847686,1,200,-1.161372,1.044897,-2.509084,0.779254,0.092398,0.615621,-0.072365,-0.0020,0.0224,-0.0090,0
1784730824.201715,628944.843000,controller,LHR-65847686,1,200,-1.161391,1.045038,-2.509126,0.779156,0.092735,0.615701,-0.072301,-0.0035,0.0251,-0.0087,0
1784730824.217215,628944.859000,controller,LHR-65847686,1,200,-1.161553,1.045542,-2.509085,0.778838,0.093947,0.615965,-0.071926,-0.0065,0.0294,-0.0073,0
1784730824.226715,628944.875000,controller,LHR-65847686,1,200,-1.161712,1.046118,-2.508766,0.778640,0.094941,0.616103,-0.071571,-0.0080,0.0340,-0.0072,0
1784730824.230214,628944.875000,controller,LHR-65847686,1,200,-1.161740,1.046240,-2.508795,0.778568,0.095302,0.616152,-0.071466,-0.0084,0.0352,-0.0080,0
1784730824.243717,628944.890000,controller,LHR-65847686,1,200,-1.161866,1.046741,-2.508935,0.778363,0.096623,0.616242,-0.071142,-0.0098,0.0377,-0.0108,0
1784730824.252217,628944.906000,controller,LHR-65847686,1,200,-1.162004,1.047018,-2.509209,0.778311,0.097287,0.616207,-0.071110,-0.0107,0.0381,-0.0131,0
1784730824.254716,628944.906000,controller,LHR-65847686,1,200,-1.162029,1.047112,-2.509247,0.778297,0.097475,0.616192,-0.071131,-0.0104,0.0376,-0.0138,0
1784730824.267214,628944.906000,controller,LHR-65847686,1,200,-1.162181,1.047919,-2.509023,0.778173,0.098458,0.616171,-0.071322,-0.0084,0.0381,-0.0152,0
1784730824.289714,628944.937000,controller,LHR-65847686,1,200,-1.162444,1.048939,-2.509083,0.777871,0.099993,0.616268,-0.071637,-0.0099,0.0327,-0.0163,0
1784730824.291215,628944.937000,controller,LHR-65847686,1,200,-1.162465,1.048975,-2.509108,0.777850,0.100073,0.616288,-0.071576,-0.0108,0.0308,-0.0165,0
1784730824.302715,628944.953000,controller,LHR-65847686,1,200,-1.162621,1.049268,-2.509325,0.777777,0.100629,0.616333,-0.071211,-0.0142,0.0255,-0.0193,0
1784730824.308216,628944.953000,controller,LHR-65847686,1,200,-1.162758,1.049484,-2.509290,0.777805,0.100839,0.616289,-0.070992,-0.0156,0.0239,-0.0205,0
1784730824.323716,628944.968000,controller,LHR-65847686,1,200,-1.163043,1.049785,-2.509706,0.778142,0.100769,0.615957,-0.070268,-0.0187,0.0196,-0.0273,0
1784730824.334215,628944.984000,controller,LHR-65847686,1,200,-1.163206,1.050208,-2.509953,0.778456,0.100602,0.615594,-0.070206,-0.0174,0.0227,-0.0312,0
1784730824.338717,628944.984000,controller,LHR-65847686,1,200,-1.163280,1.050320,-2.510094,0.778583,0.100519,0.615446,-0.070214,-0.0168,0.0240,-0.0314,0
1784730824.353217,628945.000000,controller,LHR-65847686,1,200,-1.163568,1.050974,-2.510232,0.778779,0.100596,0.615151,-0.070526,-0.0151,0.0296,-0.0308,0
1784730824.361715,628945.015000,controller,LHR-65847686,1,200,-1.163678,1.051283,-2.510464,0.778732,0.101035,0.615102,-0.070828,-0.0132,0.0353,-0.0290,0
1784730824.365216,628945.015000,controller,LHR-65847686,1,200,-1.163724,1.051407,-2.510566,0.778722,0.101205,0.615075,-0.070942,-0.0132,0.0353,-0.0290,0
1784730824.378714,628945.031000,controller,LHR-65847686,1,200,-1.163957,1.052022,-2.510864,0.778592,0.102290,0.615049,-0.071036,-0.0135,0.0395,-0.0297,0
1784730824.386216,628945.031000,controller,LHR-65847686,1,200,-1.164140,1.052302,-2.511244,0.778628,0.102763,0.614921,-0.071069,-0.0147,0.0396,-0.0341,0
1784730824.403717,628945.046000,controller,LHR-65847686,1,200,-1.164500,1.053234,-2.511526,0.778760,0.103681,0.614577,-0.071268,-0.0166,0.0377,-0.0438,0
1784730824.416215,628945.062000,controller,LHR-65847686,1,200,-1.164732,1.053697,-2.512163,0.778999,0.103963,0.614214,-0.071371,-0.0191,0.0378,-0.0520,0
1784730824.422715,628945.062000,controller,LHR-65847686,1,200,-1.164870,1.053944,-2.512530,0.779137,0.104086,0.614022,-0.071333,-0.0210,0.0389,-0.0565,0
1784730824.439217,628945.078000,controller,LHR-65847686,1,200,-1.165217,1.054783,-2.513454,0.779373,0.104713,0.613637,-0.071155,-0.0235,0.0436,-0.0646,0
1784730824.449715,628945.093000,controller,LHR-65847686,1,200,-1.165499,1.055495,-2.513943,0.779511,0.105219,0.613364,-0.071247,-0.0238,0.0483,-0.0691,0
1784730824.455216,628945.093000,controller,LHR-65847686,1,200,-1.165632,1.055790,-2.514369,0.779600,0.105538,0.613180,-0.071383,-0.0245,0.0516,-0.0756,0
1784730824.470715,628945.109000,controller,LHR-65847686,1,200,-1.166013,1.056491,-2.515985,0.779976,0.106444,0.612499,-0.071779,-0.0274,0.0588,-0.0927,0
1784730824.480215,628945.125000,controller,LHR-65847686,1,200,-1.166307,1.057070,-2.516941,0.780313,0.106986,0.611959,-0.071916,-0.0316,0.0620,-0.1015,0
1784730824.483715,628945.125000,controller,LHR-65847686,1,200,-1.166472,1.057425,-2.516992,0.780456,0.107238,0.611736,-0.071881,-0.0341,0.0637,-0.1046,0
1784730824.497215,628945.140000,controller,LHR-65847686,1,200,-1.167027,1.058345,-2.518539,0.781188,0.108112,0.610683,-0.071578,-0.0427,0.0699,-0.1161,0
1784730824.505715,628945.156000,controller,LHR-65847686,1,200,-1.167449,1.059091,-2.519464,0.781687,0.108734,0.609951,-0.071426,-0.0472,0.0761,-0.1235,0
1784730824.508216,628945.156000,controller,LHR-65847686,1,200,-1.167579,1.059303,-2.519800,0.781877,0.108924,0.609676,-0.071412,-0.0491,0.0793,-0.1270,0
1784730824.520714,628945.171000,controller,LHR-65847686,1,200,-1.168235,1.060413,-2.521496,0.782812,0.109730,0.608290,-0.071753,-0.0538,0.0900,-0.1369,0
1784730824.528216,628945.171000,controller,LHR-65847686,1,200,-1.168657,1.061376,-2.522258,0.783364,0.110082,0.607439,-0.072400,-0.0560,0.0984,-0.1436,0
1784730824.545716,628945.187000,controller,LHR-65847686,1,200,-1.169699,1.063318,-2.524951,0.784855,0.110785,0.605148,-0.074335,-0.0612,0.1139,-0.1562,0
1784730824.557215,628945.203000,controller,LHR-65847686,1,200,-1.170451,1.064859,-2.526651,0.785809,0.111495,0.603638,-0.075459,-0.0658,0.1236,-0.1635,0
1784730824.562714,628945.203000,controller,LHR-65847686,1,200,-1.170844,1.065705,-2.527448,0.786206,0.111907,0.602975,-0.076010,-0.0686,0.1313,-0.1679,0
1784730824.578215,628945.218000,controller,LHR-65847686,1,200,-1.172003,1.067874,-2.530130,0.787335,0.113135,0.601080,-0.077507,-0.0789,0.1455,-0.1761,0
1784730824.588715,628945.234000,controller,LHR-65847686,1,200,-1.172972,1.069424,-2.531922,0.788042,0.113920,0.599922,-0.078138,-0.0874,0.1521,-0.1791,0
1784730824.593215,628945.234000,controller,LHR-65847686,1,200,-1.173396,1.070126,-2.532738,0.788339,0.114264,0.599445,-0.078300,-0.0915,0.1553,-0.1808,0
1784730824.607718,628945.250000,controller,LHR-65847686,1,200,-1.174938,1.072546,-2.535338,0.789256,0.115321,0.598018,-0.078421,-0.1075,0.1673,-0.1864,0
1784730824.616215,628945.265000,controller,LHR-65847686,1,200,-1.175915,1.074049,-2.536966,0.789763,0.115953,0.597234,-0.078361,-0.1136,0.1750,-0.1891,0
1784730824.619715,628945.265000,controller,LHR-65847686,1,200,-1.176310,1.074656,-2.537608,0.789944,0.116172,0.596950,-0.078381,-0.1164,0.1791,-0.1915,0
1784730824.633215,628945.281000,controller,LHR-65847686,1,200,-1.177925,1.077271,-2.540247,0.790572,0.117091,0.595882,-0.078813,-0.1223,0.1945,-0.1988,0
1784730824.640714,628945.281000,controller,LHR-65847686,1,200,-1.178873,1.078831,-2.541790,0.790819,0.117645,0.595406,-0.079094,-0.1257,0.2059,-0.2053,0
1784730824.658215,628945.296000,controller,LHR-65847686,1,200,-1.181265,1.082970,-2.545412,0.791333,0.119332,0.594315,-0.079632,-0.1359,0.2398,-0.2290,0
1784730824.670714,628945.312000,controller,LHR-65847686,1,200,-1.183101,1.086376,-2.548087,0.791862,0.120969,0.593264,-0.079743,-0.1432,0.2621,-0.2492,0
1784730824.677214,628945.328000,controller,LHR-65847686,1,200,-1.184042,1.088138,-2.549770,0.792221,0.121933,0.592575,-0.079838,-0.1451,0.2702,-0.2575,0
1784730824.677714,628945.328000,controller,LHR-65847686,1,200,-1.184116,1.088275,-2.549901,0.792247,0.122008,0.592523,-0.079845,-0.1451,0.2702,-0.2575,0
1784730824.688216,628945.328000,controller,LHR-65847686,1,200,-1.185718,1.091500,-2.552538,0.793128,0.123473,0.590995,-0.080165,-0.1497,0.2966,-0.2836,0
1784730824.708716,628945.359000,controller,LHR-65847686,1,200,-1.188839,1.098183,-2.559050,0.795588,0.126555,0.586857,-0.081371,-0.1532,0.3420,-0.3264,0
1784730824.708716,628945.359000,controller,LHR-65847686,1,200,-1.188875,1.098263,-2.559126,0.795619,0.126592,0.586806,-0.081387,-0.1532,0.3420,-0.3264,0
1784730824.719216,628945.359000,controller,LHR-65847686,1,200,-1.190416,1.102043,-2.562676,0.797006,0.128632,0.584322,-0.082484,-0.1508,0.3697,-0.3484,0
1784730824.739719,628945.390000,controller,LHR-65847686,1,200,-1.193471,1.110303,-2.569869,0.799551,0.133565,0.579254,-0.085686,-0.1449,0.4090,-0.3801,0
1784730824.739719,628945.390000,controller,LHR-65847686,1,200,-1.193492,1.110363,-2.569924,0.799570,0.133603,0.579216,-0.085713,-0.1449,0.4090,-0.3801,0
1784730824.750214,628945.390000,controller,LHR-65847686,1,200,-1.194982,1.114829,-2.573883,0.800888,0.136506,0.576420,-0.087661,-0.1418,0.4236,-0.3934,0
1784730824.770715,628945.421000,controller,LHR-65847686,1,200,-1.197863,1.123994,-2.582479,0.804052,0.142552,0.569934,-0.091403,-0.1376,0.4519,-0.4373,0
1784730824.770715,628945.421000,controller,LHR-65847686,1,200,-1.197884,1.124062,-2.582545,0.804076,0.142596,0.569885,-0.091428,-0.1376,0.4519,-0.4373,0
1784730824.781215,628945.421000,controller,LHR-65847686,1,200,-1.199305,1.128787,-2.587204,0.805896,0.145534,0.566334,-0.092827,-0.1368,0.4584,-0.4510,0
1784730824.801716,628945.453000,controller,LHR-65847686,1,200,-1.202267,1.139200,-2.595887,0.809764,0.150853,0.559049,-0.094810,-0.1288,0.4847,-0.4837,0
1784730824.801716,628945.453000,controller,LHR-65847686,1,200,-1.202288,1.139277,-2.595964,0.809795,0.150894,0.558990,-0.094827,-0.1288,0.4847,-0.4837,0
1784730824.812215,628945.453000,controller,LHR-65847686,1,200,-1.203557,1.144371,-2.601047,0.811803,0.153529,0.555114,-0.096196,-0.1217,0.4948,-0.4943,0
1784730824.832714,628945.484000,controller,LHR-65847686,1,200,-1.205786,1.155110,-2.611329,0.815632,0.159306,0.547056,-0.100481,-0.0980,0.5212,-0.5223,0
1784730824.832714,628945.484000,controller,LHR-65847686,1,200,-1.205801,1.155187,-2.611406,0.815659,0.159349,0.546996,-0.100516,-0.0980,0.5212,-0.5223,0
1784730824.843216,628945.484000,controller,LHR-65847686,1,200,-1.206737,1.161065,-2.616582,0.817732,0.162586,0.542442,-0.103137,-0.0807,0.5363,-0.5409,0
1784730824.863714,628945.515000,controller,LHR-65847686,1,200,-1.208037,1.172530,-2.627690,0.822117,0.169390,0.532663,-0.108170,-0.0527,0.5523,-0.5714,0
1784730824.863714,628945.515000,controller,LHR-65847686,1,200,-1.208045,1.172612,-2.627775,0.822150,0.169440,0.532589,-0.108205,-0.0527,0.5523,-0.5714,0
1784730824.874217,628945.515000,controller,LHR-65847686,1,200,-1.208459,1.178377,-2.633819,0.824524,0.173021,0.527286,-0.110426,-0.0357,0.5578,-0.5854,0
1784730824.894715,628945.546000,controller,LHR-65847686,1,200,-1.208883,1.190403,-2.645308,0.828860,0.180816,0.516958,-0.114241,-0.0054,0.5707,-0.5951,0
1784730824.894715,628945.546000,controller,LHR-65847686,1,200,-1.208884,1.190489,-2.645397,0.828891,0.180877,0.516883,-0.114266,-0.0054,0.5707,-0.5951,0
1784730824.905215,628945.546000,controller,LHR-65847686,1,200,-1.208848,1.196536,-2.651432,0.830903,0.185517,0.511690,-0.115575,0.0075,0.5769,-0.5942,0
1784730824.925716,628945.578000,controller,LHR-65847686,1,200,-1.208350,1.208753,-2.663082,0.834480,0.196517,0.501450,-0.116496,0.0370,0.5857,-0.5878,0
1784730824.925716,628945.578000,controller,LHR-65847686,1,200,-1.208323,1.208879,-2.663198,0.834501,0.196691,0.501358,-0.116453,0.0432,0.5857,-0.5862,0
1784730824.936215,628945.578000,controller,LHR-65847686,1,200,-1.207779,1.214917,-2.669225,0.836160,0.202608,0.496178,-0.116594,0.0550,0.5847,-0.5838,0
1784730824.956715,628945.609000,controller,LHR-65847686,1,200,-1.206151,1.227134,-2.680606,0.839763,0.213396,0.485202,-0.117637,0.0874,0.5802,-0.5800,0
1784730824.956715,628945.609000,controller,LHR-65847686,1,200,-1.206137,1.227221,-2.680693,0.839790,0.213474,0.485119,-0.117645,0.0874,0.5802,-0.5800,0
1784730824.967215,628945.609000,controller,LHR-65847686,1,200,-1.205187,1.233551,-2.686099,0.841907,0.218124,0.479125,-0.118552,0.1053,0.5714,-0.5783,0
1784730824.987714,628945.640000,controller,LHR-65847686,1,200,-1.202633,1.245570,-2.697028,0.846436,0.226065,0.466701,-0.120963,0.1371,0.5547,-0.5678,0
1784730824.987714,628945.640000,controller,LHR-65847686,1,200,-1.202610,1.245662,-2.697122,0.846473,0.226123,0.466599,-0.120984,0.1371,0.5547,-0.5678,0
1784730824.998215,628945.640000,controller,LHR-65847686,1,200,-1.201053,1.251285,-2.702878,0.848775,0.229615,0.460353,-0.122199,0.1557,0.5421,-0.5534,0
1784730825.018717,628945.671000,controller,LHR-65847686,1,200,-1.197550,1.262527,-2.713400,0.852801,0.237580,0.448351,-0.123560,0.1793,0.5188,-0.5158,0
1784730825.018717,628945.671000,controller,LHR-65847686,1,200,-1.197519,1.262615,-2.713488,0.852832,0.237649,0.448253,-0.123568,0.1793,0.5188,-0.5158,0
1784730825.029213,628945.671000,controller,LHR-65847686,1,200,-1.195516,1.267844,-2.718972,0.854554,0.242216,0.442423,-0.123816,0.1876,0.5079,-0.4992,0
1784730825.049715,628945.703000,controller,LHR-65847686,1,200,-1.191438,1.277774,-2.728719,0.857374,0.251665,0.431635,-0.123556,0.2035,0.4768,-0.4578,0
1784730825.049715,628945.703000,controller,LHR-65847686,1,200,-1.191399,1.277866,-2.728807,0.857398,0.251754,0.431536,-0.123551,0.2035,0.4768,-0.4578,0
1784730825.060215,628945.703000,controller,LHR-65847686,1,200,-1.189244,1.282516,-2.733319,0.858688,0.255986,0.426535,-0.123259,0.2113,0.4523,-0.4383,0
1784730825.080714,628945.734000,controller,LHR-65847686,1,200,-1.184539,1.291418,-2.741819,0.861371,0.262776,0.416637,-0.124106,0.2271,0.4091,-0.4179,0
1784730825.080714,628945.734000,controller,LHR-65847686,1,200,-1.184483,1.291520,-2.741923,0.861404,0.262851,0.416518,-0.124120,0.2271,0.4091,-0.4179,0
1784730825.091214,628945.734000,controller,LHR-65847686,1,200,-1.181899,1.295494,-2.746338,0.862966,0.265443,0.411220,-0.125414,0.2377,0.3812,-0.4122,0
1784730825.111716,628945.765000,controller,LHR-65847686,1,200,-1.176717,1.303120,-2.753776,0.866753,0.269364,0.399361,-0.129202,0.2564,0.3279,-0.4036,0
1784730825.111716,628945.765000,controller,LHR-65847686,1,200,-1.176656,1.303198,-2.753872,0.866799,0.269400,0.399219,-0.129254,0.2564,0.3279,-0.4036,0
1784730825.122216,628945.765000,controller,LHR-65847686,1,200,-1.173958,1.306272,-2.758001,0.868997,0.270295,0.392812,-0.132223,0.2628,0.2926,-0.3979,0
1784730825.142716,628945.781000,controller,LHR-65847686,1,200,-1.168337,1.312232,-2.764815,0.873365,0.270896,0.380130,-0.139108,0.2664,0.2319,-0.3800,0
1784730825.157214,628945.796000,controller,LHR-65847686,1,200,-1.164690,1.316027,-2.771463,0.876347,0.271004,0.371618,-0.143080,0.2555,0.1980,-0.3598,0
1784730825.166715,628945.812000,controller,LHR-65847686,1,200,-1.162368,1.317743,-2.774771,0.878285,0.271082,0.366264,-0.144848,0.2375,0.1603,-0.3365,0
1784730825.170214,628945.812000,controller,LHR-65847686,1,200,-1.161531,1.318305,-2.775952,0.878995,0.271070,0.364323,-0.145457,0.2375,0.1603,-0.3365,0
1784730825.183715,628945.828000,controller,LHR-65847686,1,200,-1.158625,1.319968,-2.780068,0.881506,0.270933,0.357957,-0.146317,0.2082,0.1161,-0.2999,0
1784730825.191215,628945.843000,controller,LHR-65847686,1,200,-1.157187,1.320826,-2.782307,0.882703,0.270644,0.355079,-0.146648,0.1916,0.0965,-0.2840,0
1784730825.193715,628945.843000,controller,LHR-65847686,1,200,-1.156709,1.321067,-2.783015,0.883132,0.270529,0.354061,-0.146740,0.1916,0.0965,-0.2840,0
1784730825.206215,628945.859000,controller,LHR-65847686,1,200,-1.154449,1.322005,-2.786261,0.885140,0.269339,0.349651,-0.147406,0.1714,0.0701,-0.2583,0
1784730825.212713,628945.859000,controller,LHR-65847686,1,200,-1.153423,1.322364,-2.787863,0.885989,0.268479,0.347929,-0.147946,0.1601,0.0557,-0.2423,0
1784730825.229215,628945.875000,controller,LHR-65847686,1,200,-1.150955,1.323004,-2.791416,0.888139,0.265780,0.343756,-0.149673,0.1418,0.0357,-0.2090,0
1784730825.239717,628945.890000,controller,LHR-65847686,1,200,-1.149605,1.323316,-2.793341,0.889219,0.264116,0.341791,-0.150702,0.1282,0.0288,-0.1826,0
1784730825.245215,628945.890000,controller,LHR-65847686,1,200,-1.148923,1.323483,-2.794267,0.889748,0.263504,0.340752,-0.151002,0.1234,0.0278,-0.1731,0
1784730825.260715,628945.906000,controller,LHR-65847686,1,200,-1.147121,1.323795,-2.796552,0.890723,0.262745,0.338670,-0.151265,0.1090,0.0254,-0.1402,0
1784730825.270215,628945.921000,controller,LHR-65847686,1,200,-1.146066,1.323965,-2.797730,0.891023,0.262739,0.337625,-0.151839,0.1008,0.0253,-0.1209,0
1784730825.274720,628945.921000,controller,LHR-65847686,1,200,-1.145617,1.324089,-2.798247,0.891098,0.262877,0.337217,-0.152070,0.0987,0.0257,-0.1156,0
1784730825.289215,628945.937000,controller,LHR-65847686,1,200,-1.144214,1.324435,-2.799762,0.891286,0.263749,0.335746,-0.152712,0.0919,0.0249,-0.1004,0
1784730825.297715,628945.937000,controller,LHR-65847686,1,200,-1.143517,1.324634,-2.800480,0.891300,0.264869,0.334941,-0.152460,0.0810,0.0218,-0.0846,0
1784730825.316216,628945.968000,controller,LHR-65847686,1,200,-1.142347,1.324959,-2.801649,0.891315,0.267371,0.333600,-0.150935,0.0594,0.0131,-0.0620,0
1784730825.316216,628945.968000,controller,LHR-65847686,1,200,-1.142333,1.324962,-2.801663,0.891315,0.267402,0.333585,-0.150914,0.0594,0.0131,-0.0620,0
1784730825.326715,628945.968000,controller,LHR-65847686,1,200,-1.141820,1.324899,-2.802000,0.891249,0.268492,0.333204,-0.150208,0.0442,0.0007,-0.0456,0
1784730825.347214,628946.000000,controller,LHR-65847686,1,200,-1.141273,1.324819,-2.802563,0.891021,0.269750,0.333404,-0.148856,0.0212,-0.0146,-0.0250,0
1784730825.347214,628946.000000,controller,LHR-65847686,1,200,-1.141269,1.324817,-2.802567,0.891019,0.269756,0.333410,-0.148848,0.0212,-0.0146,-0.0250,0
1784730825.357714,628946.000000,controller,LHR-65847686,1,200,-1.141135,1.324605,-2.802773,0.890856,0.269818,0.333977,-0.148434,0.0111,-0.0208,-0.0178,0
1784730825.378215,628946.031000,controller,LHR-65847686,1,200,-1.141056,1.324119,-2.803205,0.890672,0.269718,0.335118,-0.147147,-0.0031,-0.0247,-0.0097,0
1784730825.378215,628946.031000,controller,LHR-65847686,1,200,-1.141057,1.324114,-2.803207,0.890670,0.269716,0.335130,-0.147132,-0.0031,-0.0247,-0.0097,0
1784730825.388715,628946.031000,controller,LHR-65847686,1,200,-1.141198,1.324000,-2.803047,0.890704,0.269631,0.335495,-0.146246,-0.0078,-0.0230,-0.0021,0
1784730825.409215,628946.062000,controller,LHR-65847686,1,200,-1.141436,1.323619,-2.802821,0.890694,0.269650,0.336158,-0.144745,-0.0114,-0.0213,0.0097,0
1784730825.409215,628946.062000,controller,LHR-65847686,1,200,-1.141438,1.323615,-2.802819,0.890693,0.269652,0.336165,-0.144734,-0.0114,-0.0213,0.0097,0
1784730825.419716,628946.062000,controller,LHR-65847686,1,200,-1.141541,1.323397,-2.802672,0.890584,0.269787,0.336507,-0.144353,-0.0108,-0.0217,0.0147,0
1784730825.440216,628946.093000,controller,LHR-65847686,1,200,-1.141815,1.323070,-2.802185,0.890225,0.269655,0.337568,-0.144336,-0.0126,-0.0196,0.0220,0
1784730825.440216,628946.093000,controller,LHR-65847686,1,200,-1.141819,1.323063,-2.802177,0.890217,0.269655,0.337589,-0.144336,-0.0126,-0.0196,0.0220,0
1784730825.451215,628946.093000,controller,LHR-65847686,1,200,-1.141971,1.322869,-2.801932,0.890034,0.269579,0.338210,-0.144154,-0.0147,-0.0176,0.0231,0
1784730825.471714,628946.125000,controller,LHR-65847686,1,200,-1.142256,1.322483,-2.801449,0.889888,0.269478,0.338965,-0.143470,-0.0142,-0.0150,0.0236,0
1784730825.471714,628946.125000,controller,LHR-65847686,1,200,-1.142259,1.322480,-2.801444,0.889887,0.269477,0.338971,-0.143463,-0.0142,-0.0150,0.0236,0
1784730825.482216,628946.125000,controller,LHR-65847686,1,200,-1.142381,1.322343,-2.801208,0.889916,0.269377,0.339102,-0.143161,-0.0123,-0.0132,0.0236,0
1784730825.502717,628946.156000,controller,LHR-65847686,1,200,-1.142599,1.321816,-2.801419,0.890014,0.268949,0.339126,-0.143300,-0.0083,-0.0126,0.0211,0
1784730825.502717,628946.156000,controller,LHR-65847686,1,200,-1.142600,1.321813,-2.801415,0.890014,0.268946,0.339126,-0.143303,-0.0083,-0.0126,0.0211,0
1784730825.513214,628946.156000,controller,LHR-65847686,1,200,-1.142700,1.321707,-2.801248,0.889945,0.268822,0.339260,-0.143651,-0.0086,-0.0116,0.0231,0
1784730825.533715,628946.187000,controller,LHR-65847686,1,200,-1.142981,1.321492,-2.800681,0.889664,0.268564,0.339848,-0.144483,-0.0126,-0.0101,0.0286,0
1784730825.533715,628946.187000,controller,LHR-65847686,1,200,-1.142986,1.321491,-2.800672,0.889655,0.268579,0.339866,-0.144463,-0.0130,-0.0102,0.0293,0
1784730825.544215,628946.187000,controller,LHR-65847686,1,200,-1.143146,1.321491,-2.800201,0.889420,0.268688,0.340281,-0.144730,-0.0141,-0.0091,0.0331,0
1784730825.564714,628946.218000,controller,LHR-65847686,1,200,-1.143484,1.321368,-2.799383,0.888923,0.269202,0.341206,-0.144650,-0.0158,-0.0104,0.0366,0
1784730825.564714,628946.218000,controller,LHR-65847686,1,200,-1.143486,1.321366,-2.799377,0.888920,0.269206,0.341213,-0.144648,-0.0158,-0.0104,0.0366,0
1784730825.575217,628946.218000,controller,LHR-65847686,1,200,-1.143652,1.321227,-2.799006,0.888770,0.269403,0.341575,-0.144346,-0.0155,-0.0133,0.0361,0
1784730825.595715,628946.234000,controller,LHR-65847686,1,200,-1.143918,1.320891,-2.798296,0.888533,0.269512,0.342234,-0.144040,-0.0139,-0.0192,0.0349,0
1784730825.610216,628946.250000,controller,LHR-65847686,1,200,-1.144099,1.320796,-2.797643,0.888304,0.269640,0.342830,-0.143802,-0.0140,-0.0191,0.0362,0
1784730825.618718,628946.265000,controller,LHR-65847686,1,200,-1.144226,1.320637,-2.797329,0.888149,0.269576,0.343332,-0.143679,-0.0141,-0.0184,0.0364,0
1784730825.622218,628946.265000,controller,LHR-65847686,1,200,-1.144276,1.320573,-2.797202,0.888090,0.269554,0.343523,-0.143625,-0.0141,-0.0184,0.0364,0
1784730825.635716,628946.281000,controller,LHR-65847686,1,200,-1.144460,1.320462,-2.796681,0.887805,0.269769,0.344312,-0.143095,-0.0146,-0.0164,0.0363,0
1784730825.643216,628946.296000,controller,LHR-65847686,1,200,-1.144520,1.320400,-2.796267,0.887661,0.270021,0.344618,-0.142775,-0.0130,-0.0158,0.0373,0
1784730825.645715,628946.296000,controller,LHR-65847686,1,200,-1.144552,1.320361,-2.796174,0.887624,0.270070,0.344727,-0.142653,-0.0130,-0.0158,0.0373,0
1784730825.658216,628946.296000,controller,LHR-65847686,1,200,-1.144652,1.320160,-2.795761,0.887503,0.270331,0.344951,-0.142370,-0.0080,-0.0165,0.0329,0
1784730825.680718,628946.328000,controller,LHR-65847686,1,200,-1.144701,1.319711,-2.795119,0.887511,0.270253,0.344829,-0.142762,-0.0014,-0.0214,0.0272,0
1784730825.681215,628946.328000,controller,LHR-65847686,1,200,-1.144701,1.319701,-2.795106,0.887512,0.270247,0.344825,-0.142777,-0.0014,-0.0214,0.0272,0
1784730825.691715,628946.343000,controller,LHR-65847686,1,200,-1.144729,1.319501,-2.794760,0.887522,0.269938,0.344891,-0.143137,-0.0015,-0.0214,0.0268,0
1784730825.697215,628946.343000,controller,LHR-65847686,1,200,-1.144750,1.319384,-2.794611,0.887529,0.269672,0.344991,-0.143358,-0.0029,-0.0207,0.0267,0
1784730825.712718,628946.359000,controller,LHR-65847686,1,200,-1.144908,1.319137,-2.794073,0.887471,0.269110,0.345443,-0.143681,-0.0062,-0.0182,0.0289,0
1784730825.722215,628946.375000,controller,LHR-65847686,1,200,-1.144966,1.319023,-2.793829,0.887463,0.268939,0.345594,-0.143686,-0.0063,-0.0132,0.0297,0
1784730825.725718,628946.375000,controller,LHR-65847686,1,200,-1.144988,1.318977,-2.793725,0.887452,0.268869,0.345684,-0.143671,-0.0063,-0.0132,0.0297,0
1784730825.739216,628946.390000,controller,LHR-65847686,1,200,-1.145033,1.318879,-2.793286,0.887344,0.269134,0.345854,-0.143429,-0.0029,-0.0072,0.0324,0
1784730825.747716,628946.390000,controller,LHR-65847686,1,200,-1.145034,1.318906,-2.792954,0.887195,0.269508,0.345939,-0.143445,-0.0018,-0.0036,0.0344,0
1784730825.766217,628946.406000,controller,LHR-65847686,1,200,-1.145045,1.318919,-2.792231,0.886817,0.270484,0.346127,-0.143495,-0.0012,-0.0010,0.0374,0
1784730825.778715,628946.421000,controller,LHR-65847686,1,200,-1.145076,1.318881,-2.791741,0.886557,0.271072,0.346317,-0.143533,-0.0026,-0.0030,0.0391,0
1784730825.786216,628946.437000,controller,LHR-65847686,1,200,-1.145085,1.318900,-2.791502,0.886439,0.271253,0.346457,-0.143580,-0.0045,-0.0034,0.0387,0
1784730825.787714,628946.437000,controller,LHR-65847686,1,200,-1.145092,1.318895,-2.791443,0.886414,0.271293,0.346488,-0.143581,-0.0045,-0.0034,0.0387,0
1784730825.799217,628946.453000,controller,LHR-65847686,1,200,-1.145179,1.318817,-2.791008,0.886267,0.271304,0.346850,-0.143594,-0.0075,-0.0069,0.0379,0
1784730825.804716,628946.453000,controller,LHR-65847686,1,200,-1.145194,1.318806,-2.790860,0.886183,0.271344,0.346994,-0.143692,-0.0081,-0.0075,0.0369,0
1784730825.820215,628946.468000,controller,LHR-65847686,1,200,-1.145334,1.318649,-2.790292,0.885930,0.271314,0.347655,-0.143708,-0.0091,-0.0105,0.0364,0
1784730825.830716,628946.484000,controller,LHR-65847686,1,200,-1.145404,1.318670,-2.789974,0.885779,0.271494,0.347973,-0.143533,-0.0091,-0.0105,0.0340,0
1784730825.835216,628946.484000,controller,LHR-65847686,1,200,-1.145447,1.318619,-2.789825,0.885736,0.271548,0.348085,-0.143425,-0.0094,-0.0111,0.0332,0
1784730825.849718,628946.500000,controller,LHR-65847686,1,200,-1.145581,1.318497,-2.789388,0.885653,0.271682,0.348309,-0.143139,-0.0095,-0.0119,0.0312,0
1784730825.858218,628946.500000,controller,LHR-65847686,1,200,-1.145654,1.318381,-2.789149,0.885681,0.271617,0.348316,-0.143074,-0.0093,-0.0136,0.0290,0
1784730825.876716,628946.515000,controller,LHR-65847686,1,200,-1.145988,1.318185,-2.788698,0.885437,0.271401,0.348990,-0.143350,-0.0107,-0.0137,0.0267,0
1784730825.890214,628946.531000,controller,LHR-65847686,1,200,-1.146321,1.317994,-2.788300,0.885208,0.271277,0.349624,-0.143454,-0.0149,-0.0125,0.0307,0
1784730825.897715,628946.546000,controller,LHR-65847686,1,200,-1.146440,1.317906,-2.788053,0.885207,0.271105,0.349750,-0.143474,-0.0157,-0.0117,0.0326,0
1784730825.900216,628946.546000,controller,LHR-65847686,1,200,-1.146486,1.317882,-2.787960,0.885198,0.271058,0.349813,-0.143467,-0.0165,-0.0109,0.0343,0
1784730825.912715,628946.562000,controller,LHR-65847686,1,200,-1.146497,1.317727,-2.787442,0.885138,0.270955,0.349998,-0.143580,-0.0164,-0.0080,0.0405,0
1784730825.919215,628946.562000,controller,LHR-65847686,1,200,-1.146603,1.317696,-2.787150,0.885108,0.270885,0.350093,-0.143669,-0.0166,-0.0053,0.0441,0
1784730825.935714,628946.578000,controller,LHR-65847686,1,200,-1.146755,1.317662,-2.786350,0.884928,0.270912,0.350276,-0.144274,-0.0157,-0.0008,0.0540,0
1784730825.946214,628946.593000,controller,LHR-65847686,1,200,-1.146924,1.317669,-2.785688,0.884723,0.271323,0.350463,-0.144307,-0.0177,0.0016,0.0645,0
1784730825.951716,628946.593000,controller,LHR-65847686,1,200,-1.147063,1.317698,-2.785208,0.884526,0.271896,0.350690,-0.143885,-0.0220,0.0038,0.0790,0
1784730825.967215,628946.609000,controller,LHR-65847686,1,200,-1.147826,1.317903,-2.783588,0.883586,0.274045,0.352444,-0.141274,-0.0439,0.0125,0.1174,0
1784730825.976715,628946.625000,controller,LHR-65847686,1,200,-1.148447,1.318067,-2.782199,0.882917,0.275713,0.354037,-0.138195,-0.0675,0.0210,0.1531,0
1784730825.980215,628946.625000,controller,LHR-65847686,1,200,-1.148690,1.318142,-2.781648,0.882656,0.276343,0.354662,-0.136995,-0.0675,0.0210,0.1531,0
1784730825.993716,628946.640000,controller,LHR-65847686,1,200,-1.149964,1.318467,-2.779249,0.881239,0.278536,0.358323,-0.132060,-0.0984,0.0315,0.2014,0
1784730826.002215,628946.656000,controller,LHR-65847686,1,200,-1.150762,1.318741,-2.777497,0.880181,0.280186,0.360719,-0.129068,-0.1093,0.0374,0.2259,0
1784730826.004715,628946.656000,controller,LHR-65847686,1,200,-1.151031,1.318833,-2.776939,0.879847,0.280689,0.361490,-0.128093,-0.1093,0.0374,0.2259,0
1784730826.017214,628946.656000,controller,LHR-65847686,1,200,-1.152512,1.319449,-2.773638,0.877524,0.283601,0.366067,-0.124570,-0.1212,0.0492,0.2728,0
1784730826.039715,628946.687000,controller,LHR-65847686,1,200,-1.155183,1.320727,-2.766944,0.872597,0.289726,0.374162,-0.120980,-0.1274,0.0585,0.3219,0
1784730826.041214,628946.687000,controller,LHR-65847686,1,200,-1.155336,1.320784,-2.766586,0.872390,0.290168,0.374495,-0.120383,-0.1292,0.0583,0.3296,0
1784730826.052718,628946.703000,controller,LHR-65847686,1,200,-1.156845,1.321433,-2.762634,0.869463,0.293715,0.378901,-0.119160,-0.1334,0.0560,0.3462,0
1784730826.058215,628946.703000,controller,LHR-65847686,1,200,-1.157642,1.321715,-2.760584,0.867961,0.295506,0.381147,-0.118518,-0.1399,0.0503,0.3605,0
1784730826.073715,628946.718000,controller,LHR-65847686,1,200,-1.159957,1.322367,-2.754844,0.864001,0.300224,0.387200,-0.115949,-0.1571,0.0314,0.3870,0
1784730826.084214,628946.734000,controller,LHR-65847686,1,200,-1.161803,1.322725,-2.750689,0.861286,0.303387,0.391478,-0.113524,-0.1694,0.0212,0.4022,0
1784730826.088715,628946.734000,controller,LHR-65847686,1,200,-1.162678,1.322745,-2.748731,0.860051,0.304760,0.393576,-0.111947,-0.1817,0.0084,0.4177,0
1784730826.103214,628946.750000,controller,LHR-65847686,1,200,-1.165414,1.322849,-2.742546,0.856347,0.308610,0.399971,-0.107019,-0.2008,-0.0091,0.4417,0
1784730826.111715,628946.765000,controller,LHR-65847686,1,200,-1.167241,1.322649,-2.738673,0.854104,0.310327,0.404325,-0.103559,-0.2133,-0.0222,0.4565,0
1784730826.115215,628946.765000,controller,LHR-65847686,1,200,-1.168017,1.322533,-2.737041,0.853174,0.310886,0.406206,-0.102182,-0.2177,-0.0281,0.4638,0
1784730826.128715,628946.781000,controller,LHR-65847686,1,200,-1.170985,1.322123,-2.730458,0.849561,0.312769,0.413434,-0.097436,-0.2250,-0.0426,0.4876,0
1784730826.136215,628946.781000,controller,LHR-65847686,1,200,-1.172695,1.321738,-2.726666,0.847502,0.313314,0.417788,-0.095013,-0.2269,-0.0497,0.5027,0
1784730826.153715,628946.796000,controller,LHR-65847686,1,200,-1.176720,1.320799,-2.717389,0.842774,0.314086,0.427665,-0.090466,-0.2242,-0.0590,0.5375,0
1784730826.166215,628946.812000,controller,LHR-65847686,1,200,-1.179631,1.320221,-2.710430,0.839422,0.314370,0.434575,-0.087673,-0.2185,-0.0563,0.5566,0
1784730826.172715,628946.812000,controller,LHR-65847686,1,200,-1.180983,1.319877,-2.706881,0.837690,0.314496,0.438036,-0.086552,-0.2160,-0.0552,0.5632,0
1784730826.189215,628946.828000,controller,LHR-65847686,1,200,-1.184525,1.319049,-2.697198,0.832966,0.315275,0.446907,-0.083923,-0.2080,-0.0496,0.5914,0
1784730826.199715,628946.843000,controller,LHR-65847686,1,200,-1.186588,1.318593,-2.690746,0.829613,0.316294,0.452588,-0.082847,-0.1969,-0.0453,0.6138,0
1784730826.205215,628946.843000,controller,LHR-65847686,1,200,-1.187709,1.318403,-2.687273,0.827850,0.316780,0.455548,-0.082405,-0.1902,-0.0422,0.6294,0
1784730826.220716,628946.859000,controller,LHR-65847686,1,200,-1.190511,1.317774,-2.677300,0.822633,0.318522,0.463826,-0.081762,-0.1778,-0.0408,0.6475,0
1784730826.230215,628946.875000,controller,LHR-65847686,1,200,-1.192222,1.317362,-2.670965,0.819624,0.319144,0.468701,-0.081752,-0.1689,-0.0426,0.6627,0
1784730826.233715,628946.875000,controller,LHR-65847686,1,200,-1.192794,1.317208,-2.668653,0.818513,0.319342,0.470491,-0.081823,-0.1655,-0.0439,0.6670,0
1784730826.247215,628946.890000,controller,LHR-65847686,1,200,-1.194967,1.316576,-2.659450,0.814281,0.319761,0.477408,-0.082351,-0.1584,-0.0490,0.6805,0
1784730826.255716,628946.906000,controller,LHR-65847686,1,200,-1.196281,1.316130,-2.653618,0.811753,0.319467,0.481752,-0.083141,-0.1541,-0.0520,0.6865,0
1784730826.258215,628946.906000,controller,LHR-65847686,1,200,-1.196658,1.315991,-2.651892,0.811057,0.319238,0.483014,-0.083490,-0.1521,-0.0534,0.6887,0
1784730826.270715,628946.921000,controller,LHR-65847686,1,200,-1.198495,1.315334,-2.643311,0.807726,0.317858,0.489111,-0.085531,-0.1443,-0.0550,0.6932,0
1784730826.278215,628946.921000,controller,LHR-65847686,1,200,-1.199541,1.314909,-2.638103,0.805872,0.316551,0.492701,-0.087242,-0.1394,-0.0568,0.6969,0
1784730826.295715,628946.937000,controller,LHR-65847686,1,200,-1.201843,1.313834,-2.625734,0.801621,0.313516,0.500682,-0.091809,-0.1251,-0.0599,0.7084,0
1784730826.307214,628946.953000,controller,LHR-65847686,1,200,-1.203252,1.313214,-2.617375,0.798682,0.311770,0.505849,-0.094988,-0.1164,-0.0610,0.7227,0
1784730826.312715,628946.953000,controller,LHR-65847686,1,200,-1.203861,1.312869,-2.613356,0.797208,0.311057,0.508329,-0.096455,-0.1109,-0.0636,0.7342,0
1784730826.328217,628946.968000,controller,LHR-65847686,1,200,-1.205582,1.311767,-2.601681,0.792841,0.309317,0.515516,-0.099847,-0.1068,-0.0704,0.7562,0
1784730826.338716,628946.984000,controller,LHR-65847686,1,200,-1.206716,1.310931,-2.593510,0.789625,0.308497,0.520684,-0.101046,-0.1060,-0.0794,0.7788,0
1784730826.343215,628946.984000,controller,LHR-65847686,1,200,-1.207193,1.310481,-2.589937,0.788244,0.308064,0.522938,-0.101510,-0.1060,-0.0837,0.7866,0
1784730826.357720,628947.000000,controller,LHR-65847686,1,200,-1.208731,1.309263,-2.578285,0.783441,0.306548,0.530773,-0.102606,-0.1041,-0.0974,0.8135,0
1784730826.366218,628947.015000,controller,LHR-65847686,1,200,-1.209704,1.308563,-2.571391,0.780171,0.305842,0.535817,-0.103412,-0.1017,-0.1021,0.8241,0
1784730826.369715,628947.015000,controller,LHR-65847686,1,200,-1.210044,1.308191,-2.568503,0.778898,0.305385,0.537875,-0.103676,-0.0984,-0.1059,0.8295,0
1784730826.383215,628947.031000,controller,LHR-65847686,1,200,-1.211263,1.306520,-2.556950,0.773807,0.303439,0.545972,-0.105176,-0.0859,-0.1181,0.8417,0
1784730826.390715,628947.031000,controller,LHR-65847686,1,200,-1.211680,1.305769,-2.550761,0.770928,0.302455,0.550365,-0.106252,-0.0737,-0.1236,0.8464,0
1784730826.408215,628947.046000,controller,LHR-65847686,1,200,-1.212643,1.303344,-2.535802,0.764105,0.300276,0.560552,-0.108442,-0.0475,-0.1424,0.8562,0
1784730826.420718,628947.062000,controller,LHR-65847686,1,200,-1.212977,1.301137,-2.524806,0.758895,0.299518,0.567844,-0.109181,-0.0180,-0.1717,0.8719,0
1784730826.427215,628947.078000,controller,LHR-65847686,1,200,-1.213081,1.300065,-2.519141,0.756101,0.299169,0.571695,-0.109429,-0.0116,-0.1785,0.8756,0
1784730826.427716,628947.078000,controller,LHR-65847686,1,200,-1.213086,1.299980,-2.518721,0.755892,0.299148,0.571978,-0.109445,-0.0116,-0.1785,0.8756,0
1784730826.438215,628947.078000,controller,LHR-65847686,1,200,-1.213022,1.297790,-2.509345,0.750974,0.298961,0.578490,-0.109588,0.0094,-0.2062,0.8860,0
1784730826.458718,628947.109000,controller,LHR-65847686,1,200,-1.212455,1.292970,-2.491103,0.740403,0.298697,0.591958,-0.110310,0.0476,-0.2611,0.8890,0
1784730826.458718,628947.109000,controller,LHR-65847686,1,200,-1.212438,1.292883,-2.490807,0.740222,0.298693,0.592184,-0.110330,0.0476,-0.2611,0.8890,0
1784730826.469716,628947.109000,controller,LHR-65847686,1,200,-1.211782,1.289920,-2.481371,0.734382,0.298306,0.599387,-0.111498,0.0711,-0.2940,0.8825,0
1784730826.490215,628947.140000,controller,LHR-65847686,1,200,-1.209886,1.283245,-2.463371,0.722695,0.297780,0.613561,-0.112171,0.1056,-0.3545,0.8658,0
1784730826.490215,628947.140000,controller,LHR-65847686,1,200,-1.209868,1.283188,-2.463232,0.722601,0.297776,0.613673,-0.112172,0.1056,-0.3545,0.8658,0
1784730826.500714,628947.140000,controller,LHR-65847686,1,200,-1.208684,1.279150,-2.454326,0.716575,0.297657,0.620905,-0.111344,0.1202,-0.3957,0.8541,0
1784730826.521216,628947.171000,controller,LHR-65847686,1,200,-1.206051,1.270519,-2.437012,0.704344,0.297459,0.635537,-0.107284,0.1378,-0.4484,0.8333,0
1784730826.521216,628947.171000,controller,LHR-65847686,1,200,-1.206002,1.270313,-2.436825,0.704220,0.297477,0.635663,-0.107305,0.1418,-0.4628,0.8281,0
1784730826.531714,628947.171000,controller,LHR-65847686,1,200,-1.204473,1.265596,-2.428339,0.698031,0.297194,0.643094,-0.104203,0.1489,-0.4838,0.8146,0
1784730826.552216,628947.203000,controller,LHR-65847686,1,200,-1.201174,1.254991,-2.412117,0.686124,0.295831,0.657658,-0.095940,0.1630,-0.5277,0.7736,0
1784730826.552216,628947.203000,controller,LHR-65847686,1,200,-1.201142,1.254888,-2.411966,0.686011,0.295816,0.657795,-0.095852,0.1630,-0.5277,0.7736,0
1784730826.562715,628947.203000,controller,LHR-65847686,1,200,-1.199412,1.249097,-2.404101,0.680484,0.294683,0.664726,-0.090791,0.1700,-0.5441,0.7478,0
1784730826.583218,628947.234000,controller,LHR-65847686,1,200,-1.195566,1.237899,-2.389347,0.670383,0.291248,0.677641,-0.081011,0.1896,-0.5496,0.6979,0
1784730826.583218,628947.234000,controller,LHR-65847686,1,200,-1.195537,1.237816,-2.389241,0.670310,0.291220,0.677735,-0.080941,0.1896,-0.5496,0.6979,0
1784730826.593714,628947.234000,controller,LHR-65847686,1,200,-1.193390,1.232265,-2.382242,0.665399,0.289366,0.683797,-0.077026,0.2100,-0.5426,0.6661,0
1784730826.614214,628947.265000,controller,LHR-65847686,1,200,-1.188606,1.221144,-2.369186,0.654837,0.286399,0.695745,-0.071433,0.2403,-0.5249,0.6182,0
1784730826.614214,628947.265000,controller,LHR-65847686,1,200,-1.188562,1.221048,-2.369073,0.654741,0.286375,0.695850,-0.071391,0.2403,-0.5249,0.6182,0
1784730826.624717,628947.265000,controller,LHR-65847686,1,200,-1.186012,1.215498,-2.362640,0.649108,0.285291,0.701786,-0.069029,0.2464,-0.5158,0.6046,0
1784730826.645215,628947.296000,controller,LHR-65847686,1,200,-1.180934,1.205230,-2.351048,0.638485,0.284454,0.712397,-0.062549,0.2481,-0.4823,0.5544,0
1784730826.645215,628947.296000,controller,LHR-65847686,1,200,-1.180898,1.205160,-2.350966,0.638410,0.284452,0.712470,-0.062497,0.2481,-0.4823,0.5544,0
1784730826.655715,628947.296000,controller,LHR-65847686,1,200,-1.178338,1.200260,-2.345387,0.633225,0.284542,0.717392,-0.058397,0.2477,-0.4701,0.5360,0
1784730826.676218,628947.328000,controller,LHR-65847686,1,200,-1.173080,1.191125,-2.334880,0.622684,0.285575,0.726760,-0.050317,0.2554,-0.4355,0.4978,0
1784730826.676218,628947.328000,controller,LHR-65847686,1,200,-1.173037,1.191052,-2.334796,0.622597,0.285588,0.726834,-0.050250,0.2554,-0.4355,0.4978,0
1784730826.686716,628947.328000,controller,LHR-65847686,1,200,-1.170423,1.186566,-2.329651,0.616957,0.286855,0.731374,-0.046587,0.2585,-0.4139,0.4808,0
1784730826.707216,628947.359000,controller,LHR-65847686,1,200,-1.165191,1.178424,-2.320139,0.605037,0.289974,0.740428,-0.040149,0.2560,-0.3762,0.4503,0
1784730826.707216,628947.359000,controller,LHR-65847686,1,200,-1.165134,1.178340,-2.320039,0.604904,0.290012,0.740525,-0.040080,0.2560,-0.3762,0.4503,0
1784730826.717715,628947.359000,controller,LHR-65847686,1,200,-1.162560,1.174656,-2.315572,0.598715,0.292052,0.744913,-0.036759,0.2484,-0.3545,0.4305,0
1784730826.738214,628947.390000,controller,LHR-65847686,1,200,-1.157737,1.167509,-2.307051,0.586859,0.295928,0.753090,-0.029630,0.2253,-0.3208,0.3952,0
1784730826.738214,628947.390000,controller,LHR-65847686,1,200,-1.157706,1.167464,-2.306996,0.586779,0.295954,0.753144,-0.029580,0.2253,-0.3208,0.3952,0
1784730826.748714,628947.390000,controller,LHR-65847686,1,200,-1.155393,1.164305,-2.303319,0.581044,0.297795,0.756992,-0.025868,0.2174,-0.3044,0.3751,0
1784730826.769216,628947.421000,controller,LHR-65847686,1,200,-1.150975,1.158626,-2.296201,0.569944,0.302588,0.763714,-0.018593,0.2016,-0.2531,0.3305,0
1784730826.769216,628947.421000,controller,LHR-65847686,1,200,-1.150940,1.158581,-2.296143,0.569850,0.302632,0.763768,-0.018533,0.2016,-0.2531,0.3305,0
1784730826.779715,628947.421000,controller,LHR-65847686,1,200,-1.148894,1.156156,-2.292855,0.564368,0.305409,0.766800,-0.015245,0.1968,-0.2326,0.3167,0
1784730826.800215,628947.453000,controller,LHR-65847686,1,200,-1.144912,1.152019,-2.286675,0.553722,0.310660,0.772510,-0.010505,0.1834,-0.1581,0.2782,0
1784730826.800215,628947.453000,controller,LHR-65847686,1,200,-1.144872,1.151985,-2.286615,0.553614,0.310716,0.772566,-0.010463,0.1834,-0.1581,0.2782,0
1784730826.810715,628947.453000,controller,LHR-65847686,1,200,-1.143137,1.150698,-2.283991,0.548587,0.313539,0.775029,-0.008704,0.1760,-0.1278,0.2633,0
1784730826.831215,628947.484000,controller,LHR-65847686,1,200,-1.139621,1.149006,-2.278888,0.538363,0.321006,0.779157,-0.005967,0.1657,-0.0560,0.2369,0
1784730826.831215,628947.484000,controller,LHR-65847686,1,200,-1.139581,1.148992,-2.278831,0.538242,0.321101,0.779201,-0.005936,0.1657,-0.0560,0.2369,0
1784730826.841715,628947.484000,controller,LHR-65847686,1,200,-1.137878,1.148668,-2.276389,0.532831,0.325873,0.780946,-0.004739,0.1619,-0.0167,0.2241,0
1784730826.862215,628947.515000,controller,LHR-65847686,1,200,-1.134758,1.149332,-2.272498,0.522872,0.333781,0.784328,-0.004991,0.1404,0.0613,0.1728,0
1784730826.862215,628947.515000,controller,LHR-65847686,1,200,-1.134737,1.149341,-2.272472,0.522804,0.333833,0.784351,-0.005003,0.1404,0.0613,0.1728,0
1784730826.872715,628947.515000,controller,LHR-65847686,1,200,-1.133443,1.150461,-2.271101,0.519154,0.335867,0.785882,-0.007868,0.1191,0.1172,0.1238,0
1784730826.893215,628947.546000,controller,LHR-65847686,1,200,-1.131485,1.153861,-2.269611,0.515321,0.338431,0.787152,-0.017326,0.0854,0.1979,0.0399,0
1784730826.893215,628947.546000,controller,LHR-65847686,1,200,-1.131522,1.154019,-2.269739,0.515652,0.338177,0.787034,-0.017810,0.0745,0.2197,0.0143,0
1784730826.903715,628947.546000,controller,LHR-65847686,1,200,-1.130772,1.156513,-2.269867,0.515616,0.337770,0.787052,-0.024501,0.0531,0.2595,-0.0384,0
1784730826.924216,628947.578000,controller,LHR-65847686,1,200,-1.130238,1.163127,-2.272522,0.519649,0.336225,0.784432,-0.039792,0.0122,0.3496,-0.1706,0
1784730826.924216,628947.578000,controller,LHR-65847686,1,200,-1.130236,1.163203,-2.272559,0.519703,0.336210,0.784395,-0.039953,0.0122,0.3496,-0.1706,0
1784730826.934716,628947.578000,controller,LHR-65847686,1,200,-1.130310,1.167267,-2.274947,0.522803,0.336863,0.781718,-0.046020,-0.0057,0.4036,-0.2363,0
1784730826.955216,628947.593000,controller,LHR-65847686,1,200,-1.130628,1.176800,-2.281039,0.529084,0.341156,0.775106,-0.053790,-0.0306,0.5054,-0.3466,0
1784730826.970715,628947.609000,controller,LHR-65847686,1,200,-1.131320,1.185568,-2.287536,0.535387,0.346909,0.767797,-0.059183,-0.0485,0.6014,-0.4678,0
1784730826.980215,628947.625000,controller,LHR-65847686,1,200,-1.131837,1.191330,-2.292485,0.540427,0.350689,0.762155,-0.063837,-0.0531,0.6510,-0.5418,0
1784730826.983715,628947.625000,controller,LHR-65847686,1,200,-1.132033,1.193810,-2.294674,0.542777,0.352399,0.759517,-0.065899,-0.0550,0.6772,-0.5822,0
1784730826.997214,628947.640000,controller,LHR-65847686,1,200,-1.132762,1.203748,-2.304099,0.553435,0.359457,0.747648,-0.074315,-0.0533,0.7674,-0.7401,0
1784730827.005715,628947.656000,controller,LHR-65847686,1,200,-1.133317,1.210328,-2.310808,0.561204,0.364157,0.739035,-0.079166,-0.0511,0.8001,-0.8109,0
1784730827.008215,628947.656000,controller,LHR-65847686,1,200,-1.133434,1.212310,-2.312822,0.563530,0.365558,0.736409,-0.080637,-0.0511,0.8001,-0.8109,0
1784730827.020718,628947.671000,controller,LHR-65847686,1,200,-1.133933,1.222673,-2.323988,0.576462,0.373097,0.721837,-0.086269,-0.0401,0.8332,-0.8978,0
1784730827.028215,628947.671000,controller,LHR-65847686,1,200,-1.134326,1.229061,-2.330979,0.584218,0.377592,0.712893,-0.088866,-0.0344,0.8449,-0.9410,0
1784730827.045714,628947.687000,controller,LHR-65847686,1,200,-1.134477,1.244098,-2.348685,0.602802,0.386786,0.691294,-0.095598,0.0055,0.8612,-1.0362,0
1784730827.057215,628947.703000,controller,LHR-65847686,1,200,-1.134082,1.254163,-2.361104,0.615310,0.392228,0.676334,-0.100613,0.0407,0.8609,-1.0839,0
1784730827.062714,628947.703000,controller,LHR-65847686,1,200,-1.133883,1.258791,-2.367190,0.621307,0.394695,0.669011,-0.103041,0.0512,0.8574,-1.0980,0
1784730827.078214,628947.718000,controller,LHR-65847686,1,200,-1.132664,1.272004,-2.384741,0.638326,0.401418,0.647686,-0.109117,0.0906,0.8344,-1.1332,0
1784730827.088718,628947.734000,controller,LHR-65847686,1,200,-1.131764,1.280439,-2.396755,0.649601,0.405263,0.633387,-0.112255,0.1069,0.8058,-1.1450,0
1784730827.093217,628947.734000,controller,LHR-65847686,1,200,-1.131276,1.284025,-2.401926,0.654345,0.406616,0.627384,-0.113512,0.1113,0.7970,-1.1477,0
1784730827.107714,628947.750000,controller,LHR-65847686,1,200,-1.129420,1.295426,-2.419047,0.669050,0.409228,0.609078,-0.118021,0.1266,0.7755,-1.1622,0
1784730827.116215,628947.765000,controller,LHR-65847686,1,200,-1.128279,1.301900,-2.429000,0.677489,0.409649,0.598878,-0.120589,0.1352,0.7618,-1.1669,0
1784730827.119715,628947.765000,controller,LHR-65847686,1,200,-1.127763,1.304879,-2.433314,0.680951,0.409977,0.594493,-0.121667,0.1406,0.7590,-1.1718,0
1784730827.133215,628947.781000,controller,LHR-65847686,1,200,-1.125522,1.314760,-2.449215,0.693868,0.410917,0.577854,-0.125615,0.1611,0.7368,-1.1708,0
1784730827.140714,628947.781000,controller,LHR-65847686,1,200,-1.124110,1.320382,-2.458103,0.700885,0.412283,0.567952,-0.127337,0.1763,0.7237,-1.1662,0
1784730827.158218,628947.796000,controller,LHR-65847686,1,200,-1.120272,1.332645,-2.478409,0.716072,0.417242,0.544260,-0.130123,0.2128,0.6720,-1.1191,0
1784730827.158718,628947.812000,controller,LHR-65847686,1,200,-1.120211,1.332833,-2.478721,0.716302,0.417333,0.543877,-0.130161,0.2128,0.6720,-1.1191,0
1784730827.169216,628947.812000,controller,LHR-65847686,1,200,-1.117865,1.339623,-2.490090,0.724314,0.421263,0.529799,-0.131225,0.2234,0.6471,-1.0863,0
1784730827.189716,628947.843000,controller,LHR-65847686,1,200,-1.112927,1.351915,-2.511125,0.737207,0.427054,0.506245,-0.133668,0.2400,0.5670,-0.9845,0
1784730827.189716,628947.843000,controller,LHR-65847686,1,200,-1.112873,1.352041,-2.511344,0.737334,0.427108,0.506006,-0.133700,0.2400,0.5670,-0.9845,0
1784730827.200215,628947.843000,controller,LHR-65847686,1,200,-1.110349,1.357980,-2.521474,0.742638,0.428656,0.496249,-0.135941,0.2438,0.5462,-0.9597,0
1784730827.220716,628947.859000,controller,LHR-65847686,1,200,-1.105064,1.368472,-2.540135,0.751178,0.429319,0.480859,-0.142097,0.2571,0.4825,-0.8877,0
1784730827.235219,628947.875000,controller,LHR-65847686,1,200,-1.101245,1.375206,-2.552748,0.756994,0.429153,0.470552,-0.146176,0.2672,0.4579,-0.8626,0
1784730827.243715,628947.890000,controller,LHR-65847686,1,200,-1.098873,1.378946,-2.560012,0.760696,0.429240,0.463843,-0.148135,0.2752,0.4418,-0.8507,0
1784730827.247217,628947.890000,controller,LHR-65847686,1,200,-1.097876,1.380458,-2.562979,0.762309,0.429308,0.460897,-0.148844,0.2796,0.4343,-0.8446,0
1784730827.260716,628947.906000,controller,LHR-65847686,1,200,-1.093873,1.386168,-2.574265,0.768543,0.429688,0.449135,-0.151616,0.2982,0.4101,-0.8288,0
1784730827.268214,628947.921000,controller,LHR-65847686,1,200,-1.091460,1.388882,-2.580356,0.771790,0.430161,0.442522,-0.153219,0.3125,0.3875,-0.8151,0
1784730827.270715,628947.921000,controller,LHR-65847686,1,200,-1.090659,1.389781,-2.582314,0.772845,0.430331,0.440337,-0.153717,0.3186,0.3771,-0.8076,0
1784730827.283215,628947.921000,controller,LHR-65847686,1,200,-1.086528,1.394238,-2.592226,0.777910,0.431115,0.429616,-0.156288,0.3333,0.3458,-0.7833,0
1784730827.305715,628947.953000,controller,LHR-65847686,1,200,-1.078830,1.401213,-2.609065,0.786183,0.433172,0.411006,-0.159228,0.3471,0.2837,-0.7308,0
1784730827.306215,628947.953000,controller,LHR-65847686,1,200,-1.078664,1.401348,-2.609414,0.786351,0.433218,0.410617,-0.159270,0.3471,0.2837,-0.7308,0
1784730827.316715,628947.968000,controller,LHR-65847686,1,200,-1.075001,1.404119,-2.616977,0.790132,0.434039,0.402216,-0.159765,0.3487,0.2573,-0.7097,0
1784730827.322215,628947.968000,controller,LHR-65847686,1,200,-1.072952,1.405486,-2.620708,0.792056,0.434384,0.397915,-0.160069,0.3525,0.2487,-0.7025,0
1784730827.337715,628947.984000,controller,LHR-65847686,1,200,-1.067377,1.409032,-2.631410,0.797975,0.434393,0.385535,-0.160937,0.3628,0.2179,-0.6806,0
1784730827.347215,628948.000000,controller,LHR-65847686,1,200,-1.063792,1.411072,-2.637676,0.801573,0.434123,0.377899,-0.161897,0.3710,0.2044,-0.6656,0
1784730827.350715,628948.000000,controller,LHR-65847686,1,200,-1.062471,1.411750,-2.639959,0.802910,0.433897,0.375088,-0.162416,0.3746,0.1974,-0.6570,0
1784730827.364215,628948.015000,controller,LHR-65847686,1,200,-1.057297,1.414172,-2.648463,0.807763,0.433253,0.364313,-0.164581,0.3831,0.1767,-0.6263,0
1784730827.372716,628948.015000,controller,LHR-65847686,1,200,-1.054031,1.415555,-2.653526,0.810466,0.433009,0.357900,-0.166001,0.3848,0.1640,-0.6019,0
1784730827.391216,628948.031000,controller,LHR-65847686,1,200,-1.047036,1.418260,-2.663706,0.815055,0.433583,0.345609,-0.168064,0.3747,0.1391,-0.5317,0
1784730827.403715,628948.046000,controller,LHR-65847686,1,200,-1.042424,1.419874,-2.669899,0.817547,0.434475,0.338227,-0.168674,0.3638,0.1267,-0.4912,0
1784730827.411215,628948.062000,controller,LHR-65847686,1,200,-1.039775,1.420757,-2.673370,0.818858,0.435329,0.334034,-0.168469,0.3558,0.1184,-0.4667,0
1784730827.412717,628948.062000,controller,LHR-65847686,1,200,-1.039258,1.420918,-2.674034,0.819122,0.435493,0.333205,-0.168402,0.3516,0.1135,-0.4558,0
1784730827.424214,628948.078000,controller,LHR-65847686,1,200,-1.035068,1.422031,-2.679204,0.821214,0.436570,0.326626,-0.168314,0.3472,0.1008,-0.4368,0
1784730827.429714,628948.078000,controller,LHR-65847686,1,200,-1.033193,1.422510,-2.681481,0.822135,0.436990,0.323623,-0.168528,0.3427,0.0895,-0.4182,0
1784730827.445215,628948.093000,controller,LHR-65847686,1,200,-1.027855,1.423858,-2.687562,0.824394,0.437773,0.315888,-0.170130,0.3367,0.0761,-0.3913,0
1784730827.455714,628948.109000,controller,LHR-65847686,1,200,-1.024501,1.424537,-2.691324,0.825555,0.438342,0.311616,-0.170912,0.3218,0.0652,-0.3606,0
1784730827.460215,628948.109000,controller,LHR-65847686,1,200,-1.023019,1.424849,-2.692703,0.826051,0.438651,0.309897,-0.170849,0.3147,0.0625,-0.3455,0
1784730827.474716,628948.125000,controller,LHR-65847686,1,200,-1.018844,1.425805,-2.697199,0.827506,0.440440,0.304857,-0.168252,0.2822,0.0615,-0.2970,0
1784730827.483217,628948.125000,controller,LHR-65847686,1,200,-1.016455,1.426329,-2.699505,0.828371,0.441297,0.302351,-0.166261,0.2671,0.0611,-0.2726,0
1784730827.501714,628948.140000,controller,LHR-65847686,1,200,-1.011709,1.427248,-2.704317,0.830068,0.444352,0.297006,-0.159142,0.2461,0.0625,-0.2284,0
1784730827.515216,628948.156000,controller,LHR-65847686,1,200,-1.008405,1.428087,-2.707133,0.831225,0.446279,0.293284,-0.154544,0.2446,0.0668,-0.2040,0
1784730827.522714,628948.171000,controller,LHR-65847686,1,200,-1.006540,1.428501,-2.708649,0.831840,0.447157,0.291200,-0.152629,0.2471,0.0693,-0.1911,0
1784730827.525215,628948.171000,controller,LHR-65847686,1,200,-1.005905,1.428686,-2.709105,0.832024,0.447362,0.290563,-0.152239,0.2488,0.0718,-0.1838,0
1784730827.537715,628948.187000,controller,LHR-65847686,1,200,-1.002761,1.429587,-2.711139,0.832834,0.448496,0.287412,-0.150442,0.2550,0.0804,-0.1594,0
1784730827.544217,628948.187000,controller,LHR-65847686,1,200,-1.001171,1.430135,-2.712047,0.833187,0.449195,0.285787,-0.149498,0.2552,0.0839,-0.1502,0
1784730827.560717,628948.203000,controller,LHR-65847686,1,200,-0.996932,1.431821,-2.713950,0.833509,0.451336,0.282515,-0.147456,0.2586,0.1083,-0.1104,0
1784730827.571215,628948.218000,controller,LHR-65847686,1,200,-0.994367,1.433209,-2.714632,0.833536,0.453442,0.280512,-0.144639,0.2530,0.1332,-0.0763,0
1784730827.576714,628948.218000,controller,LHR-65847686,1,200,-0.992915,1.433969,-2.714961,0.833519,0.454678,0.279383,-0.143035,0.2521,0.1408,-0.0651,0
1784730827.592215,628948.234000,controller,LHR-65847686,1,200,-0.988945,1.436551,-2.715260,0.832923,0.458967,0.276355,-0.138627,0.2644,0.1781,-0.0147,0
1784730827.602216,628948.250000,controller,LHR-65847686,1,200,-0.986368,1.438395,-2.715251,0.832288,0.461595,0.274649,-0.137092,0.2767,0.1926,-0.0001,0
1784730827.605715,628948.250000,controller,LHR-65847686,1,200,-0.985348,1.439102,-2.715233,0.831978,0.462488,0.274096,-0.137071,0.2847,0.1993,0.0048,0
1784730827.619219,628948.265000,controller,LHR-65847686,1,200,-0.981170,1.441950,-2.715048,0.830633,0.465766,0.271821,-0.138650,0.3143,0.2161,0.0163,0
1784730827.627715,628948.281000,controller,LHR-65847686,1,200,-0.978439,1.443871,-2.714801,0.829692,0.467780,0.270144,-0.140767,0.3343,0.2249,0.0215,0
1784730827.630215,628948.281000,controller,LHR-65847686,1,200,-0.977523,1.444458,-2.714744,0.829356,0.468360,0.269605,-0.141849,0.3459,0.2285,0.0228,0
1784730827.642716,628948.281000,controller,LHR-65847686,1,200,-0.973025,1.447350,-2.714276,0.827645,0.471483,0.266872,-0.146584,0.3767,0.2372,0.0266,0
1784730827.665215,628948.312000,controller,LHR-65847686,1,200,-0.963917,1.453012,-2.713746,0.824752,0.477284,0.260565,-0.155206,0.4220,0.2589,0.0197,0
1784730827.666715,628948.312000,controller,LHR-65847686,1,200,-0.963282,1.453401,-2.713716,0.824579,0.477656,0.260099,-0.155762,0.4220,0.2589,0.0197,0
1784730827.678216,628948.328000,controller,LHR-65847686,1,200,-0.958082,1.456389,-2.713662,0.823725,0.479555,0.256054,-0.161058,0.4571,0.2660,0.0016,0
1784730827.683715,628948.328000,controller,LHR-65847686,1,200,-0.955481,1.458056,-2.713487,0.823379,0.480026,0.254118,-0.164458,0.4733,0.2699,-0.0059,0
1784730827.699215,628948.343000,controller,LHR-65847686,1,200,-0.946961,1.462374,-2.714117,0.823104,0.478012,0.248002,-0.180273,0.5717,0.2683,-0.0714,0
1784730827.709715,628948.359000,controller,LHR-65847686,1,200,-0.939992,1.465032,-2.715599,0.823108,0.473594,0.242794,-0.198122,0.6662,0.2477,-0.1430,0
1784730827.714214,628948.359000,controller,LHR-65847686,1,200,-0.936802,1.466080,-2.716397,0.823118,0.471429,0.240016,-0.206457,0.6982,0.2367,-0.1675,0
1784730827.728715,628948.375000,controller,LHR-65847686,1,200,-0.925743,1.469316,-2.719463,0.823188,0.465134,0.227618,-0.232812,0.7864,0.2038,-0.2307,0
1784730827.737216,628948.390000,controller,LHR-65847686,1,200,-0.918456,1.470748,-2.721878,0.823925,0.461339,0.216739,-0.247667,0.8585,0.1615,-0.2842,0
1784730827.740719,628948.390000,controller,LHR-65847686,1,200,-0.915429,1.471287,-2.722878,0.824113,0.459640,0.212285,-0.253976,0.8585,0.1615,-0.2842,0
1784730827.754215,628948.406000,controller,LHR-65847686,1,200,-0.903275,1.472904,-2.727132,0.826286,0.454615,0.190533,-0.272533,0.9157,0.1010,-0.3307,0
1784730827.761715,628948.406000,controller,LHR-65847686,1,200,-0.896360,1.473603,-2.729700,0.827475,0.451861,0.178210,-0.281687,0.9313,0.0713,-0.3434,0
1784730827.779215,628948.421000,controller,LHR-65847686,1,200,-0.879970,1.474000,-2.735700,0.830971,0.446626,0.146193,-0.297725,0.9402,0.0078,-0.3426,0
1784730827.791716,628948.437000,controller,LHR-65847686,1,200,-0.868236,1.473876,-2.739854,0.833031,0.442071,0.124677,-0.308365,0.9393,-0.0303,-0.3367,0
1784730827.798218,628948.437000,controller,LHR-65847686,1,200,-0.861957,1.473728,-2.741913,0.833777,0.439495,0.114153,-0.314051,0.9406,-0.0538,-0.3343,0
1784730827.814715,628948.468000,controller,LHR-65847686,1,200,-0.846528,1.472266,-2.747387,0.834455,0.431052,0.090610,-0.331162,0.9386,-0.1033,-0.3305,0
1784730827.814715,628948.468000,controller,LHR-65847686,1,200,-0.846321,1.472242,-2.747460,0.834455,0.430934,0.090304,-0.331399,0.9386,-0.1033,-0.3305,0
1784730827.825216,628948.468000,controller,LHR-65847686,1,200,-0.836569,1.470946,-2.750854,0.833890,0.425421,0.076741,-0.343156,0.9430,-0.1381,-0.3327,0
1784730827.845715,628948.484000,controller,LHR-65847686,1,200,-0.817329,1.467500,-2.757647,0.832206,0.415476,0.051145,-0.363589,0.9374,-0.1911,-0.3345,0
1784730827.860215,628948.500000,controller,LHR-65847686,1,200,-0.803448,1.464629,-2.762385,0.831971,0.411064,0.031778,-0.371269,0.9334,-0.2114,-0.3284,0
1784730827.868716,628948.515000,controller,LHR-65847686,1,200,-0.795644,1.462788,-2.765070,0.832774,0.410119,0.019797,-0.371345,0.9225,-0.2268,-0.3213,0
1784730827.872215,628948.515000,controller,LHR-65847686,1,200,-0.792418,1.461991,-2.766186,0.833027,0.409621,0.014887,-0.371558,0.9225,-0.2268,-0.3213,0
1784730827.885717,628948.531000,controller,LHR-65847686,1,200,-0.779817,1.458387,-2.770576,0.835001,0.407547,-0.005521,-0.369659,0.9153,-0.2647,-0.3185,0
1784730827.893214,628948.546000,controller,LHR-65847686,1,200,-0.772952,1.456226,-2.772993,0.836295,0.406050,-0.017422,-0.368009,0.9142,-0.2907,-0.3197,0
1784730827.895715,628948.546000,controller,LHR-65847686,1,200,-0.770677,1.455500,-2.773781,0.836688,0.405544,-0.021360,-0.367465,0.9142,-0.2907,-0.3197,0
1784730827.908216,628948.546000,controller,LHR-65847686,1,200,-0.758978,1.451448,-2.777816,0.837899,0.401362,-0.040815,-0.367651,0.9150,-0.3326,-0.3224,0
1784730827.930716,628948.578000,controller,LHR-65847686,1,200,-0.738564,1.442884,-2.785079,0.836919,0.391021,-0.072745,-0.376002,0.8916,-0.4009,-0.3333,0
1784730827.931215,628948.578000,controller,LHR-65847686,1,200,-0.738134,1.442689,-2.785239,0.836868,0.390780,-0.073400,-0.376238,0.8916,-0.4009,-0.3333,0
1784730827.941716,628948.593000,controller,LHR-65847686,1,200,-0.728972,1.438273,-2.788944,0.835131,0.385927,-0.086113,-0.382362,0.8645,-0.4188,-0.3375,0
1784730827.947215,628948.593000,controller,LHR-65847686,1,200,-0.724316,1.435980,-2.790780,0.834237,0.383726,-0.092457,-0.385039,0.8531,-0.4214,-0.3373,0
1784730827.962714,628948.609000,controller,LHR-65847686,1,200,-0.711492,1.429511,-2.795972,0.832820,0.379110,-0.109720,-0.388135,0.8044,-0.4123,-0.3295,0
1784730827.972214,628948.625000,controller,LHR-65847686,1,200,-0.704122,1.425716,-2.799031,0.833011,0.377339,-0.120274,-0.386320,0.7789,-0.4048,-0.3246,0
1784730827.975714,628948.625000,controller,LHR-65847686,1,200,-0.701488,1.424342,-2.800143,0.833333,0.376788,-0.124236,-0.384905,0.7670,-0.4013,-0.3218,0
1784730827.989214,628948.640000,controller,LHR-65847686,1,200,-0.691118,1.419011,-2.804749,0.834355,0.373892,-0.139388,-0.380300,0.7337,-0.3902,-0.3164,0
1784730827.997715,628948.640000,controller,LHR-65847686,1,200,-0.684714,1.415482,-2.807253,0.835059,0.371558,-0.149101,-0.377347,0.7227,-0.3920,-0.3149,0
1784730828.016214,628948.656000,controller,LHR-65847686,1,200,-0.671713,1.408219,-2.813145,0.836530,0.365055,-0.169779,-0.371656,0.6926,-0.3885,-0.3181,0
1784730828.028714,628948.671000,controller,LHR-65847686,1,200,-0.663340,1.403374,-2.816857,0.836310,0.361190,-0.182225,-0.370030,0.6668,-0.3814,-0.3183,0
1784730828.036214,628948.687000,controller,LHR-65847686,1,200,-0.658536,1.400610,-2.819244,0.835731,0.359393,-0.188918,-0.369730,0.6463,-0.3736,-0.3197,0
1784730828.037715,628948.687000,controller,LHR-65847686,1,200,-0.657615,1.400090,-2.819715,0.835543,0.359279,-0.190059,-0.369682,0.6363,-0.3687,-0.3193,0
1784730828.049216,628948.703000,controller,LHR-65847686,1,200,-0.650688,1.395893,-2.823215,0.834707,0.358232,-0.199302,-0.367712,0.6041,-0.3517,-0.3163,0
1784730828.054714,628948.703000,controller,LHR-65847686,1,200,-0.647464,1.394048,-2.824921,0.834358,0.358280,-0.203222,-0.366310,0.5928,-0.3442,-0.3144,0
1784730828.070215,628948.718000,controller,LHR-65847686,1,200,-0.638872,1.388973,-2.829586,0.834741,0.360025,-0.213652,-0.357690,0.5492,-0.3136,-0.3010,0
1784730828.080714,628948.734000,controller,LHR-65847686,1,200,-0.633309,1.385826,-2.832680,0.835640,0.361984,-0.220357,-0.349451,0.5312,-0.3026,-0.2950,0
1784730828.085216,628948.734000,controller,LHR-65847686,1,200,-0.631374,1.384508,-2.832688,0.836257,0.362071,-0.223889,-0.345618,0.5139,-0.2998,-0.2862,0
1784730828.099716,628948.750000,controller,LHR-65847686,1,200,-0.624079,1.380127,-2.836754,0.837673,0.363657,-0.234693,-0.333132,0.4965,-0.2998,-0.2772,0
1784730828.108214,628948.750000,controller,LHR-65847686,1,200,-0.620233,1.377654,-2.838847,0.838111,0.363765,-0.241626,-0.326897,0.4845,-0.3023,-0.2732,0
1784730828.126716,628948.765000,controller,LHR-65847686,1,200,-0.612173,1.372491,-2.843396,0.838679,0.363977,-0.256027,-0.313989,0.4434,-0.2904,-0.2680,0
1784730828.140218,628948.781000,controller,LHR-65847686,1,200,-0.606543,1.368870,-2.847112,0.839292,0.364535,-0.264125,-0.304865,0.4106,-0.2632,-0.2710,0
1784730828.147718,628948.796000,controller,LHR-65847686,1,200,-0.604160,1.367384,-2.848923,0.840450,0.365222,-0.266702,-0.298542,0.3683,-0.2270,-0.2762,0
1784730828.150215,628948.796000,controller,LHR-65847686,1,200,-0.603151,1.366762,-2.849680,0.840772,0.365430,-0.267724,-0.296457,0.3683,-0.2270,-0.2762,0
1784730828.163214,628948.812000,controller,LHR-65847686,1,200,-0.598968,1.364100,-2.853166,0.842889,0.366230,-0.271313,-0.286011,0.3296,-0.1978,-0.2813,0
1784730828.169714,628948.812000,controller,LHR-65847686,1,200,-0.596963,1.362886,-2.855014,0.844196,0.366404,-0.272566,-0.280693,0.3106,-0.1865,-0.2811,0
1784730828.186214,628948.828000,controller,LHR-65847686,1,200,-0.590613,1.358154,-2.863866,0.847113,0.365542,-0.276974,-0.268448,0.2884,-0.1871,-0.2876,0
1784730828.196716,628948.843000,controller,LHR-65847686,1,200,-0.587622,1.356029,-2.866865,0.848267,0.364485,-0.280244,-0.262788,0.2726,-0.1947,-0.2802,0
1784730828.202715,628948.843000,controller,LHR-65847686,1,200,-0.586282,1.354777,-2.868585,0.848787,0.364082,-0.282004,-0.259766,0.2646,-0.1979,-0.2793,0
1784730828.218215,628948.859000,controller,LHR-65847686,1,200,-0.582383,1.351605,-2.873112,0.849125,0.362688,-0.286839,-0.255279,0.2449,-0.2005,-0.2751,0
1784730828.227715,628948.875000,controller,LHR-65847686,1,200,-0.580114,1.349709,-2.875782,0.848895,0.362322,-0.289163,-0.253941,0.2334,-0.1947,-0.2738,0
1784730828.231216,628948.875000,controller,LHR-65847686,1,200,-0.579445,1.349138,-2.876729,0.849058,0.362204,-0.289428,-0.253259,0.2166,-0.1815,-0.2768,0
1784730828.244714,628948.890000,controller,LHR-65847686,1,200,-0.576951,1.346878,-2.880558,0.850572,0.361114,-0.290306,-0.248690,0.1833,-0.1534,-0.2907,0
1784730828.253214,628948.906000,controller,LHR-65847686,1,200,-0.575591,1.345733,-2.883145,0.852405,0.360402,-0.289564,-0.244272,0.1620,-0.1350,-0.3029,0
1784730828.255714,628948.906000,controller,LHR-65847686,1,200,-0.575333,1.345429,-2.883594,0.852958,0.360390,-0.289312,-0.242653,0.1485,-0.1267,-0.3040,0
1784730828.268215,628948.921000,controller,LHR-65847686,1,200,-0.573767,1.344047,-2.887544,0.856957,0.359008,-0.287223,-0.232898,0.1191,-0.1122,-0.3180,0
1784730828.275715,628948.921000,controller,LHR-65847686,1,200,-0.572934,1.343222,-2.889951,0.859679,0.358080,-0.285734,-0.226024,0.1122,-0.1106,-0.3201,0
1784730828.293214,628948.937000,controller,LHR-65847686,1,200,-0.571250,1.341371,-2.895428,0.865597,0.355282,-0.283315,-0.210354,0.0974,-0.1133,-0.3135,0
1784730828.304714,628948.953000,controller,LHR-65847686,1,200,-0.570233,1.339927,-2.898927,0.868836,0.352831,-0.282251,-0.202406,0.1012,-0.1266,-0.3054,0
1784730828.310217,628948.953000,controller,LHR-65847686,1,200,-0.569636,1.339180,-2.900591,0.870137,0.351658,-0.281842,-0.199410,0.1040,-0.1316,-0.3019,0
1784730828.325714,628948.968000,controller,LHR-65847686,1,200,-0.568107,1.336945,-2.905064,0.872796,0.348519,-0.281368,-0.193892,0.1112,-0.1533,-0.2860,0
1784730828.336214,628948.984000,controller,LHR-65847686,1,200,-0.566924,1.335144,-2.908013,0.874001,0.346457,-0.281408,-0.192090,0.1139,-0.1675,-0.2761,0
1784730828.340714,628948.984000,controller,LHR-65847686,1,200,-0.566482,1.334363,-2.909287,0.874516,0.345570,-0.281427,-0.191317,0.1133,-0.1722,-0.2761,0
1784730828.355214,628949.000000,controller,LHR-65847686,1,200,-0.564909,1.331746,-2.913293,0.876012,0.342365,-0.281692,-0.189840,0.1061,-0.1825,-0.2752,0
1784730828.363714,628949.015000,controller,LHR-65847686,1,200,-0.564192,1.330168,-2.915662,0.877525,0.339663,-0.281508,-0.187967,0.0904,-0.1866,-0.2751,0
1784730828.367214,628949.015000,controller,LHR-65847686,1,200,-0.563861,1.329485,-2.916668,0.878073,0.338602,-0.281494,-0.187342,0.0904,-0.1866,-0.2751,0
1784730828.380715,628949.031000,controller,LHR-65847686,1,200,-0.562935,1.327082,-2.920302,0.880695,0.333971,-0.280806,-0.184358,0.0685,-0.1846,-0.2756,0
1784730828.388214,628949.031000,controller,LHR-65847686,1,200,-0.562500,1.325725,-2.922385,0.882420,0.331093,-0.279786,-0.182843,0.0581,-0.1788,-0.2741,0
1784730828.405715,628949.046000,controller,LHR-65847686,1,200,-0.561702,1.322931,-2.927180,0.886968,0.323759,-0.276199,-0.179393,0.0380,-0.1543,-0.2712,0
1784730828.418215,628949.062000,controller,LHR-65847686,1,200,-0.561426,1.321327,-2.930599,0.890765,0.318154,-0.272603,-0.176076,0.0202,-0.1289,-0.2674,0
1784730828.424716,628949.078000,controller,LHR-65847686,1,200,-0.561465,1.320626,-2.932264,0.892790,0.315436,-0.270635,-0.173734,0.0071,-0.1114,-0.2625,0
1784730828.425214,628949.078000,controller,LHR-65847686,1,200,-0.561462,1.320572,-2.932389,0.892941,0.315227,-0.270480,-0.173578,0.0071,-0.1114,-0.2625,0
1784730828.435714,628949.078000,controller,LHR-65847686,1,200,-0.561489,1.319629,-2.935079,0.896240,0.311099,-0.266881,-0.169547,-0.0071,-0.0879,-0.2529,0
1784730828.456216,628949.109000,controller,LHR-65847686,1,200,-0.561893,1.318139,-2.939969,0.901877,0.305437,-0.260034,-0.160338,-0.0218,-0.0684,-0.2359,0
1784730828.456216,628949.109000,controller,LHR-65847686,1,200,-0.561882,1.318098,-2.940015,0.901878,0.305482,-0.260064,-0.160195,-0.0244,-0.0652,-0.2315,0
1784730828.467214,628949.109000,controller,LHR-65847686,1,200,-0.562365,1.317328,-2.942436,0.904176,0.303963,-0.257288,-0.154514,-0.0304,-0.0639,-0.2219,0
1784730828.487715,628949.140000,controller,LHR-65847686,1,200,-0.563091,1.316032,-2.946297,0.907414,0.302827,-0.252991,-0.144542,-0.0292,-0.0606,-0.1843,0
1784730828.487715,628949.140000,controller,LHR-65847686,1,200,-0.563080,1.316012,-2.946329,0.907417,0.302769,-0.252975,-0.144667,-0.0271,-0.0597,-0.1806,0
1784730828.498215,628949.140000,controller,LHR-65847686,1,200,-0.563348,1.315307,-2.948239,0.908796,0.301812,-0.251120,-0.141204,-0.0239,-0.0611,-0.1781,0
1784730828.518714,628949.171000,controller,LHR-65847686,1,200,-0.563812,1.313988,-2.951477,0.911190,0.298852,-0.248700,-0.136270,-0.0202,-0.0702,-0.1583,0
1784730828.518714,628949.171000,controller,LHR-65847686,1,200,-0.563816,1.313973,-2.951510,0.911212,0.298821,-0.248679,-0.136228,-0.0202,-0.0702,-0.1583,0
1784730828.529215,628949.171000,controller,LHR-65847686,1,200,-0.563974,1.313303,-2.952917,0.912021,0.297494,-0.247878,-0.135170,-0.0178,-0.0727,-0.1447,0
1784730828.549714,628949.203000,controller,LHR-65847686,1,200,-0.564242,1.311741,-2.955685,0.912972,0.295310,-0.246535,-0.135998,-0.0116,-0.0804,-0.1269,0
1784730828.549714,628949.203000,controller,LHR-65847686,1,200,-0.564244,1.311728,-2.955706,0.912977,0.295294,-0.246525,-0.136013,-0.0116,-0.0804,-0.1269,0
1784730828.560215,628949.203000,controller,LHR-65847686,1,200,-0.564379,1.310946,-2.957007,0.913219,0.294420,-0.245989,-0.137247,-0.0105,-0.0831,-0.1215,0
1784730828.580715,628949.234000,controller,LHR-65847686,1,200,-0.564689,1.309072,-2.959204,0.913797,0.291831,-0.245385,-0.139984,-0.0116,-0.0904,-0.1079,0
1784730828.580715,628949.234000,controller,LHR-65847686,1,200,-0.564691,1.309053,-2.959226,0.913805,0.291798,-0.245381,-0.140012,-0.0116,-0.0904,-0.1079,0
1784730828.591216,628949.234000,controller,LHR-65847686,1,200,-0.564799,1.308102,-2.960320,0.914300,0.289668,-0.245268,-0.141396,-0.0104,-0.0907,-0.1043,0
1784730828.611714,628949.265000,controller,LHR-65847686,1,200,-0.565155,1.306403,-2.962344,0.915672,0.284966,-0.244547,-0.143302,-0.0222,-0.0817,-0.0977,0
1784730828.611714,628949.265000,controller,LHR-65847686,1,200,-0.565159,1.306390,-2.962359,0.915684,0.284931,-0.244539,-0.143312,-0.0222,-0.0817,-0.0977,0
1784730828.622214,628949.265000,controller,LHR-65847686,1,200,-0.565515,1.305773,-2.963200,0.916364,0.283050,-0.244063,-0.143505,-0.0302,-0.0738,-0.0926,0
1784730828.642716,628949.281000,controller,LHR-65847686,1,200,-0.566381,1.304464,-2.964987,0.917694,0.280597,-0.242702,-0.142122,-0.0459,-0.0624,-0.0831,0
1784730828.657215,628949.296000,controller,LHR-65847686,1,200,-0.567091,1.303601,-2.966109,0.918408,0.279888,-0.242053,-0.140002,-0.0508,-0.0630,-0.0747,0
1784730828.666716,628949.312000,controller,LHR-65847686,1,200,-0.567669,1.303026,-2.966699,0.918898,0.279366,-0.241627,-0.138554,-0.0527,-0.0627,-0.0686,0
1784730828.670215,628949.312000,controller,LHR-65847686,1,200,-0.567854,1.302803,-2.966932,0.919085,0.279152,-0.241455,-0.138048,-0.0527,-0.0627,-0.0669,0
1784730828.683715,628949.328000,controller,LHR-65847686,1,200,-0.568685,1.301935,-2.967693,0.919893,0.277793,-0.240846,-0.136458,-0.0531,-0.0621,-0.0629,0
1784730828.691216,628949.343000,controller,LHR-65847686,1,200,-0.569080,1.301462,-2.968171,0.920407,0.276740,-0.240453,-0.135821,-0.0527,-0.0617,-0.0628,0
1784730828.693715,628949.343000,controller,LHR-65847686,1,200,-0.569207,1.301302,-2.968330,0.920591,0.276297,-0.240304,-0.135741,-0.0522,-0.0614,-0.0623,0
1784730828.706215,628949.359000,controller,LHR-65847686,1,200,-0.569868,1.300687,-2.968968,0.921381,0.274418,-0.239643,-0.135360,-0.0512,-0.0603,-0.0586,0
1784730828.712714,628949.359000,controller,LHR-65847686,1,200,-0.570196,1.300304,-2.969328,0.921766,0.273476,-0.239212,-0.135413,-0.0508,-0.0593,-0.0559,0
1784730828.729214,628949.375000,controller,LHR-65847686,1,200,-0.571071,1.299476,-2.970089,0.922540,0.271964,-0.238045,-0.135239,-0.0520,-0.0543,-0.0483,0
1784730828.739716,628949.390000,controller,LHR-65847686,1,200,-0.571653,1.298920,-2.970559,0.922992,0.271484,-0.237078,-0.134817,-0.0543,-0.0526,-0.0456,0
1784730828.745216,628949.390000,controller,LHR-65847686,1,200,-0.571985,1.298621,-2.970860,0.923289,0.271276,-0.236483,-0.134246,-0.0571,-0.0511,-0.0454,0
1784730828.760715,628949.406000,controller,LHR-65847686,1,200,-0.573067,1.297921,-2.971449,0.924183,0.271096,-0.234793,-0.131396,-0.0650,-0.0508,-0.0447,0
1784730828.770215,628949.421000,controller,LHR-65847686,1,200,-0.573738,1.297406,-2.971917,0.924858,0.270844,-0.233716,-0.129064,-0.0677,-0.0524,-0.0456,0
1784730828.774715,628949.421000,controller,LHR-65847686,1,200,-0.574032,1.297179,-2.972113,0.925179,0.270699,-0.233232,-0.127938,-0.0687,-0.0530,-0.0457,0
1784730828.789214,628949.437000,controller,LHR-65847686,1,200,-0.574999,1.296495,-2.972836,0.926232,0.269890,-0.231741,-0.124696,-0.0685,-0.0537,-0.0458,0
1784730828.797715,628949.437000,controller,LHR-65847686,1,200,-0.575597,1.296135,-2.973162,0.926751,0.269381,-0.230937,-0.123427,-0.0678,-0.0555,-0.0451,0
1784730828.816215,628949.468000,controller,LHR-65847686,1,200,-0.577021,1.295126,-2.973768,0.927775,0.268788,-0.228960,-0.120678,-0.0736,-0.0604,-0.0395,0
1784730828.816215,628949.468000,controller,LHR-65847686,1,200,-0.577036,1.295114,-2.973777,0.927786,0.268784,-0.228937,-0.120649,-0.0736,-0.0604,-0.0395,0
1784730828.826717,628949.468000,controller,LHR-65847686,1,200,-0.577836,1.294490,-2.974177,0.928306,0.268843,-0.227558,-0.119121,-0.0776,-0.0621,-0.0393,0
1784730828.847216,628949.500000,controller,LHR-65847686,1,200,-0.579682,1.293137,-2.974926,0.929395,0.269416,-0.224327,-0.115402,-0.0886,-0.0702,-0.0409,0
1784730828.847216,628949.500000,controller,LHR-65847686,1,200,-0.579701,1.293123,-2.974935,0.929407,0.269421,-0.224292,-0.115363,-0.0886,-0.0702,-0.0409,0
1784730828.857714,628949.500000,controller,LHR-65847686,1,200,-0.580696,1.292326,-2.975389,0.930069,0.269544,-0.222697,-0.112795,-0.0975,-0.0812,-0.0463,0
1784730828.878217,628949.531000,controller,LHR-65847686,1,200,-0.582967,1.290372,-2.976522,0.932146,0.268075,-0.218853,-0.106502,-0.1105,-0.1041,-0.0620,0
1784730828.878217,628949.531000,controller,LHR-65847686,1,200,-0.582984,1.290356,-2.976532,0.932164,0.268058,-0.218822,-0.106452,-0.1105,-0.1041,-0.0620,0
1784730828.888715,628949.531000,controller,LHR-65847686,1,200,-0.584183,1.289144,-2.977291,0.933702,0.265966,-0.216193,-0.103552,-0.1156,-0.1162,-0.0730,0
1784730828.909216,628949.562000,controller,LHR-65847686,1,200,-0.586808,1.286801,-2.978813,0.936906,0.261385,-0.210192,-0.098509,-0.1282,-0.1288,-0.0869,0
1784730828.909216,628949.562000,controller,LHR-65847686,1,200,-0.586847,1.286762,-2.978839,0.936958,0.261303,-0.210094,-0.098437,-0.1282,-0.1288,-0.0869,0
1784730828.919715,628949.562000,controller,LHR-65847686,1,200,-0.588207,1.285424,-2.979730,0.938721,0.258687,-0.206628,-0.095863,-0.1333,-0.1323,-0.0877,0
1784730828.940214,628949.593000,controller,LHR-65847686,1,200,-0.591300,1.282696,-2.981325,0.941680,0.255354,-0.200193,-0.089198,-0.1622,-0.1424,-0.0818,0
1784730828.940214,628949.593000,controller,LHR-65847686,1,200,-0.591330,1.282670,-2.981340,0.941705,0.255330,-0.200136,-0.089131,-0.1622,-0.1424,-0.0818,0
1784730828.950714,628949.593000,controller,LHR-65847686,1,200,-0.593202,1.281059,-2.982170,0.943086,0.254048,-0.196771,-0.085616,-0.1736,-0.1502,-0.0828,0
1784730828.971215,628949.625000,controller,LHR-65847686,1,200,-0.596955,1.277833,-2.983968,0.945993,0.250812,-0.188925,-0.080605,-0.1910,-0.1720,-0.0958,0
1784730828.971215,628949.625000,controller,LHR-65847686,1,200,-0.597004,1.277767,-2.984019,0.946091,0.250550,-0.188721,-0.080749,-0.1934,-0.1765,-0.1004,0
1784730828.981714,628949.625000,controller,LHR-65847686,1,200,-0.598921,1.275954,-2.985087,0.948022,0.247244,-0.183909,-0.079389,-0.1983,-0.1816,-0.1100,0
1784730829.002216,628949.656000,controller,LHR-65847686,1,200,-0.603324,1.272074,-2.987724,0.952634,0.237750,-0.173780,-0.075919,-0.2186,-0.1928,-0.1310,0
1784730829.002216,628949.656000,controller,LHR-65847686,1,200,-0.603383,1.272022,-2.987759,0.952696,0.237616,-0.173647,-0.075862,-0.2186,-0.1928,-0.1310,0
1784730829.012714,628949.656000,controller,LHR-65847686,1,200,-0.605769,1.270279,-2.989073,0.954907,0.233234,-0.168806,-0.072522,-0.2368,-0.1874,-0.1291,0
1784730829.033215,628949.671000,controller,LHR-65847686,1,200,-0.611125,1.266538,-2.991734,0.959031,0.225978,-0.158244,-0.064441,-0.2729,-0.1799,-0.1280,0
1784730829.048714,628949.687000,controller,LHR-65847686,1,200,-0.615571,1.263716,-2.993703,0.962019,0.221293,-0.148204,-0.059878,-0.2937,-0.1871,-0.1314,0
1784730829.058214,628949.703000,controller,LHR-65847686,1,200,-0.618376,1.261852,-2.994982,0.963933,0.217969,-0.140779,-0.059194,-0.2948,-0.1906,-0.1328,0
1784730829.061715,628949.703000,controller,LHR-65847686,1,200,-0.619402,1.261157,-2.995471,0.964675,0.216445,-0.137797,-0.059712,-0.2940,-0.1918,-0.1348,0
1784730829.075214,628949.718000,controller,LHR-65847686,1,200,-0.623191,1.258666,-2.997450,0.967350,0.209974,-0.127286,-0.062795,-0.2797,-0.1943,-0.1431,0
1784730829.083714,628949.734000,controller,LHR-65847686,1,200,-0.625682,1.256814,-2.998792,0.969001,0.205026,-0.121027,-0.065980,-0.2665,-0.1974,-0.1432,0
1784730829.086215,628949.734000,controller,LHR-65847686,1,200,-0.626276,1.256319,-2.999141,0.969428,0.203578,-0.119456,-0.067043,-0.2579,-0.1968,-0.1416,0
1784730829.098714,628949.750000,controller,LHR-65847686,1,200,-0.629320,1.253892,-3.000655,0.971301,0.197573,-0.111768,-0.071043,-0.2338,-0.1882,-0.1313,0
1784730829.105214,628949.750000,controller,LHR-65847686,1,200,-0.630731,1.252787,-3.001434,0.972058,0.195102,-0.108441,-0.072654,-0.2210,-0.1765,-0.1242,0
1784730829.121717,628949.765000,controller,LHR-65847686,1,200,-0.634289,1.250061,-3.003514,0.973974,0.189245,-0.099262,-0.075550,-0.2072,-0.1593,-0.1186,0
1784730829.133215,628949.781000,controller,LHR-65847686,1,200,-0.636717,1.248323,-3.004820,0.975319,0.185196,-0.092904,-0.076319,-0.2058,-0.1503,-0.1165,0
1784730829.138714,628949.781000,controller,LHR-65847686,1,200,-0.637849,1.247498,-3.005519,0.976008,0.182837,-0.090190,-0.076452,-0.2041,-0.1554,-0.1192,0
1784730829.154215,628949.796000,controller,LHR-65847686,1,200,-0.640830,1.244920,-3.007421,0.978080,0.175353,-0.082987,-0.075660,-0.1876,-0.1752,-0.1194,0
1784730829.164715,628949.812000,controller,LHR-65847686,1,200,-0.642672,1.242979,-3.008693,0.979377,0.169641,-0.078587,-0.076592,-0.1657,-0.1817,-0.1159,0
1784730829.169215,628949.812000,controller,LHR-65847686,1,200,-0.643375,1.242136,-3.009217,0.979898,0.167092,-0.076843,-0.077305,-0.1590,-0.1843,-0.1157,0
1784730829.183717,628949.828000,controller,LHR-65847686,1,200,-0.645415,1.241085,-3.010149,0.981055,0.163951,-0.074340,-0.071582,-0.1371,-0.0729,-0.0560,0
1784730829.192215,628949.843000,controller,LHR-65847686,1,200,-0.646314,1.241319,-3.010442,0.981314,0.165127,-0.074353,-0.065016,-0.1054,0.0238,-0.0358,0
1784730829.195715,628949.843000,controller,LHR-65847686,1,200,-0.646687,1.241403,-3.010569,0.981415,0.165489,-0.074366,-0.062506,-0.1054,0.0238,-0.0358,0
1784730829.209217,628949.859000,controller,LHR-65847686,1,200,-0.648077,1.241391,-3.011595,0.981669,0.165913,-0.072397,-0.059646,-0.0862,0.0197,-0.0604,0
1784730829.216715,628949.859000,controller,LHR-65847686,1,200,-0.648734,1.241460,-3.012031,0.981640,0.166755,-0.070914,-0.059556,-0.0880,0.0057,-0.0581,0
1784730829.234214,628949.875000,controller,LHR-65847686,1,200,-0.650313,1.241130,-3.012987,0.981545,0.168342,-0.067910,-0.060154,-0.0850,-0.0247,-0.0524,0
1784730829.245716,628949.890000,controller,LHR-65847686,1,200,-0.651396,1.240666,-3.013716,0.981571,0.168438,-0.066434,-0.061111,-0.0831,-0.0340,-0.0588,0
1784730829.252217,628949.906000,controller,LHR-65847686,1,200,-0.651980,1.240625,-3.014191,0.981645,0.168612,-0.065884,-0.060015,-0.0846,-0.0237,-0.0651,0
1784730829.252717,628949.906000,controller,LHR-65847686,1,200,-0.652038,1.240600,-3.014233,0.981640,0.168713,-0.065836,-0.059866,-0.0850,-0.0249,-0.0650,0
1784730829.263214,628949.906000,controller,LHR-65847686,1,200,-0.653101,1.240365,-3.015005,0.981805,0.169040,-0.065165,-0.056898,-0.0889,-0.0174,-0.0692,0
1784730829.283715,628949.937000,controller,LHR-65847686,1,200,-0.654947,1.239969,-3.016535,0.982480,0.168311,-0.063366,-0.048877,-0.0972,-0.0193,-0.0703,0
1784730829.283715,628949.937000,controller,LHR-65847686,1,200,-0.654965,1.239966,-3.016548,0.982487,0.168301,-0.063349,-0.048794,-0.0972,-0.0193,-0.0703,0
1784730829.294216,628949.937000,controller,LHR-65847686,1,200,-0.655941,1.239720,-3.017303,0.982904,0.167500,-0.062441,-0.044096,-0.1005,-0.0197,-0.0696,0
1784730829.314715,628949.968000,controller,LHR-65847686,1,200,-0.658408,1.239029,-3.018774,0.983807,0.165495,-0.060382,-0.033015,-0.1181,-0.0271,-0.0642,0
1784730829.314715,628949.968000,controller,LHR-65847686,1,200,-0.658430,1.239024,-3.018785,0.983814,0.165479,-0.060363,-0.032916,-0.1181,-0.0271,-0.0642,0
1784730829.325214,628949.968000,controller,LHR-65847686,1,200,-0.659729,1.238777,-3.019407,0.984247,0.164455,-0.059014,-0.027007,-0.1291,-0.0302,-0.0607,0
1784730829.345716,628949.984000,controller,LHR-65847686,1,200,-0.662859,1.237758,-3.020774,0.985253,0.161319,-0.055605,-0.012651,-0.1541,-0.0543,-0.0591,0
1784730829.360216,628950.000000,controller,LHR-65847686,1,200,-0.665369,1.236970,-3.021617,0.985866,0.158843,-0.053246,0.001043,-0.1687,-0.0612,-0.0537,0
1784730829.368716,628950.015000,controller,LHR-65847686,1,200,-0.666841,1.236491,-3.022084,0.986138,0.157217,-0.052026,0.010382,-0.1711,-0.0611,-0.0515,0
1784730829.372215,628950.015000,controller,LHR-65847686,1,200,-0.667414,1.236285,-3.022256,0.986223,0.156516,-0.051581,0.014387,-0.1680,-0.0596,-0.0501,0
1784730829.385714,628950.031000,controller,LHR-65847686,1,200,-0.669654,1.235415,-3.022946,0.986414,0.153605,-0.050049,0.029811,-0.1525,-0.0623,-0.0456,0
1784730829.393216,628950.046000,controller,LHR-65847686,1,200,-0.670674,1.235038,-3.023214,0.986353,0.152485,-0.049531,0.037446,-0.1345,-0.0525,-0.0374,0
1784730829.395714,628950.046000,controller,LHR-65847686,1,200,-0.670969,1.234932,-3.023292,0.986319,0.152149,-0.049389,0.039837,-0.1247,-0.0473,-0.0337,0
1784730829.408215,628950.046000,controller,LHR-65847686,1,200,-0.672639,1.234509,-3.023727,0.986097,0.150423,-0.048632,0.051187,-0.1058,-0.0361,-0.0270,0
1784730829.430716,628950.078000,controller,LHR-65847686,1,200,-0.674854,1.233956,-3.024306,0.985427,0.148796,-0.047672,0.067228,-0.0813,-0.0209,-0.0186,0
1784730829.431215,628950.078000,controller,LHR-65847686,1,200,-0.674892,1.233946,-3.024315,0.985412,0.148768,-0.047650,0.067533,-0.0813,-0.0209,-0.0186,0
1784730829.441714,628950.093000,controller,LHR-65847686,1,200,-0.675715,1.233728,-3.024445,0.985067,0.148253,-0.047152,0.073759,-0.0720,-0.0174,-0.0105,0
1784730829.447215,628950.093000,controller,LHR-65847686,1,200,-0.676043,1.233641,-3.024500,0.984894,0.148005,-0.047007,0.076613,-0.0609,-0.0150,-0.0086,0
1784730829.462715,628950.109000,controller,LHR-65847686,1,200,-0.676908,1.233680,-3.024611,0.984396,0.147909,-0.046840,0.083033,-0.0457,-0.0060,-0.0039,0
1784730829.472214,628950.125000,controller,LHR-65847686,1,200,-0.677242,1.233687,-3.024578,0.984208,0.147605,-0.046735,0.085812,-0.0332,0.0061,0.0000,0
1784730829.475718,628950.125000,controller,LHR-65847686,1,200,-0.677361,1.233709,-3.024578,0.984134,0.147499,-0.046695,0.086860,-0.0332,0.0061,0.0000,0
1784730829.489216,628950.140000,controller,LHR-65847686,1,200,-0.678136,1.233580,-3.024685,0.983762,0.147318,-0.046281,0.091477,-0.0448,0.0020,-0.0001,0
1784730829.497714,628950.140000,controller,LHR-65847686,1,200,-0.678537,1.233500,-3.024729,0.983514,0.146902,-0.046109,0.094832,-0.0474,-0.0083,-0.0044,0
1784730829.516215,628950.156000,controller,LHR-65847686,1,200,-0.679538,1.233408,-3.024821,0.982792,0.146542,-0.045614,0.102785,-0.0546,-0.0039,-0.0032,0
1784730829.528716,628950.171000,controller,LHR-65847686,1,200,-0.680727,1.232911,-3.025172,0.982294,0.146050,-0.044888,0.108410,-0.0573,-0.0080,-0.0060,0
1784730829.536215,628950.187000,controller,LHR-65847686,1,200,-0.680658,1.233105,-3.024983,0.982013,0.145918,-0.044647,0.111197,-0.0430,-0.0042,-0.0020,0
1784730829.537714,628950.187000,controller,LHR-65847686,1,200,-0.680723,1.233099,-3.024986,0.981951,0.145899,-0.044604,0.111789,-0.0430,-0.0042,-0.0020,0
1784730829.549214,628950.203000,controller,LHR-65847686,1,200,-0.680930,1.233123,-3.024973,0.981743,0.145784,-0.044353,0.113840,-0.0076,-0.0002,0.0014,0
1784730829.554714,628950.203000,controller,LHR-65847686,1,200,-0.680829,1.233150,-3.024948,0.981801,0.145792,-0.044301,0.113349,0.0114,0.0031,0.0038,0
1784730829.570215,628950.218000,controller,LHR-65847686,1,200,-0.679454,1.233459,-3.024755,0.982748,0.146119,-0.044486,0.104289,0.0948,0.0097,0.0087,0
1784730829.580714,628950.234000,controller,LHR-65847686,1,200,-0.678160,1.233610,-3.024606,0.983674,0.146689,-0.045290,0.093893,0.1302,0.0134,0.0162,0
1784730829.585215,628950.234000,controller,LHR-65847686,1,200,-0.677538,1.233691,-3.024529,0.984081,0.146967,-0.045668,0.088881,0.1361,0.0169,0.0168,0
1784730829.599714,628950.250000,controller,LHR-65847686,1,200,-0.675690,1.234036,-3.024248,0.985195,0.147868,-0.046584,0.073179,0.1373,0.0191,0.0182,0
1784730829.608216,628950.250000,controller,LHR-65847686,1,200,-0.674738,1.234098,-3.024242,0.985714,0.148393,-0.047187,0.064187,0.1300,0.0162,0.0160,0
1784730829.626715,628950.265000,controller,LHR-65847686,1,200,-0.672709,1.234381,-3.023976,0.986458,0.149638,-0.048254,0.046694,0.1027,0.0188,0.0151,0
1784730829.640214,628950.281000,controller,LHR-65847686,1,200,-0.671367,1.234633,-3.023975,0.986697,0.150639,-0.049343,0.036082,0.0831,0.0092,0.0088,0
1784730829.647715,628950.296000,controller,LHR-65847686,1,200,-0.670801,1.234702,-3.023914,0.986793,0.150983,-0.049641,0.031308,0.0765,0.0095,0.0082,0
1784730829.650214,628950.296000,controller,LHR-65847686,1,200,-0.670612,1.234676,-3.023870,0.986792,0.151247,-0.049843,0.029680,0.0708,0.0092,0.0084,0
1784730829.662716,628950.312000,controller,LHR-65847686,1,200,-0.669888,1.234691,-3.023776,0.986866,0.151716,-0.050130,0.023747,0.0537,0.0059,0.0067,0
1784730829.669215,628950.312000,controller,LHR-65847686,1,200,-0.669606,1.234664,-3.023710,0.986894,0.151860,-0.050224,0.021373,0.0425,0.0026,0.0054,0
1784730829.685714,628950.328000,controller,LHR-65847686,1,200,-0.669194,1.234627,-3.023654,0.986909,0.152127,-0.050420,0.018058,0.0186,0.0007,0.0029,0
1784730829.696214,628950.343000,controller,LHR-65847686,1,200,-0.669076,1.234519,-3.023694,0.986919,0.152149,-0.050378,0.017407,0.0073,-0.0026,0.0003,0
1784730829.701717,628950.343000,controller,LHR-65847686,1,200,-0.669148,1.234456,-3.023721,0.986916,0.152106,-0.050396,0.017926,-0.0046,-0.0048,-0.0017,0
1784730829.717215,628950.359000,controller,LHR-65847686,1,200,-0.669499,1.234381,-3.023755,0.986900,0.151933,-0.050170,0.020662,-0.0258,-0.0066,-0.0042,0
1784730829.726716,628950.375000,controller,LHR-65847686,1,200,-0.669830,1.234310,-3.023803,0.986872,0.151742,-0.050002,0.023631,-0.0345,-0.0073,-0.0050,0
1784730829.730214,628950.375000,controller,LHR-65847686,1,200,-0.669979,1.234319,-3.023800,0.986877,0.151604,-0.049782,0.024718,-0.0386,-0.0072,-0.0051,0
1784730829.743715,628950.390000,controller,LHR-65847686,1,200,-0.670454,1.234252,-3.023799,0.986798,0.151161,-0.049445,0.030582,-0.0478,-0.0092,-0.0057,0
1784730829.752214,628950.406000,controller,LHR-65847686,1,200,-0.671014,1.234315,-3.023831,0.986709,0.150852,-0.049070,0.035224,-0.0601,-0.0088,-0.0070,0
1784730829.754714,628950.406000,controller,LHR-65847686,1,200,-0.671162,1.234293,-3.023849,0.986679,0.150751,-0.048995,0.036579,-0.0601,-0.0088,-0.0070,0
1784730829.767215,628950.406000,controller,LHR-65847686,1,200,-0.672322,1.234071,-3.024090,0.986453,0.150191,-0.048545,0.044682,-0.0752,-0.0115,-0.0101,0
1784730829.789715,628950.437000,controller,LHR-65847686,1,200,-0.674520,1.233908,-3.024380,0.985737,0.148947,-0.047593,0.062232,-0.0981,-0.0132,-0.0122,0
1784730829.791215,628950.437000,controller,LHR-65847686,1,200,-0.674668,1.233888,-3.024399,0.985672,0.148859,-0.047520,0.063511,-0.0981,-0.0132,-0.0122,0
1784730829.802714,628950.453000,controller,LHR-65847686,1,200,-0.675846,1.233800,-3.024516,0.985063,0.148260,-0.046858,0.073988,-0.1053,-0.0132,-0.0121,0
1784730829.808214,628950.453000,controller,LHR-65847686,1,200,-0.676482,1.233729,-3.024562,0.984715,0.147928,-0.046583,0.079276,-0.1099,-0.0154,-0.0123,0
1784730829.823714,628950.468000,controller,LHR-65847686,1,200,-0.678322,1.233539,-3.024779,0.983493,0.147064,-0.045599,0.095047,-0.1185,-0.0161,-0.0126,0
1784730829.834216,628950.484000,controller,LHR-65847686,1,200,-0.679643,1.233403,-3.024835,0.982471,0.146524,-0.044933,0.106128,-0.1214,-0.0141,-0.0102,0
1784730829.838715,628950.484000,controller,LHR-65847686,1,200,-0.680366,1.233465,-3.024949,0.981974,0.146578,-0.044551,0.110711,-0.1245,-0.0117,-0.0111,0
1784730829.853215,628950.500000,controller,LHR-65847686,1,200,-0.682194,1.233141,-3.025004,0.980246,0.145925,-0.043644,0.126169,-0.1235,-0.0170,-0.0087,0
1784730829.861715,628950.515000,controller,LHR-65847686,1,200,-0.683319,1.232956,-3.025109,0.979099,0.145521,-0.043067,0.135405,-0.1248,-0.0193,-0.0091,0
1784730829.865216,628950.515000,controller,LHR-65847686,1,200,-0.683759,1.232883,-3.025141,0.978593,0.145361,-0.042830,0.139251,-0.1249,-0.0203,-0.0091,0
1784730829.878716,628950.531000,controller,LHR-65847686,1,200,-0.685451,1.232569,-3.025261,0.976466,0.144761,-0.041925,0.154274,-0.1255,-0.0239,-0.0088,0
1784730829.886215,628950.531000,controller,LHR-65847686,1,200,-0.686403,1.232412,-3.025309,0.975134,0.144551,-0.041458,0.162787,-0.1244,-0.0211,-0.0066,0
1784730829.903716,628950.546000,controller,LHR-65847686,1,200,-0.688928,1.231919,-3.025544,0.971947,0.144164,-0.040570,0.181356,-0.1210,-0.0227,-0.0060,0
1784730829.916217,628950.562000,controller,LHR-65847686,1,200,-0.703074,1.252361,-2.999141,0.984462,0.096037,0.015648,0.146175,-0.1867,0.1819,0.2410,0
1784730829.922715,628950.562000,controller,LHR-65847686,1,200,-0.704268,1.253528,-2.997611,0.983440,0.096163,0.016484,0.152730,-0.1800,0.1824,0.2364,0
1784730829.939216,628950.578000,controller,LHR-65847686,1,200,-0.700227,1.247644,-3.012280,0.981496,0.097369,0.023095,0.163253,-0.0541,0.0962,-0.0023,0
1784730829.949715,628950.593000,controller,LHR-65847686,1,200,-0.694825,1.240914,-3.022488,0.980376,0.095429,0.025676,0.170577,0.0592,0.0102,-0.1665,0
1784730829.955215,628950.593000,controller,LHR-65847686,1,200,-0.694447,1.240973,-3.023435,0.979509,0.095631,0.026258,0.175293,0.0660,0.0102,-0.1707,0
1784730829.970715,628950.609000,controller,LHR-65847686,1,200,-0.695236,1.238750,-3.027293,0.976980,0.095891,0.028226,0.188465,0.0704,-0.0165,-0.1962,0
1784730829.980215,628950.625000,controller,LHR-65847686,1,200,-0.696729,1.233826,-3.030909,0.974965,0.097657,0.025137,0.198180,0.0619,-0.0686,-0.2193,0
1784730829.983714,628950.625000,controller,LHR-65847686,1,200,-0.696514,1.233587,-3.031671,0.974451,0.097762,0.025425,0.200603,0.0619,-0.0686,-0.2193,0
1784730829.997215,628950.640000,controller,LHR-65847686,1,200,-0.699784,1.230557,-3.030177,0.972186,0.100544,0.023852,0.210182,0.0265,-0.0879,-0.1564,0
1784730830.005715,628950.656000,controller,LHR-65847686,1,200,-0.699425,1.229810,-3.031571,0.971263,0.100786,0.024299,0.214241,0.0428,-0.0887,-0.1651,0
1784730830.008215,628950.656000,controller,LHR-65847686,1,200,-0.699278,1.229590,-3.032003,0.971041,0.100846,0.024408,0.215208,0.0513,-0.0889,-0.1696,0
1784730830.020715,628950.671000,controller,LHR-65847686,1,200,-0.702799,1.228533,-3.028909,0.969340,0.103863,0.023389,0.221462,0.0111,-0.0855,-0.1028,0
1784730830.028214,628950.671000,controller,LHR-65847686,1,200,-0.702605,1.227897,-3.029728,0.968939,0.103954,0.023570,0.223149,0.0276,-0.0858,-0.1108,0
1784730830.045716,628950.687000,controller,LHR-65847686,1,200,-0.703855,1.228273,-3.028604,0.968317,0.105550,0.022900,0.225158,0.0401,-0.0626,-0.0850,0
1784730830.057216,628950.703000,controller,LHR-65847686,1,200,-0.704864,1.229428,-3.026817,0.968316,0.106526,0.021793,0.224814,0.0350,-0.0386,-0.0548,0
1784730830.062715,628950.703000,controller,LHR-65847686,1,200,-0.704622,1.229221,-3.027141,0.968640,0.106439,0.021659,0.223468,0.0419,-0.0382,-0.0582,0
1784730830.078213,628950.718000,controller,LHR-65847686,1,200,-0.704222,1.229432,-3.026228,0.969550,0.107215,0.020221,0.219248,0.0578,-0.0294,-0.0440,0
1784730830.088714,628950.734000,controller,LHR-65847686,1,200,-0.703456,1.229143,-3.026776,0.970643,0.106957,0.019737,0.214527,0.0745,-0.0281,-0.0539,0
1784730830.093214,628950.734000,controller,LHR-65847686,1,200,-0.703452,1.229533,-3.026595,0.970786,0.108334,0.019330,0.213223,0.0737,-0.0215,-0.0504,0
1784730830.107714,628950.750000,controller,LHR-65847686,1,200,-0.702042,1.229738,-3.027328,0.972410,0.107898,0.018513,0.205997,0.0905,-0.0142,-0.0623,0
1784730830.116214,628950.765000,controller,LHR-65847686,1,200,-0.702086,1.230286,-3.026650,0.973168,0.108561,0.016841,0.202174,0.0861,-0.0065,-0.0485,0
1784730830.119715,628950.765000,controller,LHR-65847686,1,200,-0.701501,1.230650,-3.026690,0.973553,0.108429,0.016584,0.200406,0.0919,-0.0019,-0.0506,0
1784730830.133214,628950.781000,controller,LHR-65847686,1,200,-0.700708,1.230227,-3.026499,0.974998,0.108785,0.014450,0.193223,0.0937,-0.0070,-0.0414,0
1784730830.140714,628950.781000,controller,LHR-65847686,1,200,-0.699469,1.231002,-3.026634,0.975845,0.108595,0.013961,0.189048,0.1049,0.0033,-0.0459,0
1784730830.158216,628950.796000,controller,LHR-65847686,1,200,-0.697951,1.231314,-3.026929,0.977604,0.109390,0.011743,0.179405,0.1078,0.0071,-0.0464,0
1784730830.170716,628950.812000,controller,LHR-65847686,1,200,-0.696543,1.231390,-3.027600,0.979007,0.109172,0.010925,0.171777,0.1137,0.0061,-0.0550,0
1784730830.177215,628950.828000,controller,LHR-65847686,1,200,-0.696727,1.231544,-3.026784,0.979317,0.110549,0.009103,0.169215,0.1035,0.0076,-0.0414,0
1784730830.177714,628950.828000,controller,LHR-65847686,1,200,-0.696676,1.231548,-3.026805,0.979370,0.110541,0.009069,0.168916,0.1035,0.0076,-0.0414,0
1784730830.188215,628950.828000,controller,LHR-65847686,1,200,-0.695550,1.231616,-3.027306,0.980460,0.110359,0.008390,0.162632,0.1079,0.0066,-0.0495,0
1784730830.208715,628950.859000,controller,LHR-65847686,1,200,-0.694359,1.231986,-3.027269,0.982236,0.110460,0.006913,0.151538,0.0992,0.0074,-0.0463,0
1784730830.208715,628950.859000,controller,LHR-65847686,1,200,-0.694338,1.231987,-3.027279,0.982254,0.110456,0.006902,0.151421,0.0992,0.0074,-0.0463,0
1784730830.219216,628950.859000,controller,LHR-65847686,1,200,-0.693815,1.231999,-3.026484,0.982960,0.111295,0.006372,0.146158,0.0938,0.0048,-0.0329,0
1784730830.239715,628950.890000,controller,LHR-65847686,1,200,-0.692402,1.232328,-3.026173,0.984247,0.112088,0.005256,0.136622,0.0888,0.0055,-0.0311,0
1784730830.239715,628950.890000,controller,LHR-65847686,1,200,-0.692388,1.232329,-3.026177,0.984257,0.112086,0.005246,0.136553,0.0888,0.0055,-0.0311,0
1784730830.250214,628950.890000,controller,LHR-65847686,1,200,-0.691822,1.232630,-3.025739,0.984834,0.112432,0.004619,0.132060,0.0827,0.0071,-0.0230,0
1784730830.270715,628950.921000,controller,LHR-65847686,1,200,-0.690170,1.232809,-3.026401,0.985859,0.112233,0.003833,0.124382,0.0814,0.0055,-0.0354,0
1784730830.270715,628950.921000,controller,LHR-65847686,1,200,-0.690150,1.232811,-3.026410,0.985871,0.112231,0.003823,0.124291,0.0814,0.0055,-0.0354,0
1784730830.281215,628950.921000,controller,LHR-65847686,1,200,-0.690343,1.232469,-3.026435,0.986131,0.112764,0.003548,0.121730,0.0657,0.0004,-0.0357,0
1784730830.301718,628950.953000,controller,LHR-65847686,1,200,-0.689547,1.232652,-3.026434,0.986538,0.113318,0.003098,0.117869,0.0518,-0.0004,-0.0352,0
1784730830.301718,628950.953000,controller,LHR-65847686,1,200,-0.689537,1.232651,-3.026441,0.986541,0.113318,0.003093,0.117836,0.0518,-0.0004,-0.0352,0
1784730830.312215,628950.953000,controller,LHR-65847686,1,200,-0.689834,1.232501,-3.025996,0.986455,0.114403,0.002947,0.117518,0.0351,-0.0040,-0.0275,0
1784730830.332714,628950.984000,controller,LHR-65847686,1,200,-0.689681,1.232436,-3.025730,0.986266,0.115356,0.002937,0.118172,0.0191,-0.0070,-0.0229,0
1784730830.332714,628950.984000,controller,LHR-65847686,1,200,-0.689678,1.232435,-3.025733,0.986264,0.115356,0.002940,0.118182,0.0191,-0.0070,-0.0229,0
1784730830.343216,628950.984000,controller,LHR-65847686,1,200,-0.689955,1.232193,-3.026264,0.986090,0.115238,0.002813,0.119749,0.0109,-0.0090,-0.0302,0
1784730830.363715,628951.015000,controller,LHR-65847686,1,200,-0.690809,1.231777,-3.026268,0.985458,0.115767,0.003115,0.124339,-0.0056,-0.0136,-0.0286,0
1784730830.363715,628951.015000,controller,LHR-65847686,1,200,-0.690810,1.231771,-3.026281,0.985444,0.115762,0.003127,0.124455,-0.0051,-0.0141,-0.0307,0
1784730830.374214,628951.015000,controller,LHR-65847686,1,200,-0.691209,1.231915,-3.025901,0.985020,0.116444,0.003239,0.127145,-0.0104,-0.0110,-0.0231,0
1784730830.394715,628951.046000,controller,LHR-65847686,1,200,-0.691318,1.231849,-3.026505,0.984240,0.116418,0.003596,0.133059,-0.0055,-0.0110,-0.0333,0
1784730830.394715,628951.046000,controller,LHR-65847686,1,200,-0.691319,1.231847,-3.026512,0.984233,0.116418,0.003601,0.133117,-0.0055,-0.0110,-0.0333,0
1784730830.405215,628951.046000,controller,LHR-65847686,1,200,-0.692036,1.232133,-3.025599,0.983650,0.117217,0.003623,0.136672,-0.0138,-0.0074,-0.0195,0
1784730830.425718,628951.078000,controller,LHR-65847686,1,200,-0.692617,1.231736,-3.026335,0.982734,0.117200,0.004225,0.143109,-0.0112,-0.0107,-0.0317,0
1784730830.425718,628951.078000,controller,LHR-65847686,1,200,-0.692619,1.231734,-3.026341,0.982725,0.117201,0.004234,0.143171,-0.0112,-0.0107,-0.0317,0
1784730830.436217,628951.078000,controller,LHR-65847686,1,200,-0.693066,1.231720,-3.025802,0.982137,0.117958,0.004453,0.146535,-0.0118,-0.0109,-0.0248,0
1784730830.456715,628951.109000,controller,LHR-65847686,1,200,-0.693529,1.231598,-3.025742,0.981056,0.118355,0.004872,0.153291,-0.0081,-0.0108,-0.0237,0
1784730830.456715,628951.109000,controller,LHR-65847686,1,200,-0.693532,1.231594,-3.025749,0.981041,0.118356,0.004883,0.153382,-0.0081,-0.0108,-0.0237,0
1784730830.467215,628951.109000,controller,LHR-65847686,1,200,-0.693867,1.231477,-3.026155,0.980506,0.118343,0.005095,0.156769,-0.0084,-0.0103,-0.0290,0
1784730830.487715,628951.140000,controller,LHR-65847686,1,200,-0.694947,1.231395,-3.025502,0.979302,0.119592,0.005526,0.163200,-0.0110,-0.0103,-0.0197,0
1784730830.487715,628951.140000,controller,LHR-65847686,1,200,-0.694949,1.231393,-3.025506,0.979294,0.119593,0.005532,0.163251,-0.0110,-0.0103,-0.0197,0
1784730830.498215,628951.140000,controller,LHR-65847686,1,200,-0.695020,1.231293,-3.025737,0.978832,0.119639,0.005785,0.165954,-0.0061,-0.0097,-0.0231,0
1784730830.518715,628951.171000,controller,LHR-65847686,1,200,-0.695399,1.231452,-3.025730,0.977876,0.120093,0.006025,0.171170,0.0026,-0.0064,-0.0250,0
1784730830.518715,628951.171000,controller,LHR-65847686,1,200,-0.695399,1.231451,-3.025735,0.977869,0.120093,0.006030,0.171214,0.0026,-0.0064,-0.0250,0
1784730830.529217,628951.171000,controller,LHR-65847686,1,200,-0.696098,1.231458,-3.025463,0.977399,0.120664,0.005763,0.173489,-0.0040,-0.0057,-0.0186,0
1784730830.549715,628951.203000,controller,LHR-65847686,1,200,-0.696906,1.231245,-3.025725,0.976705,0.120691,0.005379,0.177345,-0.0029,-0.0061,-0.0209,0
1784730830.549715,628951.203000,controller,LHR-65847686,1,200,-0.696906,1.231244,-3.025728,0.976701,0.120691,0.005382,0.177366,-0.0029,-0.0061,-0.0209,0
1784730830.560214,628951.203000,controller,LHR-65847686,1,200,-0.697067,1.231109,-3.026087,0.976432,0.120644,0.005318,0.178877,0.0023,-0.0071,-0.0271,0
1784730830.580715,628951.234000,controller,LHR-65847686,1,200,-0.697506,1.230858,-3.025989,0.976000,0.121110,0.005057,0.180918,0.0066,-0.0086,-0.0242,0
1784730830.580715,628951.234000,controller,LHR-65847686,1,200,-0.697505,1.230857,-3.025992,0.975998,0.121110,0.005060,0.180926,0.0066,-0.0086,-0.0242,0
1784730830.591216,628951.234000,controller,LHR-65847686,1,200,-0.697718,1.230905,-3.025571,0.975819,0.121672,0.004939,0.181519,0.0088,-0.0072,-0.0175,0
1784730830.611715,628951.265000,controller,LHR-65847686,1,200,-0.697303,1.230726,-3.025723,0.975763,0.121743,0.004483,0.181781,0.0216,-0.0083,-0.0205,0
1784730830.611715,628951.265000,controller,LHR-65847686,1,200,-0.697299,1.230725,-3.025727,0.975764,0.121742,0.004485,0.181776,0.0216,-0.0083,-0.0205,0
1784730830.622217,628951.265000,controller,LHR-65847686,1,200,-0.697046,1.230689,-3.025976,0.975808,0.121706,0.004295,0.181571,0.0263,-0.0072,-0.0237,0
1784730830.642718,628951.281000,controller,LHR-65847686,1,200,-0.696869,1.231023,-3.026022,0.975961,0.121939,0.003755,0.180600,0.0290,-0.0022,-0.0240,0
1784730830.657215,628951.296000,controller,LHR-65847686,1,200,-0.696676,1.231016,-3.025796,0.976151,0.122206,0.003248,0.179403,0.0320,-0.0015,-0.0198,0
1784730830.666715,628951.312000,controller,LHR-65847686,1,200,-0.696456,1.230967,-3.026083,0.976301,0.122118,0.003015,0.178644,0.0337,-0.0026,-0.0241,0
1784730830.670215,628951.312000,controller,LHR-65847686,1,200,-0.696566,1.231215,-3.025799,0.976338,0.122091,0.002525,0.178470,0.0311,0.0004,-0.0191,0
1784730830.683715,628951.328000,controller,LHR-65847686,1,200,-0.696333,1.231133,-3.026239,0.976606,0.122019,0.002177,0.177052,0.0332,-0.0012,-0.0264,0
1784730830.691215,628951.343000,controller,LHR-65847686,1,200,-0.696331,1.231004,-3.025811,0.976657,0.122533,0.001713,0.176420,0.0318,-0.0033,-0.0193,0
1784730830.693714,628951.343000,controller,LHR-65847686,1,200,-0.696252,1.230995,-3.025859,0.976714,0.122525,0.001683,0.176111,0.0318,-0.0033,-0.0193,0
1784730830.706215,628951.359000,controller,LHR-65847686,1,200,-0.695654,1.231130,-3.026062,0.976982,0.122479,0.001510,0.174652,0.0365,-0.0015,-0.0227,0
1784730830.712716,628951.359000,controller,LHR-65847686,1,200,-0.695707,1.231080,-3.025570,0.976999,0.122982,0.001139,0.174205,0.0337,-0.0027,-0.0154,0
